{"Injury":{"0":"Lesi\u00f3n muscular","1":"Lesi\u00f3n muscular","2":"Lesi\u00f3n de espalda","3":"Distensi\u00f3n de muslo","4":"Rotura del ligamento externo de la rodilla"},"From":{"0":"26\/11\/2017","1":"30\/10\/2016","2":"29\/04\/2014","3":"31\/01\/2014","4":"11\/11\/2009"},"To":{"0":"21\/12\/2017","1":"05\/12\/2016","2":"15\/05\/2014","3":"16\/02\/2014","4":"10\/05\/2010"},"Teams":{"0":["Real Oviedo"],"1":["CD Tenerife"],"2":["Elche CF"],"3":["Elche CF"],"4":["RC Celta de Vigo","Espa\u00f1a Sub-21"]},"NumberOfMatches":{"0":"3","1":"5","2":"2","3":"3","4":"46"},"Player":{"0":"Aar\u00f3n \u00d1\u00edguez","1":"Aar\u00f3n \u00d1\u00edguez","2":"Aar\u00f3n \u00d1\u00edguez","3":"Aar\u00f3n \u00d1\u00edguez","4":"Aar\u00f3n \u00d1\u00edguez"}}