{"Injury":{"0":"Lesi\u00f3n desconocida","1":"Problemas de cadera","2":"Problemas de cadera","3":"Problemas de muslos","4":"Lesi\u00f3n del aductor","5":"Problemas de muslos"},"From":{"0":"27\/09\/2018","1":"21\/01\/2016","2":"11\/01\/2016","3":"14\/08\/2015","4":"13\/12\/2014","5":"12\/09\/2014"},"To":{"0":"28\/10\/2018","1":"28\/01\/2016","2":"15\/01\/2016","3":"21\/08\/2015","4":"08\/05\/2015","5":"27\/09\/2014"},"Teams":{"0":["Antalyaspor"],"1":["Olympique de Marsella"],"2":["Olympique de Marsella"],"3":["Olympique de Marsella"],"4":["Olympique de Marsella","Marruecos"],"5":["Olympique de Marsella"]},"NumberOfMatches":{"0":"5","1":"1","2":"1","3":"1","4":"20","5":"3"},"Player":{"0":"Abdelaziz Barrada","1":"Abdelaziz Barrada","2":"Abdelaziz Barrada","3":"Abdelaziz Barrada","4":"Abdelaziz Barrada","5":"Abdelaziz Barrada"}}