{"Injury":{"0":"Problemas de muslos","1":"Lesi\u00f3n de muslo","2":"Reacci\u00f3n de estr\u00e9s del hueso","3":"Lesi\u00f3n de pie","4":"Lesi\u00f3n de rodilla","5":"Rotura del ligamento cruzado"},"From":{"0":"17\/12\/2023","1":"13\/08\/2022","2":"17\/10\/2021","3":"04\/03\/2021","4":"13\/01\/2019","5":"22\/05\/2013"},"To":{"0":"12\/01\/2024","1":"03\/10\/2022","2":"28\/11\/2021","3":"07\/05\/2021","4":"08\/02\/2019","5":"30\/12\/2013"},"Teams":{"0":["Everton FC"],"1":["Everton FC","Francia U16"],"2":["Everton FC","Mal\u00ed"],"3":["Everton FC","Mal\u00ed"],"4":["Watford FC"],"5":["Stade Rennais FC","Mal\u00ed"]},"NumberOfMatches":{"0":"5","1":"9","2":"11","3":"11","4":"4","5":"71"},"Player":{"0":"Abdoulaye Doucour\u00e9","1":"Abdoulaye Doucour\u00e9","2":"Abdoulaye Doucour\u00e9","3":"Abdoulaye Doucour\u00e9","4":"Abdoulaye Doucour\u00e9","5":"Abdoulaye Doucour\u00e9"}}