{"Injury":{"0":"Lesi\u00f3n desconocida","1":"Lesi\u00f3n desconocida","2":"Lesi\u00f3n muscular","3":"Lesi\u00f3n de muslo","4":"Lesi\u00f3n del aductor","5":"Molestias en los aductores","6":"Problemas musculares","7":"Costilla fracturada","8":"Problemas musculares","9":"Problemas musculares","10":"Traumatismo","11":"Problemas musculares","12":"Lesi\u00f3n del aductor","13":"Lesi\u00f3n de pantorrilla","14":"Conmoci\u00f3n","15":"Lesi\u00f3n de muslo","16":"Problemas musculares","17":"Problemas musculares","18":"Lesi\u00f3n de rodilla","19":"Rotura del m\u00fasculo de la pantorrilla","20":"Tendonitis","21":"Problemas de muslos","22":"Problemas de pantorrillas","23":"Problemas de pantorrillas","24":"Problemas de muslos","25":"Problemas de muslos","26":"Problemas de pantorrillas","27":"Problemas musculares","28":"Lesi\u00f3n desconocida","29":"Problemas de rodilla","30":"Problemas del tend\u00f3n rotuliano","31":"Lesi\u00f3n del aductor","32":"Gripe","33":"Lesi\u00f3n del aductor","34":"Lesi\u00f3n del aductor"},"From":{"0":"26\/05\/2017","1":"20\/01\/2017","2":"31\/10\/2016","3":"29\/09\/2016","4":"17\/03\/2016","5":"10\/03\/2016","6":"22\/09\/2015","7":"18\/03\/2015","8":"17\/02\/2015","9":"03\/12\/2014","10":"29\/10\/2014","11":"07\/05\/2014","12":"16\/04\/2014","13":"29\/01\/2014","14":"06\/01\/2014","15":"15\/16","16":"12\/13","17":"09\/10","18":"23\/09\/2013","19":"18\/08\/2013","20":"08\/05\/2013","21":"25\/02\/2013","22":"17\/01\/2013","23":"30\/11\/2012","24":"21\/11\/2012","25":"07\/10\/2012","26":"09\/09\/2012","27":"09\/04\/2012","28":"21\/02\/2012","29":"29\/12\/2011","30":"09\/12\/2011","31":"19\/11\/2011","32":"11\/05\/2011","33":"15\/16","34":"12\/13"},"To":{"0":"30\/06\/2017","1":"24\/02\/2017","2":"15\/12\/2016","3":"16\/10\/2016","4":"23\/04\/2016","5":"17\/03\/2016","6":"01\/10\/2015","7":"25\/04\/2015","8":"17\/03\/2015","9":"12\/12\/2014","10":"02\/11\/2014","11":"19\/05\/2014","12":"03\/05\/2014","13":"08\/02\/2014","14":"24\/01\/2014","15":"14\/15","16":"11\/12","17":"08\/09","18":"06\/11\/2013","19":"13\/09\/2013","20":"17\/05\/2013","21":"19\/04\/2013","22":"25\/01\/2013","23":"14\/12\/2012","24":"26\/11\/2012","25":"15\/10\/2012","26":"24\/09\/2012","27":"24\/04\/2012","28":"17\/03\/2012","29":"18\/01\/2012","30":"20\/12\/2011","31":"22\/11\/2011","32":"30\/05\/2011","33":"14\/15","34":"11\/12"},"Teams":{"0":["Atalanta de B\u00e9rgamo"],"1":["Atalanta de B\u00e9rgamo"],"2":["Atalanta de B\u00e9rgamo"],"3":["Atalanta de B\u00e9rgamo"],"4":["SS Lazio"],"5":["SS Lazio"],"6":["SS Lazio"],"7":["SS Lazio"],"8":["SS Lazio"],"9":["SS Lazio"],"10":["SS Lazio"],"11":["SS Lazio"],"12":["SS Lazio"],"13":["SS Lazio"],"14":["SS Lazio"],"15":["SS Lazio"],"16":["SS Lazio"],"17":["SS Lazio"],"18":["SS Lazio"],"19":["SS Lazio"],"20":["SS Lazio"],"21":["SS Lazio"],"22":["SS Lazio"],"23":["SS Lazio"],"24":["SS Lazio"],"25":["SS Lazio"],"26":["SS Lazio"],"27":["SS Lazio"],"28":["SS Lazio"],"29":["G\u00e9nova"],"30":["G\u00e9nova"],"31":["Sevilla FC"],"32":["Sevilla FC"],"33":["Sevilla FC"],"34":["Sevilla FC"]},"NumberOfMatches":{"0":"1","1":"5","2":"6","3":"2","4":"6","5":"3","6":"3","7":"5","8":"5","9":"1","10":"1","11":"2","12":"2","13":"2","14":"4","15":"9","16":"3","17":"2","18":"11","19":"2","20":"3","21":"1","22":"1","23":"3","24":"2","25":"4","26":"3","27":"3","28":"1","29":"2","30":"1","31":"10","32":"2","33":"5","34":"5"},"Player":{"0":"Abdoulay Konko","1":"Abdoulay Konko","2":"Abdoulay Konko","3":"Abdoulay Konko","4":"Abdoulay Konko","5":"Abdoulay Konko","6":"Abdoulay Konko","7":"Abdoulay Konko","8":"Abdoulay Konko","9":"Abdoulay Konko","10":"Abdoulay Konko","11":"Abdoulay Konko","12":"Abdoulay Konko","13":"Abdoulay Konko","14":"Abdoulay Konko","15":"Abdoulay Konko","16":"Abdoulay Konko","17":"Abdoulay Konko","18":"Abdoulay Konko","19":"Abdoulay Konko","20":"Abdoulay Konko","21":"Abdoulay Konko","22":"Abdoulay Konko","23":"Abdoulay Konko","24":"Abdoulay Konko","25":"Abdoulay Konko","26":"Abdoulay Konko","27":"Abdoulay Konko","28":"Abdoulay Konko","29":"Abdoulay Konko","30":"Abdoulay Konko","31":"Abdoulay Konko","32":"Abdoulay Konko","33":"Abdoulay Konko","34":"Abdoulay Konko"}}