{"Injury":{"0":"Problemas musculares","1":"Lesi\u00f3n de muslo","2":"Lesi\u00f3n de pie","3":"Esguince de tobillo"},"From":{"0":"09\/07\/2019","1":"07\/12\/2018","2":"10\/05\/2018","3":"28\/01\/2018"},"To":{"0":"16\/07\/2019","1":"08\/02\/2019","2":"01\/06\/2018","3":"03\/02\/2018"},"Teams":{"0":["Espa\u00f1a Sub-19"],"1":["FC Barcelona B","Espa\u00f1a Sub-19"],"2":["FC Barcelona B"],"3":["Espa\u00f1a Sub-19"]},"NumberOfMatches":{"0":"1","1":"9","2":"3","3":"2"},"Player":{"0":"Abel Ruiz","1":"Abel Ruiz","2":"Abel Ruiz","3":"Abel Ruiz"}}