{"Injury":{"0":"Lesi\u00f3n muscular","1":"Lesi\u00f3n de pie","2":"Lesi\u00f3n muscular","3":"Lesi\u00f3n muscular","4":"Lesi\u00f3n muscular","5":"Lesi\u00f3n de muslo","6":"Lesi\u00f3n de pantorrilla","7":"Rotura de fibras"},"From":{"0":"02\/01\/2021","1":"21\/04\/2018","2":"24\/10\/2017","3":"17\/09\/2017","4":"27\/02\/2017","5":"23\/09\/2015","6":"22\/01\/2015","7":"18\/01\/2009"},"To":{"0":"30\/01\/2021","1":"12\/05\/2018","2":"24\/11\/2017","3":"17\/10\/2017","4":"27\/03\/2017","5":"21\/02\/2016","6":"12\/03\/2015","7":"25\/02\/2009"},"Teams":{"0":["CA Osasuna"],"1":["RC Deportivo de La Coru\u00f1a"],"2":["RC Deportivo de La Coru\u00f1a"],"3":["RC Deportivo de La Coru\u00f1a"],"4":["Villarreal CF"],"5":["Villarreal CF"],"6":["FC Oporto"],"7":["M\u00e1laga CF","Espa\u00f1a"]},"NumberOfMatches":{"0":"8","1":"3","2":"4","3":"4","4":"4","5":"31","6":"10","7":"8"},"Player":{"0":"Adri\u00e1n L\u00f3pez","1":"Adri\u00e1n L\u00f3pez","2":"Adri\u00e1n L\u00f3pez","3":"Adri\u00e1n L\u00f3pez","4":"Adri\u00e1n L\u00f3pez","5":"Adri\u00e1n L\u00f3pez","6":"Adri\u00e1n L\u00f3pez","7":"Adri\u00e1n L\u00f3pez"}}