{"Injury":{"0":"Lesi\u00f3n de rodilla","1":"Edema \u00f3seo","2":"Esguince de la articulaci\u00f3n del tobillo","3":"Apendicitis","4":"Rotura del ligamento externo de la rodilla"},"From":{"0":"24\/01\/2024","1":"14\/06\/2020","2":"20\/08\/2019","3":"01\/07\/2019","4":"10\/05\/2015"},"To":{"0":"-","1":"10\/08\/2020","2":"17\/09\/2019","3":"04\/10\/2019","4":"02\/12\/2015"},"Teams":{"0":["Cultural Leonesa"],"1":["Real Zaragoza"],"2":["Real Zaragoza"],"3":["Real Zaragoza"],"4":["Sporting de Gij\u00f3n Atl\u00e9tico","Real Sporting de Gij\u00f3n"]},"NumberOfMatches":{"0":"5","1":"10","2":"4","3":"8","4":"29"},"Player":{"0":"Alberto Guiti\u00e1n","1":"Alberto Guiti\u00e1n","2":"Alberto Guiti\u00e1n","3":"Alberto Guiti\u00e1n","4":"Alberto Guiti\u00e1n"}}