{"Injury":{"0":"Fractura del c\u00fabito","1":"Lesi\u00f3n desconocida","2":"Lesi\u00f3n de pie","3":"Problemas de muslos","4":"Herida menor","5":"Descanso","6":"Lesi\u00f3n de rodilla","7":"Lesi\u00f3n de muslo","8":"Problemas de pantorrillas","9":"Lesi\u00f3n de rodilla","10":"Lesi\u00f3n meniscal","11":"Rotura de fibras"},"From":{"0":"25\/02\/2024","1":"07\/01\/2024","2":"03\/07\/2017","3":"19\/06\/2017","4":"09\/03\/2017","5":"01\/02\/2016","6":"31\/12\/2015","7":"05\/11\/2015","8":"16\/07\/2015","9":"18\/12\/2014","10":"29\/10\/2012","11":"06\/01\/2011"},"To":{"0":"29\/04\/2024","1":"29\/01\/2024","2":"25\/09\/2017","3":"22\/06\/2017","4":"13\/03\/2017","5":"04\/02\/2016","6":"07\/01\/2016","7":"03\/12\/2015","8":"06\/08\/2015","9":"02\/03\/2015","10":"19\/11\/2012","11":"24\/01\/2011"},"Teams":{"0":["AE Kifisias"],"1":["AE Kifisias"],"2":["Olympiacos El Pireo"],"3":[],"4":["Olympiacos El Pireo"],"5":["Olympiacos El Pireo"],"6":["Olympiacos El Pireo"],"7":["Olympiacos El Pireo"],"8":[],"9":["Olympiacos El Pireo"],"10":["Sevilla FC","Espa\u00f1a"],"11":["Real Sporting de Gij\u00f3n"]},"NumberOfMatches":{"0":"3","1":"5","2":"11","3":"-","4":"2","5":"1","6":"2","7":"5","8":"-","9":"17","10":"6","11":"3"},"Player":{"0":"Alberto Bot\u00eda","1":"Alberto Bot\u00eda","2":"Alberto Bot\u00eda","3":"Alberto Bot\u00eda","4":"Alberto Bot\u00eda","5":"Alberto Bot\u00eda","6":"Alberto Bot\u00eda","7":"Alberto Bot\u00eda","8":"Alberto Bot\u00eda","9":"Alberto Bot\u00eda","10":"Alberto Bot\u00eda","11":"Alberto Bot\u00eda"}}