{"Injury":{"0":"Lesi\u00f3n desconocida","1":"Coronavirus","2":"Lesi\u00f3n de rodilla","3":"Coronavirus"},"From":{"0":"30\/08\/2022","1":"05\/01\/2022","2":"22\/02\/2021","3":"06\/11\/2020"},"To":{"0":"03\/10\/2022","1":"15\/01\/2022","2":"26\/04\/2021","3":"20\/11\/2020"},"Teams":{"0":["Granada CF"],"1":["Granada CF"],"2":["Granada CF"],"3":["Granada CF"]},"NumberOfMatches":{"0":"5","1":"1","2":"13","3":"1"},"Player":{"0":"Alberto Soro","1":"Alberto Soro","2":"Alberto Soro","3":"Alberto Soro"}}