{"Injury":{"0":"Problemas musculares","1":"Problemas musculares","2":"Lesi\u00f3n de muslo","3":"Gripe","4":"Rotura de fibras","5":"Fractura de tobillo","6":"Fractura de tobillo"},"From":{"0":"09\/03\/2018","1":"29\/01\/2016","2":"28\/10\/2015","3":"03\/10\/2011","4":"09\/12\/2010","5":"11\/11\/2002","6":"02\/07\/2001"},"To":{"0":"16\/03\/2018","1":"11\/02\/2016","2":"23\/11\/2015","3":"17\/10\/2011","4":"09\/01\/2011","5":"01\/08\/2003","6":"01\/01\/2002"},"Teams":{"0":["Rayo Vallecano"],"1":["Olympiacos El Pireo"],"2":["Olympiacos El Pireo"],"3":["CA River Plate","Argentina"],"4":["Valencia CF"],"5":["CA River Plate","Argentina"],"6":["CA River Plate","Argentina"]},"NumberOfMatches":{"0":"1","1":"3","2":"5","3":"5","4":"6","5":"41","6":"32"},"Player":{"0":"Alejandro Dom\u00ednguez","1":"Alejandro Dom\u00ednguez","2":"Alejandro Dom\u00ednguez","3":"Alejandro Dom\u00ednguez","4":"Alejandro Dom\u00ednguez","5":"Alejandro Dom\u00ednguez","6":"Alejandro Dom\u00ednguez"}}