{"Injury":{"0":"Lesi\u00f3n muscular","1":"Problemas del tend\u00f3n de Aquiles","2":"Cadera magullada","3":"Distensi\u00f3n de muslo","4":"Lesi\u00f3n muscular"},"From":{"0":"02\/10\/2016","1":"13\/08\/2016","2":"17\/03\/2016","3":"30\/01\/2016","4":"29\/03\/2013"},"To":{"0":"26\/11\/2016","1":"22\/09\/2016","2":"23\/03\/2016","3":"11\/02\/2016","4":"25\/04\/2013"},"Teams":{"0":["Deportivo Alav\u00e9s"],"1":["Deportivo Alav\u00e9s"],"2":["SD Eibar","Serbia"],"3":["SD Eibar"],"4":["Estrella Roja de Belgrado","Serbia U19"]},"NumberOfMatches":{"0":"5","1":"5","2":"2","3":"2","4":"6"},"Player":{"0":"Aleksandar Pantic","1":"Aleksandar Pantic","2":"Aleksandar Pantic","3":"Aleksandar Pantic","4":"Aleksandar Pantic"}}