{"Injury":{"0":"Problemas musculares","1":"Operaci\u00f3n de rodilla","2":"Operaci\u00f3n de rodilla","3":"Lesi\u00f3n de rodilla","4":"Gripe","5":"Lesi\u00f3n de tobillo","6":"Problemas inguinales","7":"D\u00e9ficit de entrenamiento","8":"Da\u00f1o parcial al ligamento cruzado","9":"Desgarro muscular","10":"Traumatismo","11":"Lesi\u00f3n del aductor","12":"Problemas musculares","13":"Problemas musculares","14":"Cansancio muscular","15":"Lesi\u00f3n muscular","16":"Fiebre","17":"Problemas musculares","18":"Problemas de muslos","19":"Esguince de la articulaci\u00f3n del tobillo","20":"Problemas del tend\u00f3n de Aquiles","21":"Lesi\u00f3n del aductor","22":"Lesi\u00f3n de tobillo","23":"Compresi\u00f3n \u00f3sea"},"From":{"0":"20\/11\/2023","1":"21\/08\/2022","2":"04\/05\/2021","3":"18\/04\/2021","4":"22\/10\/2016","5":"29\/08\/2016","6":"07\/03\/2016","7":"30\/01\/2016","8":"19\/03\/2015","9":"16\/10\/2014","10":"22\/11\/2012","11":"23\/08\/2012","12":"05\/04\/2012","13":"01\/03\/2012","14":"16\/02\/2012","15":"22\/23","16":"15\/16","17":"11\/12","18":"11\/12","19":"11\/12","20":"11\/12","21":"10\/11","22":"10\/11","23":"10\/11"},"To":{"0":"31\/12\/2023","1":"07\/07\/2023","2":"15\/10\/2021","3":"03\/05\/2021","4":"02\/11\/2016","5":"13\/09\/2016","6":"07\/03\/2016","7":"13\/03\/2016","8":"02\/04\/2015","9":"14\/11\/2014","10":"20\/12\/2012","11":"08\/10\/2012","12":"14\/05\/2012","13":"02\/04\/2012","14":"23\/02\/2012","15":"20\/21","16":"14\/15","17":"10\/11","18":"19\/01\/2012","19":"01\/12\/2011","20":"22\/09\/2011","21":"18\/04\/2011","22":"21\/03\/2011","23":"11\/11\/2010"},"Teams":{"0":["S\u00e3o Paulo FC"],"1":[],"2":["Orlando City SC"],"3":["Orlando City SC"],"4":["Villarreal CF"],"5":["Villarreal CF"],"6":[],"7":["Chelsea FC"],"8":["S\u00e3o Paulo FC"],"9":["S\u00e3o Paulo FC","Brasil"],"10":["AC Milan"],"11":["AC Milan","Brasil"],"12":["AC Milan"],"13":["AC Milan"],"14":["AC Milan"],"15":["AC Milan"],"16":["AC Milan"],"17":["AC Milan","Brasil"],"18":["AC Milan"],"19":["Brasil"],"20":["AC Milan","Brasil"],"21":["AC Milan"],"22":[],"23":["AC Milan","Brasil"]},"NumberOfMatches":{"0":"5","1":"?","2":"26","3":"2","4":"2","5":"1","6":"-","7":"11","8":"2","9":"10","10":"6","11":"12","12":"8","13":"8","14":"1","15":"8","16":"1","17":"15","18":"3","19":"1","20":"9","21":"4","22":"-","23":"4"},"Player":{"0":"Alexandre Pato","1":"Alexandre Pato","2":"Alexandre Pato","3":"Alexandre Pato","4":"Alexandre Pato","5":"Alexandre Pato","6":"Alexandre Pato","7":"Alexandre Pato","8":"Alexandre Pato","9":"Alexandre Pato","10":"Alexandre Pato","11":"Alexandre Pato","12":"Alexandre Pato","13":"Alexandre Pato","14":"Alexandre Pato","15":"Alexandre Pato","16":"Alexandre Pato","17":"Alexandre Pato","18":"Alexandre Pato","19":"Alexandre Pato","20":"Alexandre Pato","21":"Alexandre Pato","22":"Alexandre Pato","23":"Alexandre Pato"}}