{"Injury":{"0":"Problemas musculares","1":"Problemas musculares","2":"Lesi\u00f3n muscular","3":"Lesi\u00f3n de rodilla"},"From":{"0":"10\/10\/2023","1":"04\/09\/2023","2":"01\/04\/2019","3":"20\/08\/2018"},"To":{"0":"17\/10\/2023","1":"11\/09\/2023","2":"18\/04\/2019","3":"04\/09\/2018"},"Teams":{"0":["Per\u00fa"],"1":[],"2":["New York City FC"],"3":["New York City FC"]},"NumberOfMatches":{"0":"1","1":"-","2":"2","3":"2"},"Player":{"0":"Alexander Callens","1":"Alexander Callens","2":"Alexander Callens","3":"Alexander Callens"}}