{"Injury":{"0":"Lesi\u00f3n desconocida","1":"Coronavirus","2":"Lesi\u00f3n desconocida","3":"Molestias en los aductores","4":"Lesi\u00f3n de mano","5":"Operaci\u00f3n con el pie"},"From":{"0":"03\/05\/2021","1":"07\/04\/2021","2":"08\/09\/2020","3":"01\/05\/2018","4":"07\/09\/2017","5":"17\/08\/2016"},"To":{"0":"16\/05\/2021","1":"16\/04\/2021","2":"13\/09\/2020","3":"07\/05\/2018","4":"19\/10\/2017","5":"29\/09\/2016"},"Teams":{"0":["Gaziantep FK"],"1":["Gaziantep FK"],"2":["Gaziantep FK"],"3":["Benevento"],"4":["Real Betis Balompi\u00e9","Ruman\u00eda "],"5":["Steaua Bucarest","Ruman\u00eda "]},"NumberOfMatches":{"0":"4","1":"2","2":"1","3":"1","4":"8","5":"12"},"Player":{"0":"Alin To\u0219ca","1":"Alin To\u0219ca","2":"Alin To\u0219ca","3":"Alin To\u0219ca","4":"Alin To\u0219ca","5":"Alin To\u0219ca"}}