{"Injury":{"0":"Lesi\u00f3n de hombro","1":"Lesi\u00f3n muscular","2":"Lesi\u00f3n de pie","3":"Lesi\u00f3n de muslo","4":"Lesi\u00f3n de muslo","5":"Lesi\u00f3n muscular","6":"Lesi\u00f3n de muslo","7":"Lesi\u00f3n de rodilla"},"From":{"0":"23\/08\/2019","1":"17\/04\/2019","2":"27\/02\/2019","3":"03\/12\/2017","4":"19\/07\/2017","5":"16\/11\/2016","6":"30\/07\/2015","7":"01\/02\/2015"},"To":{"0":"23\/10\/2019","1":"31\/07\/2019","2":"01\/04\/2019","3":"03\/01\/2018","4":"06\/09\/2017","5":"01\/12\/2016","6":"25\/09\/2015","7":"14\/03\/2015"},"Teams":{"0":["RCD Espanyol"],"1":["Athletic Club","RCD Espanyol"],"2":["Athletic Club"],"3":["Athletic Club"],"4":["Athletic Club"],"5":["Athletic Club"],"6":["Athletic Club"],"7":["Athletic Club"]},"NumberOfMatches":{"0":"11","1":"1","2":"4","3":"4","4":"6","5":"4","6":"12","7":"11"},"Player":{"0":"Ander Iturraspe","1":"Ander Iturraspe","2":"Ander Iturraspe","3":"Ander Iturraspe","4":"Ander Iturraspe","5":"Ander Iturraspe","6":"Ander Iturraspe","7":"Ander Iturraspe"}}