{"Injury":{"0":"Lesi\u00f3n muscular","1":"Becerro jalado","2":"Lesi\u00f3n de muslo","3":"Lesi\u00f3n de tobillo","4":"Lesi\u00f3n del aductor","5":"Problemas de muslos","6":"Problemas de muslos","7":"Problemas de muslos","8":"Lesi\u00f3n del aductor"},"From":{"0":"01\/03\/2016","1":"10\/09\/2015","2":"02\/05\/2015","3":"07\/03\/2015","4":"10\/12\/2014","5":"30\/08\/2014","6":"10\/08\/2011","7":"05\/12\/2010","8":"21\/12\/2008"},"To":{"0":"15\/03\/2016","1":"22\/09\/2015","2":"19\/05\/2015","3":"19\/03\/2015","4":"02\/01\/2015","5":"05\/09\/2014","6":"22\/08\/2011","7":"10\/12\/2010","8":"02\/01\/2009"},"Teams":{"0":["New York City FC"],"1":["New York City FC"],"2":["Athletic Club"],"3":["Athletic Club"],"4":["Athletic Club"],"5":["Athletic Club","Espa\u00f1a"],"6":["Athletic Club"],"7":["Athletic Club"],"8":["Athletic Club"]},"NumberOfMatches":{"0":"2","1":"3","2":"3","3":"2","4":"4","5":"3","6":"1","7":"1","8":"1"},"Player":{"0":"Andoni Iraola","1":"Andoni Iraola","2":"Andoni Iraola","3":"Andoni Iraola","4":"Andoni Iraola","5":"Andoni Iraola","6":"Andoni Iraola","7":"Andoni Iraola","8":"Andoni Iraola"}}