{"Injury":{"0":"Lesi\u00f3n muscular","1":"Lesi\u00f3n desconocida","2":"Coronavirus","3":"Cuarentena","4":"Hematoma en el pie"},"From":{"0":"02\/10\/2023","1":"21\/03\/2022","2":"17\/01\/2022","3":"14\/11\/2021","4":"11\/04\/2019"},"To":{"0":"19\/02\/2024","1":"04\/04\/2022","2":"27\/01\/2022","3":"22\/11\/2021","4":"22\/04\/2019"},"Teams":{"0":["Valencia CF"],"1":["Vit\u00f3ria Guimar\u00e3es SC","Portugal U21"],"2":["Vit\u00f3ria Guimar\u00e3es SC"],"3":["Vit\u00f3ria Guimar\u00e3es SC","Portugal U21"],"4":["Vit\u00f3ria Guimar\u00e3es SC B"]},"NumberOfMatches":{"0":"21","1":"3","2":"2","3":"2","4":"2"},"Player":{"0":"Andr\u00e9 Almeida","1":"Andr\u00e9 Almeida","2":"Andr\u00e9 Almeida","3":"Andr\u00e9 Almeida","4":"Andr\u00e9 Almeida"}}