{"Injury":{"0":"Lesi\u00f3n de pantorrilla","1":"Lesi\u00f3n de pantorrilla","2":"Lesi\u00f3n de muslo","3":"Coronavirus","4":"Problemas de espalda","5":"Problemas musculares","6":"Cuarentena","7":"Problemas del tend\u00f3n de Aquiles","8":"Problemas del tend\u00f3n rotuliano","9":"Problemas del tend\u00f3n rotuliano","10":"Lesi\u00f3n de muslo","11":"Lesi\u00f3n muscular","12":"Operaci\u00f3n de ingle"},"From":{"0":"04\/01\/2024","1":"16\/10\/2023","2":"31\/05\/2023","3":"02\/01\/2022","4":"17\/02\/2021","5":"10\/12\/2020","6":"19\/03\/2020","7":"17\/10\/2019","8":"06\/04\/2019","9":"26\/03\/2019","10":"29\/10\/2018","11":"27\/12\/2016","12":"20\/09\/2015"},"To":{"0":"12\/01\/2024","1":"28\/11\/2023","2":"23\/09\/2023","3":"07\/01\/2022","4":"23\/02\/2021","5":"14\/12\/2020","6":"02\/04\/2020","7":"01\/11\/2019","8":"03\/08\/2019","9":"02\/04\/2019","10":"10\/11\/2018","11":"05\/01\/2017","12":"19\/10\/2015"},"Teams":{"0":["Real Sociedad"],"1":["Real Sociedad"],"2":["RB Leipzig","Real Sociedad"],"3":[],"4":["Eintracht Fr\u00e1ncfort\u200b\u200b"],"5":["Eintracht Fr\u00e1ncfort\u200b\u200b"],"6":[],"7":["Eintracht Fr\u00e1ncfort\u200b\u200b"],"8":[],"9":["Sevilla FC"],"10":["Sevilla FC"],"11":["FC Oporto"],"12":["FC Porto B","Portugal"]},"NumberOfMatches":{"0":"1","1":"8","2":"13","3":"-","4":"1","5":"1","6":"-","7":"4","8":"-","9":"1","10":"3","11":"2","12":"7"},"Player":{"0":"Andr\u00e9 Silva","1":"Andr\u00e9 Silva","2":"Andr\u00e9 Silva","3":"Andr\u00e9 Silva","4":"Andr\u00e9 Silva","5":"Andr\u00e9 Silva","6":"Andr\u00e9 Silva","7":"Andr\u00e9 Silva","8":"Andr\u00e9 Silva","9":"Andr\u00e9 Silva","10":"Andr\u00e9 Silva","11":"Andr\u00e9 Silva","12":"Andr\u00e9 Silva"}}