{"Injury":{"0":"Rotura de fibras","1":"Esguince de la articulaci\u00f3n del tobillo","2":"Problemas musculares","3":"Lesi\u00f3n desconocida","4":"Rotura de fibras","5":"Rotura de fibras","6":"Lesi\u00f3n de tobillo"},"From":{"0":"23\/04\/2018","1":"05\/03\/2018","2":"05\/12\/2017","3":"31\/08\/2016","4":"19\/04\/2009","5":"01\/03\/2009","6":"06\/11\/2007"},"To":{"0":"16\/05\/2018","1":"14\/03\/2018","2":"20\/12\/2017","3":"28\/10\/2016","4":"19\/05\/2009","5":"01\/04\/2009","6":"15\/11\/2007"},"Teams":{"0":["Real Racing Club "],"1":["Real Racing Club "],"2":["Real Racing Club "],"3":["PAE Veria"],"4":["RC Deportivo de La Coru\u00f1a"],"5":["RC Deportivo de La Coru\u00f1a"],"6":["RC Deportivo de La Coru\u00f1a"]},"NumberOfMatches":{"0":"3","1":"1","2":"2","3":"7","4":"5","5":"4","6":"1"},"Player":{"0":"Antonio Tom\u00e1s","1":"Antonio Tom\u00e1s","2":"Antonio Tom\u00e1s","3":"Antonio Tom\u00e1s","4":"Antonio Tom\u00e1s","5":"Antonio Tom\u00e1s","6":"Antonio Tom\u00e1s"}}