{"Injury":{"0":"Lesi\u00f3n de muslo","1":"Lesi\u00f3n inguinal","2":"Lesi\u00f3n inguinal","3":"Golpe","4":"Lesi\u00f3n de rodilla","5":"Operaci\u00f3n de rodilla","6":"Herida menor","7":"Lesi\u00f3n de rodilla","8":"Distensi\u00f3n inguinal","9":"Lesi\u00f3n inguinal","10":"Problemas musculares","11":"Rotura del ligamento cruzado","12":"Lesi\u00f3n del m\u00fasculo flexor de la pierna","13":"Lesi\u00f3n de rodilla","14":"Operaci\u00f3n de rodilla","15":"Problemas musculares","16":"Infecci\u00f3n gripal","17":"D\u00e9ficit de entrenamiento","18":"Lesi\u00f3n meniscal"},"From":{"0":"02\/02\/2024","1":"14\/04\/2022","2":"12\/09\/2019","3":"19\/08\/2019","4":"15\/07\/2019","5":"29\/04\/2019","6":"15\/04\/2019","7":"31\/01\/2019","8":"08\/10\/2018","9":"24\/09\/2018","10":"16\/02\/2017","11":"09\/06\/2016","12":"07\/03\/2016","13":"21\/09\/2015","14":"16\/07\/2015","15":"21\/22","16":"16\/17","17":"14\/15","18":"14\/15"},"To":{"0":"12\/02\/2024","1":"28\/04\/2022","2":"12\/12\/2019","3":"16\/09\/2019","4":"12\/08\/2019","5":"03\/06\/2019","6":"29\/04\/2019","7":"04\/02\/2019","8":"22\/10\/2018","9":"01\/10\/2018","10":"20\/02\/2017","11":"24\/10\/2016","12":"17\/03\/2016","13":"15\/10\/2015","14":"10\/09\/2015","15":"19\/20","16":"15\/16","17":"21\/05\/2015","18":"23\/04\/2015"},"Teams":{"0":["Real Madrid CF"],"1":["Chelsea FC"],"2":["Chelsea FC","Alemania"],"3":["Chelsea FC","Alemania"],"4":["Chelsea FC"],"5":["Chelsea FC"],"6":["Chelsea FC"],"7":["Chelsea FC"],"8":["Chelsea FC","Alemania"],"9":["Chelsea FC"],"10":["AS Roma"],"11":["AS Roma","Alemania"],"12":["AS Roma"],"13":["AS Roma","Alemania"],"14":["VfB Stuttgart","AS Roma","Alemania"],"15":[],"16":["VfB Stuttgart"],"17":["VfB Stuttgart","Alemania"],"18":["VfB Stuttgart"]},"NumberOfMatches":{"0":"2","1":"4","2":"24","3":"5","4":"1","5":"5","6":"3","7":"1","8":"3","9":"2","10":"2","11":"24","12":"2","13":"6","14":"6","15":"-","16":"2","17":"4","18":"10"},"Player":{"0":"Antonio R\u00fcdiger","1":"Antonio R\u00fcdiger","2":"Antonio R\u00fcdiger","3":"Antonio R\u00fcdiger","4":"Antonio R\u00fcdiger","5":"Antonio R\u00fcdiger","6":"Antonio R\u00fcdiger","7":"Antonio R\u00fcdiger","8":"Antonio R\u00fcdiger","9":"Antonio R\u00fcdiger","10":"Antonio R\u00fcdiger","11":"Antonio R\u00fcdiger","12":"Antonio R\u00fcdiger","13":"Antonio R\u00fcdiger","14":"Antonio R\u00fcdiger","15":"Antonio R\u00fcdiger","16":"Antonio R\u00fcdiger","17":"Antonio R\u00fcdiger","18":"Antonio R\u00fcdiger"}}