{"Injury":{"0":"Lesi\u00f3n de pantorrilla","1":"Lesi\u00f3n muscular","2":"Rotura del ligamento externo de la rodilla","3":"Fractura del brazo"},"From":{"0":"20\/05\/2021","1":"25\/01\/2021","2":"01\/10\/2015","3":"21\/07\/2011"},"To":{"0":"10\/06\/2021","1":"16\/02\/2021","2":"23\/04\/2016","3":"01\/09\/2011"},"Teams":{"0":["CA Pe\u00f1arol"],"1":["CA Pe\u00f1arol"],"2":["CF Pachuca"],"3":["Real Racing Club "]},"NumberOfMatches":{"0":"5","1":"6","2":"27","3":"1"},"Player":{"0":"Ariel Nahuelp\u00e1n","1":"Ariel Nahuelp\u00e1n","2":"Ariel Nahuelp\u00e1n","3":"Ariel Nahuelp\u00e1n"}}