{"Injury":{"0":"Lesi\u00f3n de pie","1":" Dolores musculares","2":"Fractura de dedo","3":"Lesi\u00f3n de pie","4":"Lesi\u00f3n muscular","5":"Lesi\u00f3n muscular","6":"Lesi\u00f3n muscular","7":"D\u00e9ficit de entrenamiento","8":"D\u00e9ficit de entrenamiento","9":"Lesi\u00f3n muscular","10":"D\u00e9ficit de entrenamiento"},"From":{"0":"10\/04\/2023","1":"22\/03\/2023","2":"08\/02\/2023","3":"15\/08\/2022","4":"21\/03\/2022","5":"10\/08\/2021","6":"10\/09\/2020","7":"05\/03\/2020","8":"01\/01\/2020","9":"25\/04\/2019","10":"10\/01\/2019"},"To":{"0":"26\/04\/2023","1":"29\/03\/2023","2":"22\/02\/2023","3":"21\/09\/2022","4":"06\/04\/2022","5":"01\/09\/2021","6":"10\/10\/2020","7":"10\/03\/2020","8":"07\/01\/2020","9":"05\/05\/2019","10":"15\/01\/2019"},"Teams":{"0":["Real Racing Club "],"1":["Real Racing Club "],"2":["Real Racing Club "],"3":["Real Racing Club "],"4":["Real Racing Club "],"5":[],"6":[],"7":["Atl\u00e9tico Levante UD"],"8":["Atl\u00e9tico Levante UD"],"9":["Atl\u00e9tico Levante UD"],"10":["Atl\u00e9tico Levante UD"]},"NumberOfMatches":{"0":"2","1":"1","2":"2","3":"5","4":"2","5":"-","6":"-","7":"1","8":"1","9":"2","10":"1"},"Player":{"0":"Arturo Molina","1":"Arturo Molina","2":"Arturo Molina","3":"Arturo Molina","4":"Arturo Molina","5":"Arturo Molina","6":"Arturo Molina","7":"Arturo Molina","8":"Arturo Molina","9":"Arturo Molina","10":"Arturo Molina"}}