{"Injury":{"0":"Lesi\u00f3n muscular","1":"Lesi\u00f3n del aductor","2":"Lesi\u00f3n de tobillo","3":"Lesi\u00f3n muscular","4":"Lesi\u00f3n de muslo","5":"Problemas musculares","6":"Menisco desgarrado","7":"Rotura de fibras"},"From":{"0":"18\/08\/2021","1":"15\/06\/2020","2":"31\/08\/2019","3":"11\/02\/2019","4":"27\/03\/2017","5":"18\/12\/2016","6":"21\/11\/2011","7":"06\/10\/2011"},"To":{"0":"27\/11\/2021","1":"01\/01\/2021","2":"08\/03\/2020","3":"11\/05\/2019","4":"10\/04\/2017","5":"03\/01\/2017","6":"21\/01\/2012","7":"25\/10\/2011"},"Teams":{"0":["Real Sociedad"],"1":["Real Sociedad"],"2":["Real Sociedad"],"3":["Real Sociedad"],"4":["Real Sociedad","Espa\u00f1a"],"5":["Real Sociedad"],"6":["Real Sociedad"],"7":["Real Sociedad","Espa\u00f1a"]},"NumberOfMatches":{"0":"18","1":"33","2":"30","3":"13","4":"4","5":"1","6":"11","7":"7"},"Player":{"0":"Asier Illarramendi","1":"Asier Illarramendi","2":"Asier Illarramendi","3":"Asier Illarramendi","4":"Asier Illarramendi","5":"Asier Illarramendi","6":"Asier Illarramendi","7":"Asier Illarramendi"}}