{"Injury":{"0":"Lesi\u00f3n de pie","1":"Cirug\u00eda del tend\u00f3n de Aquiles","2":"Lesi\u00f3n de hombro","3":"Rotura del tend\u00f3n de Aquiles","4":"Problemas musculares"},"From":{"0":"04\/12\/2011","1":"05\/05\/2011","2":"25\/04\/2010","3":"04\/06\/2009","4":"01\/03\/2008"},"To":{"0":"14\/01\/2012","1":"10\/09\/2011","2":"25\/05\/2010","3":"04\/09\/2009","4":"20\/03\/2008"},"Teams":{"0":["Levante UD"],"1":["Levante UD","Espa\u00f1a"],"2":["Real Valladolid CF"],"3":["Valencia CF","Espa\u00f1a"],"4":["Athletic Club"]},"NumberOfMatches":{"0":"7","1":"18","2":"5","3":"14","4":"3"},"Player":{"0":"Asier del Horno","1":"Asier del Horno","2":"Asier del Horno","3":"Asier del Horno","4":"Asier del Horno"}}