{"Injury":{"0":"Lesi\u00f3n muscular","1":"Lesi\u00f3n muscular","2":"Rotura del ligamento cruzado","3":"Problemas de muslos","4":"Rotura del ligamento cruzado","5":"Fractura de dedo","6":"Rotura de fibras en el aductor","7":"Distensi\u00f3n de muslo"},"From":{"0":"07\/01\/2021","1":"11\/09\/2017","2":"26\/09\/2016","3":"23\/06\/2016","4":"01\/02\/2016","5":"28\/09\/2015","6":"04\/09\/2014","7":"17\/04\/2014"},"To":{"0":"28\/01\/2021","1":"16\/10\/2017","2":"26\/07\/2017","3":"25\/08\/2016","4":"22\/02\/2016","5":"08\/10\/2015","6":"22\/09\/2014","7":"01\/05\/2014"},"Teams":{"0":["C\u00e1diz CF"],"1":["Atl\u00e9tico de Madrid","Argentina"],"2":["Atl\u00e9tico de Madrid","Argentina"],"3":["Atl\u00e9tico de Madrid","Argentina"],"4":["Atl\u00e9tico de Madrid"],"5":["RC Celta de Vigo"],"6":["RC Celta de Vigo"],"7":["RC Celta de Vigo"]},"NumberOfMatches":{"0":"5","1":"9","2":"59","3":"2","4":"3","5":"1","6":"2","7":"2"},"Player":{"0":"Augusto Fern\u00e1ndez","1":"Augusto Fern\u00e1ndez","2":"Augusto Fern\u00e1ndez","3":"Augusto Fern\u00e1ndez","4":"Augusto Fern\u00e1ndez","5":"Augusto Fern\u00e1ndez","6":"Augusto Fern\u00e1ndez","7":"Augusto Fern\u00e1ndez"}}