{"Injury":{"0":"Lesi\u00f3n meniscal","1":"Lesi\u00f3n de muslo","2":"Problemas musculares","3":"Rotura del ligamento cruzado","4":"Problemas de muslos","5":"Contusi\u00f3n","6":"Rotura del ligamento cruzado","7":"Rotura de fibras"},"From":{"0":"14\/07\/2022","1":"25\/10\/2021","2":"18\/09\/2017","3":"26\/01\/2015","4":"29\/09\/2013","5":"13\/04\/2013","6":"09\/04\/2011","7":"31\/08\/2009"},"To":{"0":"06\/10\/2022","1":"20\/12\/2021","2":"09\/10\/2017","3":"26\/07\/2015","4":"28\/11\/2013","5":"30\/05\/2013","6":"06\/05\/2011","7":"01\/10\/2009"},"Teams":{"0":["Vissel Kobe"],"1":["Vissel Kobe"],"2":["Deportivo Alav\u00e9s"],"3":["Stoke City"],"4":["Ajax de \u00c1msterdam","Espa\u00f1a"],"5":["AC Milan"],"6":["FC Barcelona"],"7":["FC Barcelona","Espa\u00f1a"]},"NumberOfMatches":{"0":"14","1":"5","2":"3","3":"18","4":"22","5":"7","6":"8","7":"11"},"Player":{"0":"Bojan Krkic","1":"Bojan Krkic","2":"Bojan Krkic","3":"Bojan Krkic","4":"Bojan Krkic","5":"Bojan Krkic","6":"Bojan Krkic","7":"Bojan Krkic"}}