{"Injury":{"0":"Lesi\u00f3n muscular","1":"Lesi\u00f3n muscular","2":"Lesi\u00f3n de pie","3":"Lesi\u00f3n desconocida","4":"Lesi\u00f3n de pie","5":"Traumatismo","6":"Artroscopia","7":"F\u00e9mur desgarrado","8":"Herida menor"},"From":{"0":"05\/12\/2021","1":"18\/09\/2021","2":"16\/10\/2018","3":"15\/04\/2018","4":"19\/10\/2016","5":"11\/12\/2015","6":"10\/09\/2014","7":"13\/08\/2014","8":"19\/04\/2011"},"To":{"0":"11\/12\/2021","1":"22\/09\/2021","2":"07\/01\/2019","3":"21\/04\/2018","4":"01\/01\/2017","5":"07\/01\/2016","6":"10\/03\/2015","7":"03\/09\/2014","8":"27\/04\/2011"},"Teams":{"0":["FK Ufa"],"1":["FK Ufa"],"2":["FK Ufa","Eslovenia"],"3":["FK Ufa"],"4":["Villarreal CF","Eslovenia"],"5":["Villarreal CF","Nottingham Forest","Eslovenia U18"],"6":["Villarreal CF","Eslovenia"],"7":["Villarreal CF","Eslovenia U21"],"8":["Chievo Verona"]},"NumberOfMatches":{"0":"1","1":"2","2":"9","3":"1","4":"16","5":"5","6":"44","7":"5","8":"1"},"Player":{"0":"Bojan Jokic","1":"Bojan Jokic","2":"Bojan Jokic","3":"Bojan Jokic","4":"Bojan Jokic","5":"Bojan Jokic","6":"Bojan Jokic","7":"Bojan Jokic","8":"Bojan Jokic"}}