{"Injury":{"0":"Traumatismo","1":"Lesi\u00f3n de rodilla","2":"Lesi\u00f3n de muslo","3":"Lesi\u00f3n de muslo"},"From":{"0":"31\/07\/2016","1":"10\/05\/2014","2":"29\/01\/2014","3":"12\/12\/2013"},"To":{"0":"21\/09\/2016","1":"01\/12\/2014","2":"16\/02\/2014","3":"26\/01\/2014"},"Teams":{"0":["FC Barcelona B"],"1":["Rayo Vallecano","AS M\u00f3naco","Espa\u00f1a Sub-19"],"2":["Rayo Vallecano"],"3":["AS M\u00f3naco"]},"NumberOfMatches":{"0":"5","1":"36","2":"3","3":"7"},"Player":{"0":"Borja L\u00f3pez","1":"Borja L\u00f3pez","2":"Borja L\u00f3pez","3":"Borja L\u00f3pez"}}