{"Injury":{"0":"Problemas musculares","1":"Lesi\u00f3n desconocida","2":"Cansancio muscular","3":"Lesi\u00f3n del m\u00fasculo flexor de la pierna","4":"Problemas de rodilla","5":"Problemas de pantorrillas","6":"Lesi\u00f3n de ligamentos","7":"Lesi\u00f3n muscular"},"From":{"0":"23\/12\/2023","1":"20\/11\/2023","2":"01\/11\/2023","3":"09\/09\/2023","4":"22\/05\/2023","5":"16\/02\/2023","6":"01\/10\/2021","7":"24\/04\/2019"},"To":{"0":"31\/01\/2024","1":"03\/12\/2023","2":"04\/11\/2023","3":"25\/09\/2023","4":"07\/06\/2023","5":"26\/02\/2023","6":"26\/07\/2022","7":"01\/07\/2019"},"Teams":{"0":["US Salernitana 1919"],"1":["US Salernitana 1919"],"2":["US Salernitana 1919"],"3":["US Salernitana 1919"],"4":["US Salernitana 1919"],"5":["US Salernitana 1919"],"6":["Villarreal CF","Senegal"],"7":["Stade de Reims","Senegal"]},"NumberOfMatches":{"0":"6","1":"2","2":"1","3":"2","4":"4","5":"2","6":"60","7":"9"},"Player":{"0":"Boulaye Dia","1":"Boulaye Dia","2":"Boulaye Dia","3":"Boulaye Dia","4":"Boulaye Dia","5":"Boulaye Dia","6":"Boulaye Dia","7":"Boulaye Dia"}}