{"Injury":{"0":"Lesi\u00f3n de rodilla","1":"Contractura","2":"Coronavirus","3":"Lesi\u00f3n desconocida","4":"Problemas de muslos","5":"Lesi\u00f3n de muslo","6":"Lesi\u00f3n de muslo"},"From":{"0":"03\/03\/2023","1":"22\/10\/2022","2":"15\/10\/2021","3":"31\/03\/2021","4":"27\/01\/2021","5":"20\/08\/2019","6":"13\/07\/2019"},"To":{"0":"06\/03\/2023","1":"25\/10\/2022","2":"27\/10\/2021","3":"07\/04\/2021","4":"20\/02\/2021","5":"13\/09\/2019","6":"16\/08\/2019"},"Teams":{"0":["AC Milan"],"1":["AC Milan"],"2":["AC Milan"],"3":["AC Milan"],"4":["AC Milan"],"5":["Real Madrid CF","Espa\u00f1a Sub-21"],"6":[]},"NumberOfMatches":{"0":"1","1":"2","2":"4","3":"1","4":"4","5":"4","6":"-"},"Player":{"0":"Brahim D\u00edaz","1":"Brahim D\u00edaz","2":"Brahim D\u00edaz","3":"Brahim D\u00edaz","4":"Brahim D\u00edaz","5":"Brahim D\u00edaz","6":"Brahim D\u00edaz"}}