{"Injury":{"0":"Coronavirus","1":"Lesi\u00f3n de muslo","2":"Lesi\u00f3n desconocida","3":"Lesi\u00f3n de hombro","4":"Descanso","5":"Lesi\u00f3n de tobillo","6":"Irritaci\u00f3n del tend\u00f3n de Aquiles"},"From":{"0":"20\/12\/2020","1":"02\/11\/2020","2":"15\/03\/2018","3":"11\/02\/2017","4":"02\/02\/2016","5":"24\/09\/2014","6":"31\/03\/2014"},"To":{"0":"30\/12\/2020","1":"10\/12\/2020","2":"07\/04\/2018","3":"17\/02\/2017","4":"04\/02\/2016","5":"13\/10\/2014","6":"07\/04\/2014"},"Teams":{"0":["G\u00f6ztepe"],"1":["G\u00f6ztepe"],"2":["M\u00e1laga CF"],"3":["Olympiacos El Pireo"],"4":["Olympiacos El Pireo"],"5":["West Bromwich Albion","Nigeria"],"6":["FC Dinamo de Kiev"]},"NumberOfMatches":{"0":"2","1":"6","2":"3","3":"2","4":"1","5":"4","6":"1"},"Player":{"0":"Brown Ideye","1":"Brown Ideye","2":"Brown Ideye","3":"Brown Ideye","4":"Brown Ideye","5":"Brown Ideye","6":"Brown Ideye"}}