{"Injury":{"0":"Lesi\u00f3n de rodilla","1":"Lesi\u00f3n desconocida","2":"Lesi\u00f3n del m\u00fasculo flexor de la pierna","3":"Lesi\u00f3n de muslo","4":"Enfermo","5":"Problemas musculares","6":"Lesi\u00f3n desconocida","7":"Problemas de muslos","8":"Lesi\u00f3n de tobillo","9":"Problemas musculares","10":"Problemas de muslos","11":"Distensi\u00f3n de muslo","12":"Rotura del ligamento cruzado","13":"Hematoma en el pie","14":"Hematoma en el pie","15":"Lesi\u00f3n de tobillo"},"From":{"0":"21\/01\/2024","1":"06\/01\/2024","2":"10\/09\/2022","3":"20\/12\/2021","4":"12\/01\/2021","5":"20\/11\/2020","6":"17\/08\/2019","7":"22\/04\/2019","8":"13\/01\/2019","9":"06\/12\/2018","10":"23\/10\/2017","11":"23\/03\/2017","12":"16\/01\/2014","13":"29\/04\/2013","14":"22\/04\/2013","15":"22\/23"},"To":{"0":"20\/02\/2024","1":"17\/01\/2024","2":"01\/10\/2022","3":"31\/12\/2021","4":"13\/01\/2021","5":"12\/12\/2020","6":"31\/08\/2019","7":"29\/04\/2019","8":"01\/02\/2019","9":"12\/12\/2018","10":"26\/10\/2017","11":"06\/04\/2017","12":"30\/06\/2014","13":"02\/05\/2013","14":"25\/04\/2013","15":"21\/22"},"Teams":{"0":["SC Braga"],"1":["SC Braga"],"2":["Fenerbahce"],"3":["PSV Eindhoven"],"4":["Olympiacos El Pireo"],"5":["Olympiacos El Pireo"],"6":["PSV Eindhoven"],"7":["RB Leipzig"],"8":["RB Leipzig"],"9":["RB Leipzig"],"10":["RB Leipzig"],"11":["Galatasaray","Portugal"],"12":["Galatasaray","Portugal"],"13":[],"14":["Portugal U19"],"15":["Portugal"]},"NumberOfMatches":{"0":"7","1":"3","2":"2","3":"1","4":"1","5":"6","6":"3","7":"2","8":"3","9":"1","10":"1","11":"5","12":"80","13":"-","14":"4","15":"11"},"Player":{"0":"Bruma","1":"Bruma","2":"Bruma","3":"Bruma","4":"Bruma","5":"Bruma","6":"Bruma","7":"Bruma","8":"Bruma","9":"Bruma","10":"Bruma","11":"Bruma","12":"Bruma","13":"Bruma","14":"Bruma","15":"Bruma"}}