{"Injury":{"0":"Pubis","1":"Traumatismo","2":"Lesi\u00f3n de cadera","3":"Coronavirus","4":"Lesi\u00f3n de muslo","5":"Infecci\u00f3n gripal"},"From":{"0":"02\/08\/2023","1":"29\/08\/2022","2":"04\/04\/2022","3":"06\/12\/2021","4":"25\/10\/2021","5":"28\/12\/2020"},"To":{"0":"05\/10\/2023","1":"12\/09\/2022","2":"14\/04\/2022","3":"23\/12\/2021","4":"18\/11\/2021","5":"31\/12\/2020"},"Teams":{"0":["Tottenham Hotspur"],"1":["Tottenham Hotspur"],"2":["Valencia CF"],"3":["Tottenham Hotspur"],"4":["Tottenham Hotspur","Espa\u00f1a Sub-21"],"5":["SD Eibar"]},"NumberOfMatches":{"0":"8","1":"3","2":"1","3":"3","4":"6","5":"1"},"Player":{"0":"Bryan Gil","1":"Bryan Gil","2":"Bryan Gil","3":"Bryan Gil","4":"Bryan Gil","5":"Bryan Gil"}}