{"Injury":{"0":"Rotura del ligamento cruzado","1":"Coronavirus","2":"Traumatismo","3":"Hematoma de la articulaci\u00f3n del tobillo"},"From":{"0":"23\/09\/2023","1":"01\/08\/2022","2":"04\/09\/2020","3":"29\/08\/2020"},"To":{"0":"-","1":"08\/08\/2022","2":"14\/10\/2020","3":"05\/09\/2020"},"Teams":{"0":["AS M\u00f3naco"],"1":["AS M\u00f3naco"],"2":["AS M\u00f3naco"],"3":["AS M\u00f3naco"]},"NumberOfMatches":{"0":"20","1":"2","2":"4","3":"1"},"Player":{"0":"Caio Henrique","1":"Caio Henrique","2":"Caio Henrique","3":"Caio Henrique"}}