{"Injury":{"0":"Lesi\u00f3n muscular","1":"Lesi\u00f3n muscular","2":"Lesi\u00f3n de hombro","3":"Rotura del ligamento cruzado","4":"Lesi\u00f3n muscular","5":"Lesi\u00f3n de muslo","6":"Lesi\u00f3n de muslo","7":"Lesi\u00f3n de pie","8":"Problemas inguinales"},"From":{"0":"16\/12\/2018","1":"25\/09\/2018","2":"18\/12\/2017","3":"18\/12\/2016","4":"22\/09\/2016","5":"03\/04\/2016","6":"16\/01\/2016","7":"05\/07\/2015","8":"14\/01\/2015"},"To":{"0":"16\/01\/2019","1":"06\/11\/2018","2":"11\/05\/2018","3":"28\/11\/2017","4":"16\/10\/2016","5":"18\/09\/2016","6":"15\/03\/2016","7":"29\/10\/2015","8":"03\/04\/2015"},"Teams":{"0":["Real Oviedo"],"1":["Real Oviedo"],"2":["Real Sociedad"],"3":["Real Sociedad"],"4":["Real Sociedad"],"5":["Real Sociedad"],"6":["Real Sociedad"],"7":["Real Sociedad"],"8":["Real Sociedad"]},"NumberOfMatches":{"0":"3","1":"6","2":"22","3":"46","4":"3","5":"12","6":"10","7":"9","8":"11"},"Player":{"0":"Carlos Mart\u00ednez","1":"Carlos Mart\u00ednez","2":"Carlos Mart\u00ednez","3":"Carlos Mart\u00ednez","4":"Carlos Mart\u00ednez","5":"Carlos Mart\u00ednez","6":"Carlos Mart\u00ednez","7":"Carlos Mart\u00ednez","8":"Carlos Mart\u00ednez"}}