{"Injury":{"0":"Desgarro muscular","1":"Operaci\u00f3n de rodilla","2":"Lesi\u00f3n de muslo","3":"Traumatismo","4":"Lesi\u00f3n ocular"},"From":{"0":"09\/07\/2023","1":"26\/09\/2018","2":"19\/01\/2016","3":"28\/12\/2015","4":"07\/12\/2015"},"To":{"0":"31\/07\/2023","1":"29\/04\/2019","2":"18\/03\/2016","3":"18\/01\/2016","4":"14\/12\/2015"},"Teams":{"0":["CA San Lorenzo de Almagro"],"1":["West Ham United"],"2":["Aston Villa"],"3":["Aston Villa"],"4":["Aston Villa"]},"NumberOfMatches":{"0":"7","1":"34","2":"10","3":"5","4":"1"},"Player":{"0":"Carlos S\u00e1nchez","1":"Carlos S\u00e1nchez","2":"Carlos S\u00e1nchez","3":"Carlos S\u00e1nchez","4":"Carlos S\u00e1nchez"}}