{"Injury":{"0":"Golpe","1":"Problemas musculares","2":"Gastroenteritis gripal","3":"Infecci\u00f3n","4":"Coronavirus","5":"Esguince de tobillo","6":"Problemas estomacales","7":"Fractura de la articulaci\u00f3n de la pantorrilla","8":"Problemas musculares","9":"Herida menor","10":"Esguince de la articulaci\u00f3n del tobillo"},"From":{"0":"13\/10\/2023","1":"19\/04\/2022","2":"05\/02\/2022","3":"04\/10\/2021","4":"07\/11\/2020","5":"12\/11\/2018","6":"26\/02\/2018","7":"19\/09\/2016","8":"02\/05\/2016","9":"14\/04\/2016","10":"25\/09\/2014"},"To":{"0":"04\/01\/2024","1":"25\/04\/2022","2":"11\/02\/2022","3":"16\/10\/2021","4":"22\/11\/2020","5":"17\/12\/2018","6":"28\/02\/2018","7":"25\/11\/2016","8":"08\/05\/2016","9":"18\/04\/2016","10":"16\/10\/2014"},"Teams":{"0":["Manchester United"],"1":["Real Madrid CF"],"2":["Real Madrid CF"],"3":["Brasil"],"4":["Real Madrid CF","Brasil"],"5":["Real Madrid CF","Brasil"],"6":["Real Madrid CF"],"7":["Real Madrid CF","Brasil"],"8":["Real Madrid CF"],"9":["Real Madrid CF"],"10":["FC Oporto","Brasil"]},"NumberOfMatches":{"0":"17","1":"1","2":"1","3":"3","4":"4","5":"9","6":"1","7":"17","8":"2","9":"1","10":"5"},"Player":{"0":"Casemiro","1":"Casemiro","2":"Casemiro","3":"Casemiro","4":"Casemiro","5":"Casemiro","6":"Casemiro","7":"Casemiro","8":"Casemiro","9":"Casemiro","10":"Casemiro"}}