{"Injury":{"0":"Lesi\u00f3n desconocida","1":"Lesi\u00f3n muscular","2":"Lesi\u00f3n de tobillo","3":"Lesi\u00f3n desconocida","4":"Lesi\u00f3n desconocida","5":"Lesi\u00f3n de tobillo","6":"Rotura de fibras"},"From":{"0":"22\/09\/2018","1":"27\/11\/2017","2":"09\/02\/2013","3":"17\/02\/2011","4":"03\/11\/2010","5":"22\/08\/2010","6":"16\/03\/2010"},"To":{"0":"19\/11\/2018","1":"13\/12\/2017","2":"30\/03\/2013","3":"05\/03\/2011","4":"07\/12\/2010","5":"06\/09\/2010","6":"16\/04\/2010"},"Teams":{"0":["Rubin Kazan"],"1":["Granada CF"],"2":["Swansea City","Espa\u00f1a Sub-21"],"3":["G\u00e9nova"],"4":["G\u00e9nova"],"5":["G\u00e9nova","Espa\u00f1a Sub-21"],"6":["UD Almer\u00eda"]},"NumberOfMatches":{"0":"9","1":"2","2":"9","3":"2","4":"7","5":"2","6":"6"},"Player":{"0":"Chico Flores","1":"Chico Flores","2":"Chico Flores","3":"Chico Flores","4":"Chico Flores","5":"Chico Flores","6":"Chico Flores"}}