{"Injury":{"0":"Lesi\u00f3n de muslo","1":"Lesi\u00f3n del m\u00fasculo flexor de la pierna","2":"Accidente de tr\u00e1fico","3":"Lesi\u00f3n del m\u00fasculo flexor de la pierna","4":"Lesi\u00f3n de muslo","5":"Lesi\u00f3n de muslo","6":"Lesi\u00f3n del m\u00fasculo flexor de la pierna","7":"Problemas musculares","8":"Lesi\u00f3n de tobillo","9":"Infecci\u00f3n gripal","10":"Lesi\u00f3n de tobillo","11":"Coronavirus","12":"Gastroenteritis gripal","13":"Lesi\u00f3n de banda lateral","14":"Lesi\u00f3n de pantorrilla","15":"Problemas de muslos","16":"Cansancio muscular","17":"Fiebre","18":"Descanso","19":"Coronavirus","20":"Cuarentena","21":"Lesi\u00f3n de muslo","22":"Lesi\u00f3n de muslo","23":"Lesi\u00f3n de muslo","24":"Problemas musculares","25":"Gastroenteritis gripal","26":"Lesi\u00f3n de muslo","27":"Fractura del hueso nasal","28":"Problemas de rodilla","29":"Extensi\u00f3n del ligamento interno de la rodilla ","30":"Infecci\u00f3n gripal","31":"Resfriado","32":"Inflamaci\u00f3n","33":"Cansancio muscular","34":"Problemas de muslos","35":"Sobreestiramiento"},"From":{"0":"22\/12\/2023","1":"07\/10\/2023","2":"16\/04\/2023","3":"05\/03\/2023","4":"15\/01\/2023","5":"12\/11\/2022","6":"17\/10\/2022","7":"22\/09\/2022","8":"05\/05\/2022","9":"14\/02\/2022","10":"07\/02\/2022","11":"20\/12\/2021","12":"16\/12\/2021","13":"02\/12\/2021","14":"08\/11\/2021","15":"22\/23","16":"18\/19","17":"15\/16","18":"11\/12","19":"14\/10\/2021","20":"13\/09\/2021","21":"24\/05\/2021","22":"25\/01\/2021","23":"19\/11\/2020","24":"02\/11\/2020","25":"18\/02\/2019","26":"17\/05\/2018","27":"01\/02\/2018","28":"06\/11\/2017","29":"04\/05\/2017","30":"09\/05\/2016","31":"10\/08\/2015","32":"30\/04\/2015","33":"06\/04\/2015","34":"21\/22","35":"17\/18"},"To":{"0":"13\/01\/2024","1":"19\/10\/2023","2":"21\/04\/2023","3":"18\/03\/2023","4":"27\/01\/2023","5":"18\/11\/2022","6":"08\/11\/2022","7":"03\/10\/2022","8":"16\/06\/2022","9":"24\/02\/2022","10":"14\/02\/2022","11":"30\/12\/2021","12":"23\/12\/2021","13":"09\/12\/2021","14":"25\/11\/2021","15":"21\/22","16":"17\/18","17":"14\/15","18":"21\/22","19":"21\/22","20":"20\/21","21":"20\/21","22":"20\/21","23":"20\/21","24":"18\/19","25":"17\/18","26":"17\/18","27":"17\/18","28":"16\/17","29":"15\/16","30":"15\/16","31":"14\/15","32":"14\/15","33":"23\/24","34":"20\/21","35":"16\/17"},"Teams":{"0":["SS Lazio"],"1":["SS Lazio"],"2":[],"3":["SS Lazio"],"4":["SS Lazio"],"5":["SS Lazio","Italia"],"6":["SS Lazio"],"7":["SS Lazio","Italia"],"8":["SS Lazio","Italia"],"9":["SS Lazio"],"10":["SS Lazio"],"11":["SS Lazio"],"12":["SS Lazio"],"13":["SS Lazio"],"14":["SS Lazio","Italia"],"15":["SS Lazio","Italia"],"16":["SS Lazio","Italia"],"17":["SS Lazio"],"18":["SS Lazio"],"19":["SS Lazio","Italia"],"20":["SS Lazio"],"21":["SS Lazio"],"22":["SS Lazio"],"23":["SS Lazio"],"24":["SS Lazio"],"25":[],"26":["Torino FC","Italia"],"27":[],"28":["Borussia Dortmund"],"29":["Borussia Dortmund"],"30":[],"31":["Borussia Dortmund"],"32":["Torino FC"],"33":["Delfino Pescara 1936"],"34":["Delfino Pescara 1936"],"35":["Delfino Pescara 1936"]},"NumberOfMatches":{"0":"4","1":"1","2":"-","3":"3","4":"3","5":"2","6":"5","7":"3","8":"8","9":"3","10":"2","11":"1","12":"2","13":"3","14":"4","15":"4","16":"2","17":"1","18":"2","19":"5","20":"2","21":"4","22":"3","23":"4","24":"1","25":"-","26":"9","27":"-","28":"1","29":"1","30":"-","31":"1","32":"2","33":"1","34":"3","35":"2"},"Player":{"0":"Ciro Immobile","1":"Ciro Immobile","2":"Ciro Immobile","3":"Ciro Immobile","4":"Ciro Immobile","5":"Ciro Immobile","6":"Ciro Immobile","7":"Ciro Immobile","8":"Ciro Immobile","9":"Ciro Immobile","10":"Ciro Immobile","11":"Ciro Immobile","12":"Ciro Immobile","13":"Ciro Immobile","14":"Ciro Immobile","15":"Ciro Immobile","16":"Ciro Immobile","17":"Ciro Immobile","18":"Ciro Immobile","19":"Ciro Immobile","20":"Ciro Immobile","21":"Ciro Immobile","22":"Ciro Immobile","23":"Ciro Immobile","24":"Ciro Immobile","25":"Ciro Immobile","26":"Ciro Immobile","27":"Ciro Immobile","28":"Ciro Immobile","29":"Ciro Immobile","30":"Ciro Immobile","31":"Ciro Immobile","32":"Ciro Immobile","33":"Ciro Immobile","34":"Ciro Immobile","35":"Ciro Immobile"}}