{"Injury":{"0":"Problemas de muslos","1":"Desgarro muscular","2":"Desgarro muscular","3":"Desgarro muscular","4":"Problemas musculares","5":"Coronavirus","6":"Problemas musculares","7":"Problemas de muslos","8":"Lesi\u00f3n de muslo","9":"Rotura de fibras","10":"Lesi\u00f3n desconocida","11":"Cirug\u00eda del tobillo","12":"Hematoma metatarsiano","13":"Rotura de fibras","14":"Gripe","15":"Lesi\u00f3n de rodilla","16":"Cirug\u00eda"},"From":{"0":"17\/10\/2022","1":"05\/06\/2022","2":"24\/04\/2022","3":"10\/09\/2021","4":"07\/12\/2020","5":"07\/11\/2020","6":"06\/02\/2020","7":"10\/01\/2020","8":"29\/11\/2019","9":"21\/01\/2019","10":"10\/08\/2018","11":"10\/07\/2016","12":"13\/01\/2015","13":"22\/01\/2014","14":"04\/01\/2013","15":"21\/22","16":"18\/19"},"To":{"0":"20\/10\/2022","1":"30\/06\/2022","2":"15\/05\/2022","3":"23\/09\/2021","4":"27\/02\/2021","5":"17\/11\/2020","6":"13\/02\/2020","7":"01\/02\/2020","8":"01\/01\/2020","9":"12\/03\/2019","10":"10\/09\/2018","11":"22\/10\/2016","12":"27\/03\/2015","13":"07\/03\/2014","14":"08\/01\/2013","15":"20\/21","16":"16\/17"},"Teams":{"0":["CA San Lorenzo de Almagro"],"1":["CA San Lorenzo de Almagro"],"2":["CA San Lorenzo de Almagro"],"3":["CA San Lorenzo de Almagro"],"4":["G\u00e9nova"],"5":["G\u00e9nova"],"6":["G\u00e9nova"],"7":["G\u00e9nova"],"8":["G\u00e9nova"],"9":["AC Milan"],"10":["AC Milan","Colombia"],"11":["AC Milan","Colombia"],"12":["AC Milan","Colombia"],"13":["AC Milan","Colombia"],"14":["AC Milan"],"15":["Villarreal CF","Colombia"],"16":["Udinese","Colombia"]},"NumberOfMatches":{"0":"1","1":"4","2":"2","3":"2","4":"15","5":"1","6":"1","7":"3","8":"5","9":"10","10":"3","11":"13","12":"13","13":"9","14":"1","15":"8","16":"6"},"Player":{"0":"Cristi\u00e1n Zapata","1":"Cristi\u00e1n Zapata","2":"Cristi\u00e1n Zapata","3":"Cristi\u00e1n Zapata","4":"Cristi\u00e1n Zapata","5":"Cristi\u00e1n Zapata","6":"Cristi\u00e1n Zapata","7":"Cristi\u00e1n Zapata","8":"Cristi\u00e1n Zapata","9":"Cristi\u00e1n Zapata","10":"Cristi\u00e1n Zapata","11":"Cristi\u00e1n Zapata","12":"Cristi\u00e1n Zapata","13":"Cristi\u00e1n Zapata","14":"Cristi\u00e1n Zapata","15":"Cristi\u00e1n Zapata","16":"Cristi\u00e1n Zapata"}}