{"Injury":{"0":"Coronavirus","1":"Lesi\u00f3n desconocida","2":"Lesi\u00f3n muscular","3":"Lesi\u00f3n de rodilla","4":"Problemas del tend\u00f3n de Aquiles"},"From":{"0":"10\/08\/2021","1":"15\/12\/2020","2":"06\/10\/2019","3":"09\/08\/2017","4":"03\/09\/2016"},"To":{"0":"23\/08\/2021","1":"31\/03\/2021","2":"06\/11\/2019","3":"09\/11\/2017","4":"01\/10\/2016"},"Teams":{"0":["CD Santa Clara"],"1":["CD Santa Clara"],"2":["CD Mirand\u00e9s"],"3":["Sevilla Atl\u00e9tico"],"4":["Sevilla Atl\u00e9tico"]},"NumberOfMatches":{"0":"4","1":"17","2":"4","3":"13","4":"5"},"Player":{"0":"Cristian Tassano","1":"Cristian Tassano","2":"Cristian Tassano","3":"Cristian Tassano","4":"Cristian Tassano"}}