{"Injury":{"0":"Lesi\u00f3n de muslo","1":"Problemas de rodilla","2":"Operaci\u00f3n de rodilla","3":"Lesi\u00f3n de rodilla"},"From":{"0":"21\/02\/2017","1":"15\/11\/2016","2":"11\/05\/2016","3":"12\/02\/2016"},"To":{"0":"17\/03\/2017","1":"19\/01\/2017","2":"24\/09\/2016","3":"01\/03\/2016"},"Teams":{"0":["Real Sporting de Gij\u00f3n"],"1":["Real Sporting de Gij\u00f3n"],"2":["Real Sporting de Gij\u00f3n"],"3":["Real Sporting de Gij\u00f3n"]},"NumberOfMatches":{"0":"4","1":"9","2":"7","3":"4"},"Player":{"0":"Dani Ndi","1":"Dani Ndi","2":"Dani Ndi","3":"Dani Ndi"}}