{"Injury":{"0":"Lesi\u00f3n de muslo","1":"Lesi\u00f3n de tobillo","2":"Distorsi\u00f3n de banda interna ","3":"Lesi\u00f3n de muslo","4":"Pubis","5":"Lesi\u00f3n muscular","6":"Lesi\u00f3n muscular","7":"Fractura metacarpiana"},"From":{"0":"24\/11\/2023","1":"31\/07\/2023","2":"21\/05\/2023","3":"24\/10\/2022","4":"10\/03\/2022","5":"15\/04\/2019","6":"30\/03\/2019","7":"14\/02\/2017"},"To":{"0":"27\/01\/2024","1":"25\/08\/2023","2":"19\/06\/2023","3":"27\/11\/2022","4":"07\/04\/2022","5":"03\/05\/2019","6":"13\/04\/2019","7":"24\/02\/2017"},"Teams":{"0":["Athletic Club"],"1":["Athletic Club"],"2":["Athletic Club"],"3":["Athletic Club"],"4":["Athletic Club"],"5":["Athletic Club"],"6":["Athletic Club"],"7":["SD Eibar"]},"NumberOfMatches":{"0":"12","1":"2","2":"3","3":"4","4":"3","5":"3","6":"2","7":"1"},"Player":{"0":"Dani Garc\u00eda","1":"Dani Garc\u00eda","2":"Dani Garc\u00eda","3":"Dani Garc\u00eda","4":"Dani Garc\u00eda","5":"Dani Garc\u00eda","6":"Dani Garc\u00eda","7":"Dani Garc\u00eda"}}