{"Injury":{"0":"Lesi\u00f3n muscular","1":"Lesi\u00f3n muscular","2":"Lesi\u00f3n muscular","3":"Lesi\u00f3n de muslo","4":"Problemas musculares","5":"Lesi\u00f3n muscular","6":"Lesi\u00f3n muscular","7":"Problemas inguinales","8":"Lesi\u00f3n del m\u00fasculo flexor de la pierna","9":"Molestias en los aductores","10":"Herida menor","11":"Lesi\u00f3n de pantorrilla","12":"Fractura de r\u00f3tula","13":"Distorsi\u00f3n del tobillo","14":"Contusi\u00f3n","15":"Problemas musculares","16":"Problemas musculares","17":"Rotura del m\u00fasculo de la pantorrilla","18":"Herida menor","19":"Problemas de muslos","20":"Traumatismo","21":"Traumatismo"},"From":{"0":"08\/04\/2019","1":"18\/02\/2019","2":"31\/07\/2018","3":"10\/04\/2018","4":"14\/08\/2017","5":"20\/10\/2016","6":"11\/08\/2016","7":"31\/03\/2016","8":"19\/01\/2015","9":"29\/12\/2014","10":"10\/02\/2014","11":"20\/01\/2014","12":"29\/07\/2013","13":"06\/05\/2013","14":"07\/02\/2013","15":"17\/18","16":"14\/15","17":"11\/12","18":"03\/01\/2013","19":"12\/11\/2012","20":"07\/05\/2012","21":"19\/09\/2011"},"To":{"0":"01\/07\/2019","1":"28\/03\/2019","2":"31\/08\/2018","3":"28\/04\/2018","4":"11\/09\/2017","5":"28\/11\/2016","6":"29\/09\/2016","7":"14\/04\/2016","8":"19\/02\/2015","9":"12\/01\/2015","10":"17\/02\/2014","11":"23\/01\/2014","12":"07\/11\/2013","13":"13\/05\/2013","14":"14\/02\/2013","15":"16\/17","16":"13\/14","17":"10\/11","18":"17\/01\/2013","19":"13\/12\/2012","20":"24\/05\/2012","21":"26\/09\/2011"},"Teams":{"0":[],"1":["Villarreal CF"],"2":["Villarreal CF"],"3":["Villarreal CF"],"4":["Villarreal CF"],"5":["Villarreal CF"],"6":["Villarreal CF"],"7":["Villarreal CF"],"8":["AC Milan"],"9":["AC Milan"],"10":["AC Milan"],"11":["AC Milan"],"12":["AC Milan","Italia"],"13":["AC Milan"],"14":["AC Milan"],"15":["AC Milan"],"16":["AC Milan","Italia"],"17":["AC Milan"],"18":["AC Milan"],"19":["AC Milan","Italia"],"20":["AC Milan"],"21":["AC Milan","Italia"]},"NumberOfMatches":{"0":"-","1":"7","2":"3","3":"3","4":"3","5":"8","6":"10","7":"4","8":"5","9":"2","10":"1","11":"1","12":"29","13":"2","14":"1","15":"3","16":"10","17":"1","18":"2","19":"8","20":"6","21":"7"},"Player":{"0":"Daniele Bonera","1":"Daniele Bonera","2":"Daniele Bonera","3":"Daniele Bonera","4":"Daniele Bonera","5":"Daniele Bonera","6":"Daniele Bonera","7":"Daniele Bonera","8":"Daniele Bonera","9":"Daniele Bonera","10":"Daniele Bonera","11":"Daniele Bonera","12":"Daniele Bonera","13":"Daniele Bonera","14":"Daniele Bonera","15":"Daniele Bonera","16":"Daniele Bonera","17":"Daniele Bonera","18":"Daniele Bonera","19":"Daniele Bonera","20":"Daniele Bonera","21":"Daniele Bonera"}}