{"Injury":{"0":"Lesi\u00f3n de muslo","1":"M\u00fasculo desgarrado","2":"Gripe","3":"Lesi\u00f3n de pierna","4":"Lesi\u00f3n desconocida"},"From":{"0":"01\/05\/2023","1":"14\/12\/2020","2":"17\/02\/2018","3":"01\/08\/2016","4":"25\/03\/2015"},"To":{"0":"17\/06\/2023","1":"25\/01\/2021","2":"23\/02\/2018","3":"04\/10\/2016","4":"11\/04\/2015"},"Teams":{"0":["Botafogo de Futebol e Regatas"],"1":["OGC Niza"],"2":["SC Braga"],"3":["SL Benfica","Brasil Sub 20"],"4":["SC Braga"]},"NumberOfMatches":{"0":"12","1":"7","2":"2","3":"12","4":"2"},"Player":{"0":"Danilo Barbosa","1":"Danilo Barbosa","2":"Danilo Barbosa","3":"Danilo Barbosa","4":"Danilo Barbosa"}}