{"Injury":{"0":"Problemas del tend\u00f3n de Aquiles","1":"Lesi\u00f3n desconocida","2":"Rotura del m\u00fasculo de la pantorrilla","3":"Rotura del m\u00fasculo de la pantorrilla","4":"Rotura del m\u00fasculo de la pantorrilla","5":"Lesi\u00f3n desconocida","6":"Rotura del m\u00fasculo de la pantorrilla"},"From":{"0":"30\/10\/2018","1":"06\/08\/2018","2":"20\/11\/2017","3":"14\/10\/2015","4":"27\/02\/2014","5":"26\/02\/2013","6":"16\/04\/2011"},"To":{"0":"17\/03\/2019","1":"10\/09\/2018","2":"15\/01\/2018","3":"04\/11\/2015","4":"24\/03\/2014","5":"09\/03\/2013","6":"14\/05\/2011"},"Teams":{"0":["Akhisarspor"],"1":["Akhisarspor"],"2":["Kardemir Karab\u00fckspor"],"3":["Bursaspor"],"4":["Besiktas JK","Camer\u00fan"],"5":["Galatasaray"],"6":["Gaziantepspor","Camer\u00fan U20"]},"NumberOfMatches":{"0":"25","1":"4","2":"8","3":"3","4":"5","5":"2","6":"10"},"Player":{"0":"Dany Nounkeu","1":"Dany Nounkeu","2":"Dany Nounkeu","3":"Dany Nounkeu","4":"Dany Nounkeu","5":"Dany Nounkeu","6":"Dany Nounkeu"}}