{"Injury":{"0":"Problemas del tend\u00f3n de Aquiles","1":"Contractura","2":"Problemas de pantorrillas","3":"Problemas de rodilla","4":"Desgarro muscular","5":"Desgarro muscular","6":"Gripe","7":"Esguince de tobillo","8":"Problemas musculares","9":"Problemas del tend\u00f3n de Aquiles","10":"Problemas del tend\u00f3n de Aquiles","11":"Desgarro muscular","12":"Sobrecarga","13":"Lesi\u00f3n de muslo","14":"Problemas del tend\u00f3n de Aquiles","15":"Rotura del ligamento cruzado","16":"Traumatismo"},"From":{"0":"24\/11\/2023","1":"25\/10\/2023","2":"31\/07\/2023","3":"23\/06\/2023","4":"19\/04\/2023","5":"20\/10\/2022","6":"21\/09\/2022","7":"21\/07\/2022","8":"04\/03\/2022","9":"07\/02\/2020","10":"28\/01\/2020","11":"22\/07\/2019","12":"10\/05\/2019","13":"28\/09\/2018","14":"22\/07\/2018","15":"22\/23","16":"18\/19"},"To":{"0":"02\/12\/2023","1":"02\/11\/2023","2":"05\/08\/2023","3":"09\/07\/2023","4":"10\/05\/2023","5":"05\/11\/2022","6":"25\/09\/2022","7":"08\/08\/2022","8":"17\/03\/2022","9":"15\/02\/2020","10":"01\/02\/2020","11":"06\/08\/2019","12":"15\/05\/2019","13":"16\/10\/2018","14":"24\/08\/2018","15":"21\/22","16":"17\/18"},"Teams":{"0":["CA Boca Juniors"],"1":["CA Boca Juniors"],"2":["CA Boca Juniors"],"3":["CA Boca Juniors"],"4":["CA Boca Juniors"],"5":["CA Boca Juniors"],"6":["CA Boca Juniors"],"7":["CA Boca Juniors"],"8":["CA Boca Juniors"],"9":["Olympique de Marsella"],"10":["Olympique de Marsella"],"11":["CA Boca Juniors","Olympique de Marsella"],"12":["CA Boca Juniors"],"13":["CA Boca Juniors","Argentina"],"14":["CA Boca Juniors"],"15":["CA Boca Juniors","Argentina"],"16":["CF Am\u00e9rica"]},"NumberOfMatches":{"0":"1","1":"2","2":"1","3":"4","4":"5","5":"3","6":"1","7":"3","8":"2","9":"2","10":"1","11":"1","12":"2","13":"6","14":"4","15":"32","16":"1"},"Player":{"0":"Dar\u00edo Benedetto","1":"Dar\u00edo Benedetto","2":"Dar\u00edo Benedetto","3":"Dar\u00edo Benedetto","4":"Dar\u00edo Benedetto","5":"Dar\u00edo Benedetto","6":"Dar\u00edo Benedetto","7":"Dar\u00edo Benedetto","8":"Dar\u00edo Benedetto","9":"Dar\u00edo Benedetto","10":"Dar\u00edo Benedetto","11":"Dar\u00edo Benedetto","12":"Dar\u00edo Benedetto","13":"Dar\u00edo Benedetto","14":"Dar\u00edo Benedetto","15":"Dar\u00edo Benedetto","16":"Dar\u00edo Benedetto"}}