{"Injury":{"0":"Fractura de mu\u00f1eca","1":"Lesi\u00f3n desconocida","2":"Lesi\u00f3n inguinal","3":"Traumatismo","4":"Lesi\u00f3n de espalda"},"From":{"0":"07\/12\/2021","1":"22\/03\/2021","2":"20\/09\/2019","3":"30\/11\/2017","4":"10\/02\/2016"},"To":{"0":"14\/12\/2021","1":"08\/05\/2021","2":"06\/03\/2020","3":"19\/12\/2017","4":"01\/03\/2016"},"Teams":{"0":["FC Cartagena"],"1":["FC Cartagena"],"2":["RC Deportivo de La Coru\u00f1a"],"3":["UD Las Palmas"],"4":["UD Las Palmas"]},"NumberOfMatches":{"0":"1","1":"8","2":"26","3":"3","4":"4"},"Player":{"0":"David Sim\u00f3n","1":"David Sim\u00f3n","2":"David Sim\u00f3n","3":"David Sim\u00f3n","4":"David Sim\u00f3n"}}