{"Injury":{"0":"Lesi\u00f3n de pantorrilla","1":"Lesi\u00f3n del aductor","2":"Lesi\u00f3n de rodilla","3":"Lesi\u00f3n de pantorrilla","4":"Lesi\u00f3n del aductor","5":"Rotura de fibras","6":"Distensi\u00f3n de muslo","7":"Lesi\u00f3n de tobillo","8":"Cirug\u00eda de c\u00e1lculos renales","9":"D\u00e9ficit de entrenamiento","10":"Fractura de tibia","11":"Estiramiento de los m\u00fasculos de los muslos y los gl\u00fateos","12":"Sobrecarga","13":"Rotura de fibras"},"From":{"0":"02\/08\/2019","1":"07\/04\/2019","2":"25\/06\/2018","3":"16\/03\/2018","4":"05\/09\/2017","5":"17\/04\/2015","6":"02\/02\/2014","7":"06\/10\/2013","8":"11\/02\/2013","9":"01\/08\/2012","10":"16\/12\/2011","11":"04\/10\/2009","12":"27\/06\/2008","13":"12\/12\/2007"},"To":{"0":"18\/08\/2019","1":"25\/04\/2019","2":"10\/08\/2018","3":"08\/04\/2018","4":"15\/09\/2017","5":"01\/05\/2015","6":"13\/02\/2014","7":"16\/10\/2013","8":"21\/02\/2013","9":"17\/08\/2012","10":"31\/07\/2012","11":"20\/10\/2009","12":"03\/07\/2008","13":"31\/12\/2007"},"Teams":{"0":["Vissel Kobe"],"1":["Vissel Kobe"],"2":["New York City FC"],"3":["New York City FC"],"4":["New York City FC"],"5":["New York City FC"],"6":["Atl\u00e9tico de Madrid"],"7":["Atl\u00e9tico de Madrid","Espa\u00f1a"],"8":["FC Barcelona"],"9":["Espa\u00f1a"],"10":["FC Barcelona","Espa\u00f1a"],"11":["Valencia CF","Espa\u00f1a"],"12":["Espa\u00f1a"],"13":["Valencia CF"]},"NumberOfMatches":{"0":"4","1":"4","2":"7","3":"3","4":"2","5":"3","6":"4","7":"5","8":"2","9":"1","10":"48","11":"4","12":"1","13":"3"},"Player":{"0":"David Villa","1":"David Villa","2":"David Villa","3":"David Villa","4":"David Villa","5":"David Villa","6":"David Villa","7":"David Villa","8":"David Villa","9":"David Villa","10":"David Villa","11":"David Villa","12":"David Villa","13":"David Villa"}}