{"Injury":{"0":"Traumatismo","1":"Lesi\u00f3n muscular","2":"Lesi\u00f3n de mano","3":"Rotura del ligamento cruzado"},"From":{"0":"01\/09\/2016","1":"04\/05\/2015","2":"18\/12\/2012","3":"15\/09\/2008"},"To":{"0":"13\/10\/2016","1":"20\/05\/2015","2":"03\/01\/2013","3":"26\/04\/2009"},"Teams":{"0":["Granada CF","Espa\u00f1a Sub-17"],"1":["Elche CF","Espa\u00f1a Sub-17"],"2":["FC Barcelona B"],"3":["Valencia Mestalla","Espa\u00f1a Sub-17"]},"NumberOfMatches":{"0":"8","1":"7","2":"1","3":"40"},"Player":{"0":"David Lomb\u00e1n","1":"David Lomb\u00e1n","2":"David Lomb\u00e1n","3":"David Lomb\u00e1n"}}