{"Injury":{"0":"Operaci\u00f3n de rodilla","1":"Rotura del m\u00fasculo de la pantorrilla","2":"Problemas de rodilla","3":"Lesi\u00f3n de hombro","4":"Problemas del tend\u00f3n rotuliano"},"From":{"0":"15\/04\/2013","1":"21\/11\/2009","2":"17\/09\/2008","3":"05\/04\/2003","4":"31\/07\/2002"},"To":{"0":"15\/07\/2013","1":"02\/12\/2009","2":"26\/01\/2009","3":"26\/04\/2003","4":"20\/12\/2002"},"Teams":{"0":["CA River Plate","Francia"],"1":["Juventus de Tur\u00edn"],"2":["Juventus de Tur\u00edn","Francia"],"3":["Juventus de Tur\u00edn"],"4":["Juventus de Tur\u00edn","Francia"]},"NumberOfMatches":{"0":"26","1":"3","2":"31","3":"5","4":"33"},"Player":{"0":"David Trezeguet","1":"David Trezeguet","2":"David Trezeguet","3":"David Trezeguet","4":"David Trezeguet"}}