{"Injury":{"0":"Traumatismo","1":"Traumatismo","2":"Lesi\u00f3n de muslo","3":"Lesi\u00f3n muscular","4":"Lesi\u00f3n muscular","5":"Enfermo","6":"Fractura de clav\u00edcula","7":"Lesi\u00f3n de hombro","8":"Lesi\u00f3n muscular","9":"Lesi\u00f3n desconocida","10":"Lesi\u00f3n desconocida","11":"Rotura de fibras","12":"Endurecimiento muscular"},"From":{"0":"07\/10\/2023","1":"20\/09\/2023","2":"20\/01\/2023","3":"26\/09\/2022","4":"28\/07\/2022","5":"01\/04\/2022","6":"22\/10\/2021","7":"19\/03\/2021","8":"10\/09\/2020","9":"03\/03\/2019","10":"20\/03\/2017","11":"15\/02\/2016","12":"06\/02\/2016"},"To":{"0":"10\/10\/2023","1":"04\/10\/2023","2":"28\/02\/2023","3":"24\/10\/2022","4":"08\/08\/2022","5":"07\/04\/2022","6":"07\/12\/2021","7":"19\/04\/2021","8":"15\/11\/2020","9":"14\/03\/2019","10":"20\/06\/2017","11":"10\/03\/2016","12":"10\/02\/2016"},"Teams":{"0":["Union Saint-Gilloise"],"1":["Union Saint-Gilloise"],"2":["Union Saint-Gilloise"],"3":["Union Saint-Gilloise"],"4":["Union Saint-Gilloise"],"5":["FC Ingolstadt 04"],"6":["FC Ingolstadt 04"],"7":["FC Ingolstadt 04"],"8":["FC Ingolstadt 04"],"9":["Excelsior Rotterdam"],"10":["Borussia M\u00f6nchengladbach II"],"11":["Borussia M\u00f6nchengladbach U19"],"12":["Borussia M\u00f6nchengladbach U19"]},"NumberOfMatches":{"0":"1","1":"4","2":"7","3":"7","4":"3","5":"1","6":"7","7":"5","8":"11","9":"1","10":"10","11":"3","12":"1"},"Player":{"0":"Dennis Eckert Ayensa","1":"Dennis Eckert Ayensa","2":"Dennis Eckert Ayensa","3":"Dennis Eckert Ayensa","4":"Dennis Eckert Ayensa","5":"Dennis Eckert Ayensa","6":"Dennis Eckert Ayensa","7":"Dennis Eckert Ayensa","8":"Dennis Eckert Ayensa","9":"Dennis Eckert Ayensa","10":"Dennis Eckert Ayensa","11":"Dennis Eckert Ayensa","12":"Dennis Eckert Ayensa"}}