{"Injury":{"0":"Lesi\u00f3n desconocida","1":"Lesi\u00f3n muscular","2":"Esguince","3":"D\u00e9ficit de entrenamiento","4":"Lesi\u00f3n muscular","5":"Problemas de tobillo","6":"Traumatismo craneal","7":"Lesi\u00f3n de pierna","8":"Lesi\u00f3n de muslo"},"From":{"0":"30\/07\/2023","1":"26\/04\/2022","2":"30\/10\/2021","3":"11\/08\/2020","4":"13\/06\/2020","5":"02\/02\/2020","6":"19\/09\/2019","7":"15\/07\/2019","8":"06\/05\/2018"},"To":{"0":"26\/08\/2023","1":"30\/06\/2022","2":"25\/11\/2021","3":"05\/09\/2020","4":"19\/07\/2020","5":"15\/03\/2020","6":"04\/11\/2019","7":"31\/08\/2019","8":"03\/07\/2018"},"Teams":{"0":["Tigres UANL"],"1":["Tigres UANL"],"2":["Tigres UANL"],"3":["Tigres UANL"],"4":[],"5":["Tigres UANL"],"6":["Tigres UANL","M\u00e9xico"],"7":["Fenerbahce","Tigres UANL"],"8":["FC Oporto","M\u00e9xico"]},"NumberOfMatches":{"0":"4","1":"5","2":"2","3":"4","4":"-","5":"10","6":"11","7":"1","8":"9"},"Player":{"0":"Diego Reyes","1":"Diego Reyes","2":"Diego Reyes","3":"Diego Reyes","4":"Diego Reyes","5":"Diego Reyes","6":"Diego Reyes","7":"Diego Reyes","8":"Diego Reyes"}}