{"Injury":{"0":"Desgarro muscular","1":"Molestias en los aductores","2":"Sobrecarga","3":"Problemas del tend\u00f3n rotuliano","4":"Traumatismo","5":"Cansancio muscular","6":"Problemas del tend\u00f3n rotuliano","7":"Problemas de rodilla","8":"Cansancio muscular","9":"Coronavirus","10":"Problemas musculares","11":"Lesi\u00f3n muscular","12":"Lesi\u00f3n de muslo","13":"Lesi\u00f3n muscular","14":"Lesi\u00f3n muscular","15":"Lesi\u00f3n muscular","16":"Traumatismo","17":"Lesi\u00f3n facial","18":"Traumatismo","19":"Lesi\u00f3n inguinal","20":"Esguince de tobillo","21":"Lesi\u00f3n de muslo","22":"Lesi\u00f3n de muslo","23":"Gastroenteritis gripal","24":"Lesi\u00f3n de rodilla","25":"Apendicitis","26":"Problemas de rodilla","27":"Problemas de muslos"},"From":{"0":"22\/06\/2023","1":"20\/04\/2023","2":"05\/03\/2023","3":"07\/08\/2022","4":"10\/06\/2022","5":"20\/11\/2021","6":"17\/10\/2021","7":"07\/09\/2021","8":"24\/12\/2020","9":"20\/11\/2020","10":"08\/06\/2020","11":"01\/08\/2019","12":"10\/04\/2019","13":"27\/01\/2019","14":"11\/11\/2018","15":"21\/22","16":"18\/19","17":"15\/16","18":"18\/19","19":"17\/18","20":"17\/18","21":"17\/18","22":"16\/17","23":"16\/17","24":"15\/16","25":"15\/16","26":"15\/16","27":"15\/16"},"To":{"0":"10\/07\/2023","1":"10\/05\/2023","2":"16\/03\/2023","3":"14\/10\/2022","4":"03\/07\/2022","5":"05\/12\/2021","6":"01\/11\/2021","7":"22\/09\/2021","8":"07\/01\/2021","9":"18\/12\/2020","10":"19\/06\/2020","11":"30\/08\/2019","12":"19\/04\/2019","13":"08\/02\/2019","14":"10\/12\/2018","15":"20\/21","16":"17\/18","17":"10\/11","18":"28\/10\/2018","19":"06\/03\/2018","20":"05\/02\/2018","21":"08\/11\/2017","22":"08\/02\/2017","23":"29\/09\/2016","24":"21\/04\/2016","25":"17\/03\/2016","26":"03\/03\/2016","27":"01\/02\/2016"},"Teams":{"0":["CA V\u00e9lez Sarsfield"],"1":["CA V\u00e9lez Sarsfield"],"2":["CA V\u00e9lez Sarsfield"],"3":["CA V\u00e9lez Sarsfield","Uruguay"],"4":["Clube Atl\u00e9tico Mineiro","CA V\u00e9lez Sarsfield"],"5":["Cagliari"],"6":["Cagliari"],"7":["Cagliari","Uruguay"],"8":["Cagliari"],"9":["Cagliari"],"10":["Inter de Mil\u00e1n"],"11":["Inter de Mil\u00e1n"],"12":["Atl\u00e9tico de Madrid"],"13":["Atl\u00e9tico de Madrid"],"14":["Atl\u00e9tico de Madrid","Uruguay"],"15":["Atl\u00e9tico de Madrid"],"16":["Atl\u00e9tico de Madrid"],"17":["Atl\u00e9tico de Madrid"],"18":["Uruguay"],"19":["Atl\u00e9tico de Madrid"],"20":["Atl\u00e9tico de Madrid"],"21":["Atl\u00e9tico de Madrid"],"22":["Atl\u00e9tico de Madrid","Uruguay"],"23":["Atl\u00e9tico de Madrid"],"24":["Atl\u00e9tico de Madrid"],"25":["Atl\u00e9tico de Madrid","Uruguay"],"26":["Atl\u00e9tico de Madrid","Uruguay"],"27":["Uruguay"]},"NumberOfMatches":{"0":"4","1":"5","2":"2","3":"18","4":"2","5":"3","6":"4","7":"4","8":"2","9":"6","10":"1","11":"1","12":"1","13":"1","14":"7","15":"3","16":"1","17":"1","18":"1","19":"3","20":"1","21":"3","22":"4","23":"1","24":"1","25":"6","26":"4","27":"1"},"Player":{"0":"Diego God\u00edn","1":"Diego God\u00edn","2":"Diego God\u00edn","3":"Diego God\u00edn","4":"Diego God\u00edn","5":"Diego God\u00edn","6":"Diego God\u00edn","7":"Diego God\u00edn","8":"Diego God\u00edn","9":"Diego God\u00edn","10":"Diego God\u00edn","11":"Diego God\u00edn","12":"Diego God\u00edn","13":"Diego God\u00edn","14":"Diego God\u00edn","15":"Diego God\u00edn","16":"Diego God\u00edn","17":"Diego God\u00edn","18":"Diego God\u00edn","19":"Diego God\u00edn","20":"Diego God\u00edn","21":"Diego God\u00edn","22":"Diego God\u00edn","23":"Diego God\u00edn","24":"Diego God\u00edn","25":"Diego God\u00edn","26":"Diego God\u00edn","27":"Diego God\u00edn"}}