{"Injury":{"0":"Problemas de rodilla","1":"Lesi\u00f3n de rodilla","2":"Problemas de rodilla","3":"Rotura de fibras","4":"Rotura de fibras","5":"Problemas inguinales","6":"Lesi\u00f3n desconocida","7":"Problemas de muslos","8":"Descanso","9":"Descanso","10":"Descanso","11":"Problemas de rodilla"},"From":{"0":"18\/06\/2014","1":"05\/03\/2014","2":"03\/07\/2010","3":"22\/02\/2010","4":"07\/02\/2010","5":"25\/05\/2009","6":"01\/10\/2008","7":"28\/04\/2008","8":"22\/11\/2007","9":"17\/08\/2007","10":"04\/08\/2007","11":"07\/01\/2007"},"To":{"0":"26\/06\/2014","1":"20\/03\/2014","2":"08\/07\/2010","3":"06\/03\/2010","4":"28\/02\/2010","5":"15\/06\/2009","6":"07\/10\/2008","7":"16\/05\/2008","8":"25\/11\/2007","9":"19\/08\/2007","10":"12\/08\/2007","11":"15\/02\/2007"},"Teams":{"0":["Uruguay"],"1":["West Bromwich Albion"],"2":["Uruguay"],"3":["Fenerbahce","Uruguay"],"4":["Fenerbahce"],"5":["Fenerbahce","Uruguay"],"6":["Fenerbahce"],"7":["Fenerbahce"],"8":["Fenerbahce"],"9":["Fenerbahce"],"10":["Fenerbahce"],"11":["Fenerbahce","Uruguay"]},"NumberOfMatches":{"0":"2","1":"2","2":"1","3":"4","4":"7","5":"3","6":"1","7":"2","8":"1","9":"1","10":"2","11":"7"},"Player":{"0":"Diego Lugano","1":"Diego Lugano","2":"Diego Lugano","3":"Diego Lugano","4":"Diego Lugano","5":"Diego Lugano","6":"Diego Lugano","7":"Diego Lugano","8":"Diego Lugano","9":"Diego Lugano","10":"Diego Lugano","11":"Diego Lugano"}}