{"Injury":{"0":"Lesi\u00f3n desconocida","1":"Lesi\u00f3n desconocida","2":"Lesi\u00f3n de cuello","3":"Lesi\u00f3n desconocida","4":"Lesi\u00f3n de rodilla","5":"Rotura de fibras","6":"Rotura de fibras","7":"D\u00e9ficit de entrenamiento","8":"Magulladura de rodilla","9":"Traumatismo","10":"Descanso","11":"Lesi\u00f3n de tobillo"},"From":{"0":"30\/11\/2023","1":"30\/10\/2023","2":"18\/09\/2022","3":"28\/04\/2022","4":"02\/12\/2019","5":"26\/11\/2017","6":"27\/07\/2017","7":"05\/09\/2016","8":"27\/07\/2016","9":"15\/02\/2016","10":"01\/02\/2016","11":"13\/01\/2014"},"To":{"0":"01\/01\/2024","1":"03\/11\/2023","2":"18\/01\/2023","3":"09\/05\/2022","4":"27\/01\/2020","5":"26\/12\/2017","6":"14\/09\/2017","7":"19\/09\/2016","8":"04\/09\/2016","9":"29\/02\/2016","10":"04\/02\/2016","11":"31\/03\/2014"},"Teams":{"0":["Fortuna Sittard"],"1":["Fortuna Sittard"],"2":["Fortuna Sittard"],"3":["Fortuna Sittard"],"4":["CD Legan\u00e9s"],"5":["CD Legan\u00e9s"],"6":["CD Legan\u00e9s","Grecia"],"7":["Olympiacos El Pireo","Grecia"],"8":["Olympiacos El Pireo","Grecia"],"9":["Olympiacos El Pireo"],"10":["Olympiacos El Pireo"],"11":["Olympiacos El Pireo","Grecia"]},"NumberOfMatches":{"0":"4","1":"1","2":"10","3":"2","4":"9","5":"4","6":"5","7":"4","8":"5","9":"4","10":"1","11":"19"},"Player":{"0":"Dimitrios Siovas","1":"Dimitrios Siovas","2":"Dimitrios Siovas","3":"Dimitrios Siovas","4":"Dimitrios Siovas","5":"Dimitrios Siovas","6":"Dimitrios Siovas","7":"Dimitrios Siovas","8":"Dimitrios Siovas","9":"Dimitrios Siovas","10":"Dimitrios Siovas","11":"Dimitrios Siovas"}}