{"Injury":{"0":"Rotura de ligamento colateral de la rodilla","1":"Lesi\u00f3n muscular","2":"Lesi\u00f3n de pantorrilla","3":"Lesi\u00f3n de muslo","4":"Lesi\u00f3n de tobillo","5":"Lesi\u00f3n de pie","6":"Magulladura de rodilla","7":"Lesi\u00f3n de pantorrilla","8":"Lesi\u00f3n de tobillo","9":"Contusi\u00f3n","10":"Lesi\u00f3n de muslo","11":"Contusi\u00f3n","12":"Lesi\u00f3n de tobillo","13":"Lesi\u00f3n de hombro"},"From":{"0":"18\/02\/2024","1":"26\/11\/2023","2":"17\/10\/2022","3":"01\/08\/2022","4":"14\/02\/2022","5":"13\/05\/2021","6":"07\/12\/2020","7":"02\/01\/2020","8":"23\/09\/2019","9":"31\/01\/2019","10":"13\/12\/2018","11":"29\/10\/2018","12":"18\/08\/2016","13":"05\/05\/2016"},"To":{"0":"13\/04\/2024","1":"24\/12\/2023","2":"10\/02\/2023","3":"01\/09\/2022","4":"28\/02\/2022","5":"24\/05\/2021","6":"01\/03\/2021","7":"23\/01\/2020","8":"21\/10\/2019","9":"25\/02\/2019","10":"14\/01\/2019","11":"12\/11\/2018","12":"05\/09\/2016","13":"19\/05\/2016"},"Teams":{"0":["Liverpool FC"],"1":["Liverpool FC"],"2":["Liverpool FC","Portugal"],"3":["Liverpool FC"],"4":["Liverpool FC"],"5":["Liverpool FC"],"6":["Liverpool FC"],"7":["Wolverhampton Wanderers"],"8":["Wolverhampton Wanderers","Portugal"],"9":["Wolverhampton Wanderers"],"10":["Wolverhampton Wanderers"],"11":["Wolverhampton Wanderers"],"12":["Atl\u00e9tico de Madrid","FC Oporto","Portugal"],"13":["FC Pa\u00e7os de Ferreira"]},"NumberOfMatches":{"0":"11","1":"8","2":"24","3":"5","4":"4","5":"4","6":"19","7":"5","8":"7","9":"5","10":"7","11":"2","12":"4","13":"2"},"Player":{"0":"Diogo Jota","1":"Diogo Jota","2":"Diogo Jota","3":"Diogo Jota","4":"Diogo Jota","5":"Diogo Jota","6":"Diogo Jota","7":"Diogo Jota","8":"Diogo Jota","9":"Diogo Jota","10":"Diogo Jota","11":"Diogo Jota","12":"Diogo Jota","13":"Diogo Jota"}}