{"Injury":{"0":"Problemas musculares","1":"Problemas musculares","2":"Problemas musculares","3":"Lesi\u00f3n muscular","4":"Lesi\u00f3n en el dedo de la mano","5":"Desgarro muscular","6":"Lesi\u00f3n desconocida","7":"Pubalgia"},"From":{"0":"21\/06\/2020","1":"06\/03\/2019","2":"10\/02\/2019","3":"28\/01\/2019","4":"27\/04\/2017","5":"02\/11\/2014","6":"16\/03\/2014","7":"21\/08\/2012"},"To":{"0":"27\/06\/2020","1":"16\/03\/2019","2":"20\/02\/2019","3":"02\/02\/2019","4":"02\/05\/2017","5":"22\/11\/2014","6":"08\/10\/2014","7":"25\/03\/2013"},"Teams":{"0":["RCD Espanyol"],"1":["RCD Espanyol"],"2":["RCD Espanyol"],"3":["RCD Espanyol"],"4":["AEK Atenas FC"],"5":["SD Eibar","Espa\u00f1a Sub-21"],"6":[],"7":["AC Milan","Espa\u00f1a Sub-21"]},"NumberOfMatches":{"0":"1","1":"1","2":"1","3":"1","4":"1","5":"7","6":"?","7":"48"},"Player":{"0":"D\u00eddac Vil\u00e0","1":"D\u00eddac Vil\u00e0","2":"D\u00eddac Vil\u00e0","3":"D\u00eddac Vil\u00e0","4":"D\u00eddac Vil\u00e0","5":"D\u00eddac Vil\u00e0","6":"D\u00eddac Vil\u00e0","7":"D\u00eddac Vil\u00e0"}}