{"Injury":{"0":"Lesi\u00f3n desconocida","1":"Lesi\u00f3n de rodilla","2":"Lesi\u00f3n desconocida","3":"Lesi\u00f3n de pierna","4":"Magulladura de rodilla","5":"Tir\u00f3n muscular","6":"Lesi\u00f3n del aductor","7":"Lesi\u00f3n desconocida"},"From":{"0":"01\/08\/2023","1":"24\/03\/2023","2":"08\/12\/2022","3":"07\/10\/2022","4":"19\/01\/2018","5":"23\/10\/2017","6":"06\/04\/2015","7":"16\/01\/2015"},"To":{"0":"02\/10\/2023","1":"12\/04\/2023","2":"16\/02\/2023","3":"26\/11\/2022","4":"02\/02\/2018","5":"08\/12\/2017","6":"11\/05\/2015","7":"23\/02\/2015"},"Teams":{"0":["Neftchi Baku"],"1":["Neftchi Baku"],"2":["Neftchi Baku"],"3":["Neftchi Baku"],"4":["Azerbaiy\u00e1n"],"5":["Gimn\u00e0stic de Tarragona"],"6":["Granada CF"],"7":["Granada CF"]},"NumberOfMatches":{"0":"10","1":"2","2":"8","3":"6","4":"1","5":"6","6":"7","7":"6"},"Player":{"0":"Eddy Israfilov","1":"Eddy Israfilov","2":"Eddy Israfilov","3":"Eddy Israfilov","4":"Eddy Israfilov","5":"Eddy Israfilov","6":"Eddy Israfilov","7":"Eddy Israfilov"}}