{"Injury":{"0":"Lesi\u00f3n de pierna","1":"Desgarro muscular","2":"Desgarro muscular","3":"D\u00e9ficit de entrenamiento","4":"Rotura del ligamento cruzado","5":"Desgarro muscular","6":"Problemas de muslos","7":"Desgarro muscular","8":"Inflamaci\u00f3n del tend\u00f3n del b\u00edceps en el muslo","9":"Lesi\u00f3n de tobillo","10":"Problemas musculares","11":"Problemas de tobillo","12":"Lesi\u00f3n muscular","13":"Lesi\u00f3n de rodilla","14":"Esguince de tobillo","15":"Lesi\u00f3n de rodilla","16":"Esguince de tobillo","17":"Lesi\u00f3n desconocida","18":"Lesi\u00f3n de hombro","19":"Rotura del ligamento cruzado","20":"Esguince","21":"Fractura del brazo","22":"Lesi\u00f3n de rodilla"},"From":{"0":"27\/01\/2023","1":"20\/08\/2022","2":"09\/06\/2022","3":"18\/10\/2021","4":"01\/03\/2021","5":"10\/11\/2020","6":"26\/09\/2019","7":"29\/08\/2019","8":"15\/02\/2019","9":"08\/11\/2018","10":"25\/09\/2018","11":"03\/09\/2018","12":"20\/08\/2018","13":"04\/02\/2018","14":"17\/09\/2017","15":"21\/22","16":"18\/19","17":"14\/15","18":"20\/08\/2017","19":"06\/02\/2017","20":"27\/01\/2017","21":"12\/12\/2016","22":"26\/05\/2015"},"To":{"0":"13\/02\/2023","1":"01\/09\/2022","2":"22\/06\/2022","3":"05\/11\/2021","4":"17\/10\/2021","5":"29\/11\/2020","6":"30\/09\/2019","7":"19\/09\/2019","8":"10\/04\/2019","9":"24\/12\/2018","10":"01\/10\/2018","11":"12\/09\/2018","12":"28\/08\/2018","13":"29\/03\/2018","14":"24\/09\/2017","15":"20\/21","16":"17\/18","17":"13\/14","18":"06\/09\/2017","19":"12\/02\/2017","20":"03\/02\/2017","21":"04\/01\/2017","22":"07\/02\/2016"},"Teams":{"0":["Pumas UNAM "],"1":["Pumas UNAM "],"2":["CA Boca Juniors"],"3":["CA Boca Juniors"],"4":["CA Boca Juniors"],"5":["CA Boca Juniors"],"6":["CA Boca Juniors"],"7":["CA Boca Juniors"],"8":["SL Benfica"],"9":["SL Benfica"],"10":["SL Benfica"],"11":[],"12":["SL Benfica"],"13":["SL Benfica","Argentina"],"14":["SL Benfica"],"15":["SL Benfica","Argentina"],"16":["SL Benfica"],"17":["SL Benfica"],"18":["SL Benfica"],"19":["SL Benfica","Argentina"],"20":["SL Benfica"],"21":["SL Benfica"],"22":["SL Benfica","Argentina"]},"NumberOfMatches":{"0":"3","1":"3","2":"3","3":"4","4":"43","5":"3","6":"1","7":"3","8":"11","9":"10","10":"1","11":"-","12":"2","13":"8","14":"2","15":"3","16":"1","17":"1","18":"5","19":"47","20":"2","21":"3","22":"36"},"Player":{"0":"Eduardo Salvio","1":"Eduardo Salvio","2":"Eduardo Salvio","3":"Eduardo Salvio","4":"Eduardo Salvio","5":"Eduardo Salvio","6":"Eduardo Salvio","7":"Eduardo Salvio","8":"Eduardo Salvio","9":"Eduardo Salvio","10":"Eduardo Salvio","11":"Eduardo Salvio","12":"Eduardo Salvio","13":"Eduardo Salvio","14":"Eduardo Salvio","15":"Eduardo Salvio","16":"Eduardo Salvio","17":"Eduardo Salvio","18":"Eduardo Salvio","19":"Eduardo Salvio","20":"Eduardo Salvio","21":"Eduardo Salvio","22":"Eduardo Salvio"}}