{"Injury":{"0":"Lesi\u00f3n desconocida","1":"Lesi\u00f3n desconocida","2":"Lesi\u00f3n desconocida","3":"Lesi\u00f3n desconocida","4":"D\u00e9ficit de entrenamiento","5":"Lesi\u00f3n desconocida","6":"Lesi\u00f3n desconocida","7":"Gripe","8":"Lesi\u00f3n desconocida","9":"Descanso","10":"Lesi\u00f3n desconocida","11":"Lesi\u00f3n desconocida","12":"Lesi\u00f3n desconocida","13":"Lesi\u00f3n inguinal","14":"Golpe de muslo ","15":"Lesi\u00f3n de rodilla","16":"Problemas de espalda","17":"Lesi\u00f3n de tobillo","18":"Lesi\u00f3n de tobillo"},"From":{"0":"29\/09\/2019","1":"19\/05\/2019","2":"01\/05\/2019","3":"20\/10\/2018","4":"26\/07\/2018","5":"07\/03\/2018","6":"05\/12\/2017","7":"21\/11\/2017","8":"30\/10\/2017","9":"16\/10\/2017","10":"18\/09\/2017","11":"06\/02\/2017","12":"02\/01\/2014","13":"28\/11\/2013","14":"31\/10\/2013","15":"18\/19","16":"13\/14","17":"07\/08","18":"11\/03\/2013"},"To":{"0":"01\/11\/2019","1":"25\/05\/2019","2":"07\/05\/2019","3":"29\/10\/2018","4":"10\/08\/2018","5":"12\/03\/2018","6":"08\/12\/2017","7":"24\/11\/2017","8":"03\/11\/2017","9":"19\/10\/2017","10":"28\/09\/2017","11":"02\/03\/2017","12":"09\/01\/2014","13":"16\/12\/2013","14":"11\/11\/2013","15":"17\/18","16":"12\/13","17":"12\/13","18":"12\/13"},"Teams":{"0":["Kayserispor"],"1":["Basaksehir FK"],"2":["Basaksehir FK"],"3":["Basaksehir FK"],"4":["Basaksehir FK"],"5":["Basaksehir FK"],"6":["Basaksehir FK"],"7":["Basaksehir FK"],"8":["Basaksehir FK"],"9":["Basaksehir FK"],"10":["Basaksehir FK"],"11":["Basaksehir FK"],"12":["Tottenham Hotspur"],"13":["Tottenham Hotspur"],"14":["Tottenham Hotspur"],"15":["Tottenham Hotspur"],"16":["Tottenham Hotspur"],"17":["Arsenal FC","Togo"],"18":[]},"NumberOfMatches":{"0":"5","1":"2","2":"1","3":"2","4":"1","5":"1","6":"1","7":"1","8":"1","9":"1","10":"2","11":"4","12":"1","13":"6","14":"3","15":"2","16":"3","17":"6","18":"-"},"Player":{"0":"Emmanuel Adebayor","1":"Emmanuel Adebayor","2":"Emmanuel Adebayor","3":"Emmanuel Adebayor","4":"Emmanuel Adebayor","5":"Emmanuel Adebayor","6":"Emmanuel Adebayor","7":"Emmanuel Adebayor","8":"Emmanuel Adebayor","9":"Emmanuel Adebayor","10":"Emmanuel Adebayor","11":"Emmanuel Adebayor","12":"Emmanuel Adebayor","13":"Emmanuel Adebayor","14":"Emmanuel Adebayor","15":"Emmanuel Adebayor","16":"Emmanuel Adebayor","17":"Emmanuel Adebayor","18":"Emmanuel Adebayor"}}