{"Injury":{"0":"Cansancio muscular","1":"Lesi\u00f3n desconocida","2":"Lesi\u00f3n de muslo","3":"Problemas de pantorrillas","4":"Distensi\u00f3n de muslo","5":"Problemas musculares","6":"Lesi\u00f3n muscular","7":"Traumatismo","8":"Menisco desgarrado"},"From":{"0":"18\/01\/2021","1":"28\/11\/2020","2":"30\/10\/2020","3":"03\/10\/2020","4":"04\/02\/2020","5":"14\/05\/2017","6":"10\/04\/2017","7":"02\/01\/2017","8":"15\/07\/2015"},"To":{"0":"29\/01\/2021","1":"06\/12\/2020","2":"20\/11\/2020","3":"25\/10\/2020","4":"04\/03\/2020","5":"28\/05\/2017","6":"10\/05\/2017","7":"12\/01\/2017","8":"12\/01\/2016"},"Teams":{"0":["FC Crotone"],"1":["FC Crotone"],"2":["FC Crotone"],"3":["FC Crotone"],"4":["Cosenza Calcio"],"5":["CA Osasuna"],"6":["CA Osasuna","Martinica"],"7":["CA Osasuna"],"8":["Newcastle United","Francia Sub 21"]},"NumberOfMatches":{"0":"1","1":"2","2":"2","3":"3","4":"5","5":"1","6":"6","7":"3","8":"35"},"Player":{"0":"Emmanuel Rivi\u00e8re","1":"Emmanuel Rivi\u00e8re","2":"Emmanuel Rivi\u00e8re","3":"Emmanuel Rivi\u00e8re","4":"Emmanuel Rivi\u00e8re","5":"Emmanuel Rivi\u00e8re","6":"Emmanuel Rivi\u00e8re","7":"Emmanuel Rivi\u00e8re","8":"Emmanuel Rivi\u00e8re"}}