{"Injury":{"0":"Rotura de ligamentos del tobillo","1":"Distensi\u00f3n inguinal","2":"Lesi\u00f3n inguinal","3":"Lesi\u00f3n de muslo","4":"Enfermo","5":"Lesi\u00f3n de tobillo","6":"Coronavirus","7":"Distensi\u00f3n de muslo","8":"Lesi\u00f3n de pierna","9":"Traumatismo","10":"Lesi\u00f3n inguinal","11":"F\u00e9mur desgarrado"},"From":{"0":"28\/01\/2024","1":"17\/12\/2023","2":"03\/05\/2023","3":"12\/01\/2022","4":"19\/12\/2021","5":"12\/09\/2021","6":"20\/09\/2020","7":"11\/07\/2019","8":"12\/09\/2018","9":"31\/10\/2017","10":"08\/05\/2017","11":"24\/10\/2015"},"To":{"0":"08\/02\/2024","1":"01\/01\/2024","2":"11\/05\/2023","3":"01\/02\/2022","4":"26\/12\/2021","5":"02\/10\/2021","6":"04\/10\/2020","7":"01\/08\/2019","8":"25\/09\/2018","9":"28\/11\/2017","10":"08\/08\/2017","11":"26\/10\/2015"},"Teams":{"0":["Maccabi Tel Aviv"],"1":["Maccabi Tel Aviv"],"2":["Maccabi Tel Aviv"],"3":["Maccabi Tel Aviv","Espa\u00f1a Sub-17"],"4":["Maccabi Tel Aviv"],"5":["Maccabi Tel Aviv"],"6":["Maccabi Tel Aviv"],"7":["Maccabi Tel Aviv"],"8":["Maccabi Tel Aviv","Espa\u00f1a Sub-17"],"9":["Athletic Club"],"10":["Athletic Club","Espa\u00f1a Sub-17"],"11":["Bilbao Athletic","Espa\u00f1a Sub-17"]},"NumberOfMatches":{"0":"3","1":"5","2":"2","3":"4","4":"2","5":"4","6":"2","7":"3","8":"3","9":"5","10":"8","11":"2"},"Player":{"0":"Enric Saborit","1":"Enric Saborit","2":"Enric Saborit","3":"Enric Saborit","4":"Enric Saborit","5":"Enric Saborit","6":"Enric Saborit","7":"Enric Saborit","8":"Enric Saborit","9":"Enric Saborit","10":"Enric Saborit","11":"Enric Saborit"}}