{"Injury":{"0":"Lesi\u00f3n muscular","1":"Distensi\u00f3n de muslo","2":"Lesi\u00f3n de cuello","3":"Lesi\u00f3n de hombro","4":"Distensi\u00f3n de muslo","5":"Golpe de muslo ","6":"Problemas de muslos","7":"Lesi\u00f3n de tobillo","8":"Coronavirus","9":"Golpe","10":"Golpe","11":"Golpe","12":"Lesi\u00f3n muscular","13":"Lesi\u00f3n de cuello","14":"Operaci\u00f3n de rodilla","15":"Lesi\u00f3n de rodilla","16":"Traumatismo craneal","17":"Golpe","18":"Lesi\u00f3n de espalda","19":"Golpe","20":"Lesi\u00f3n de tobillo","21":"Golpe","22":"Lesi\u00f3n de rodilla","23":"Problemas de muslos","24":"Lesi\u00f3n de hombro","25":"Lesi\u00f3n de muslo"},"From":{"0":"03\/02\/2024","1":"22\/11\/2023","2":"09\/11\/2023","3":"08\/10\/2023","4":"08\/10\/2023","5":"21\/10\/2022","6":"14\/09\/2022","7":"03\/02\/2022","8":"31\/03\/2021","9":"17\/03\/2021","10":"03\/02\/2021","11":"21\/01\/2021","12":"18\/10\/2020","13":"20\/07\/2020","14":"25\/07\/2019","15":"22\/23","16":"19\/20","17":"16\/17","18":"29\/04\/2019","19":"24\/03\/2019","20":"06\/12\/2018","21":"30\/11\/2018","22":"17\/11\/2018","23":"08\/11\/2017","24":"07\/10\/2017","25":"24\/10\/2016"},"To":{"0":"16\/02\/2024","1":"06\/12\/2023","2":"17\/11\/2023","3":"29\/10\/2023","4":"29\/10\/2023","5":"22\/12\/2022","6":"29\/09\/2022","7":"16\/02\/2022","8":"20\/04\/2021","9":"25\/03\/2021","10":"13\/02\/2021","11":"29\/01\/2021","12":"01\/12\/2020","13":"25\/07\/2020","14":"10\/01\/2020","15":"21\/22","16":"18\/19","17":"15\/16","18":"16\/07\/2019","19":"27\/04\/2019","20":"11\/12\/2018","21":"04\/12\/2018","22":"26\/11\/2018","23":"16\/02\/2018","24":"28\/10\/2017","25":"01\/12\/2016"},"Teams":{"0":["Villarreal CF"],"1":["Besiktas JK"],"2":["Besiktas JK"],"3":["Besiktas JK"],"4":["Besiktas JK"],"5":["Olympique de Marsella","Costa de Marfil"],"6":["Olympique de Marsella","Costa de Marfil"],"7":["Manchester United"],"8":["Manchester United"],"9":["Manchester United"],"10":["Manchester United"],"11":["Manchester United"],"12":["Manchester United","Costa de Marfil"],"13":["Manchester United"],"14":["Manchester United","Costa de Marfil"],"15":["Manchester United","Costa de Marfil"],"16":["Manchester United","Costa de Marfil"],"17":["Manchester United"],"18":["Manchester United"],"19":["Manchester United","Costa de Marfil"],"20":["Manchester United","Costa de Marfil"],"21":["Manchester United"],"22":["Manchester United","Costa de Marfil"],"23":["Villarreal CF"],"24":["Villarreal CF","Costa de Marfil"],"25":["Villarreal CF","Costa de Marfil"]},"NumberOfMatches":{"0":"3","1":"3","2":"2","3":"3","4":"3","5":"8","6":"3","7":"4","8":"5","9":"2","10":"2","11":"2","12":"11","13":"1","14":"37","15":"10","16":"8","17":"1","18":"1","19":"2","20":"25","21":"5","22":"10","23":"4","24":"7","25":"3"},"Player":{"0":"Eric Bailly","1":"Eric Bailly","2":"Eric Bailly","3":"Eric Bailly","4":"Eric Bailly","5":"Eric Bailly","6":"Eric Bailly","7":"Eric Bailly","8":"Eric Bailly","9":"Eric Bailly","10":"Eric Bailly","11":"Eric Bailly","12":"Eric Bailly","13":"Eric Bailly","14":"Eric Bailly","15":"Eric Bailly","16":"Eric Bailly","17":"Eric Bailly","18":"Eric Bailly","19":"Eric Bailly","20":"Eric Bailly","21":"Eric Bailly","22":"Eric Bailly","23":"Eric Bailly","24":"Eric Bailly","25":"Eric Bailly"}}