{"Injury":{"0":"Lesi\u00f3n muscular","1":"Problemas musculares","2":"Lesi\u00f3n de muslo","3":"Lesi\u00f3n de mano","4":"Lesi\u00f3n de muslo","5":"Lesi\u00f3n de pantorrilla","6":"Coronavirus","7":"Golpe","8":"Traumatismo craneal","9":"Traumatismo craneal"},"From":{"0":"07\/01\/2024","1":"23\/10\/2023","2":"30\/10\/2022","3":"11\/05\/2022","4":"09\/01\/2022","5":"07\/11\/2021","6":"03\/01\/2021","7":"10\/12\/2020","8":"20\/09\/2020","9":"17\/06\/2020"},"To":{"0":"02\/02\/2024","1":"03\/11\/2023","2":"04\/11\/2022","3":"26\/05\/2022","4":"12\/02\/2022","5":"19\/11\/2021","6":"19\/01\/2021","7":"02\/01\/2021","8":"26\/09\/2020","9":"29\/06\/2020"},"Teams":{"0":["Girona FC"],"1":["Girona FC"],"2":["FC Barcelona"],"3":["FC Barcelona"],"4":["FC Barcelona"],"5":["Espa\u00f1a"],"6":["Manchester City"],"7":["Manchester City"],"8":["Manchester City"],"9":["Manchester City"]},"NumberOfMatches":{"0":"5","1":"2","2":"1","3":"2","4":"4","5":"2","6":"5","7":"5","8":"2","9":"4"},"Player":{"0":"Eric Garc\u00eda","1":"Eric Garc\u00eda","2":"Eric Garc\u00eda","3":"Eric Garc\u00eda","4":"Eric Garc\u00eda","5":"Eric Garc\u00eda","6":"Eric Garc\u00eda","7":"Eric Garc\u00eda","8":"Eric Garc\u00eda","9":"Eric Garc\u00eda"}}