{"Injury":{"0":"Menisco desgarrado","1":"Lesi\u00f3n muscular","2":"Lesi\u00f3n de muslo","3":"Lesi\u00f3n muscular","4":"Rotura del ligamento de la rodilla"},"From":{"0":"30\/09\/2021","1":"16\/03\/2021","2":"21\/10\/2020","3":"23\/08\/2020","4":"26\/11\/2015"},"To":{"0":"30\/12\/2021","1":"09\/04\/2021","2":"23\/10\/2020","3":"10\/09\/2020","4":"17\/03\/2016"},"Teams":{"0":[" FC Spartak de Mosc\u00fa"],"1":[" FC Spartak de Mosc\u00fa"],"2":[" FC Spartak de Mosc\u00fa"],"3":[" FC Spartak de Mosc\u00fa"],"4":["AS Roma"]},"NumberOfMatches":{"0":"14","1":"2","2":"1","3":"3","4":"20"},"Player":{"0":"Ezequiel Ponce","1":"Ezequiel Ponce","2":"Ezequiel Ponce","3":"Ezequiel Ponce","4":"Ezequiel Ponce"}}