{"Injury":{"0":"Coronavirus","1":"Rotura del ligamento cruzado","2":"Lesi\u00f3n de espalda","3":"Lesi\u00f3n muscular","4":"Lesi\u00f3n de muslo","5":"Lesi\u00f3n muscular","6":"Lesi\u00f3n de rodilla","7":"Lesi\u00f3n muscular","8":"Traumatismo","9":"Abdominoplastia","10":"Problemas de espalda","11":"Lesi\u00f3n muscular","12":"Lesi\u00f3n muscular","13":"Lesi\u00f3n muscular","14":"Herida menor","15":"Enfermo","16":"Lesi\u00f3n de tobillo","17":"Problemas de rodilla","18":"Problemas de rodilla"},"From":{"0":"15\/03\/2020","1":"02\/02\/2020","2":"27\/11\/2019","3":"21\/11\/2019","4":"15\/05\/2019","5":"22\/02\/2019","6":"21\/08\/2018","7":"09\/02\/2018","8":"28\/01\/2018","9":"27\/11\/2017","10":"22\/08\/2017","11":"14\/05\/2017","12":"05\/12\/2016","13":"15\/09\/2016","14":"25\/02\/2016","15":"18\/19","16":"15\/16","17":"10\/11","18":"29\/06\/2015"},"To":{"0":"04\/04\/2020","1":"02\/08\/2020","2":"06\/12\/2019","3":"25\/11\/2019","4":"24\/05\/2019","5":"22\/03\/2019","6":"25\/09\/2018","7":"09\/03\/2018","8":"03\/02\/2018","9":"21\/12\/2017","10":"05\/09\/2017","11":"28\/05\/2017","12":"14\/01\/2017","13":"29\/09\/2016","14":"07\/03\/2016","15":"17\/18","16":"14\/15","17":"07\/08","18":"02\/07\/2015"},"Teams":{"0":[],"1":["Valencia CF","Sin equipoSin equipo"],"2":["Valencia CF"],"3":["Valencia CF"],"4":["Valencia CF"],"5":["Valencia CF","Argentina Sub 20"],"6":["Valencia CF"],"7":["Valencia CF"],"8":["Valencia CF"],"9":["Valencia CF"],"10":["Valencia CF"],"11":["Valencia CF","Argentina Sub 20"],"12":["Valencia CF"],"13":["Valencia CF"],"14":["Zenit de San Petersburgo"],"15":["Argentina"],"16":["SL Benfica","Argentina"],"17":["Real Madrid CF","Argentina"],"18":["Real Racing Club ","Argentina"]},"NumberOfMatches":{"0":"-","1":"6","2":"2","3":"1","4":"1","5":"9","6":"5","7":"5","8":"1","9":"4","10":"1","11":"4","12":"5","13":"3","14":"2","15":"1","16":"2","17":"23","18":"15"},"Player":{"0":"Ezequiel Garay","1":"Ezequiel Garay","2":"Ezequiel Garay","3":"Ezequiel Garay","4":"Ezequiel Garay","5":"Ezequiel Garay","6":"Ezequiel Garay","7":"Ezequiel Garay","8":"Ezequiel Garay","9":"Ezequiel Garay","10":"Ezequiel Garay","11":"Ezequiel Garay","12":"Ezequiel Garay","13":"Ezequiel Garay","14":"Ezequiel Garay","15":"Ezequiel Garay","16":"Ezequiel Garay","17":"Ezequiel Garay","18":"Ezequiel Garay"}}