{"Injury":{"0":"Golpe de muslo ","1":"Gripe","2":"Coronavirus","3":"Esguince","4":"Coronavirus","5":"Cuarentena","6":"Problemas musculares","7":"Lesi\u00f3n muscular","8":"Lesi\u00f3n en la espinilla","9":"Lesi\u00f3n muscular","10":"Lesi\u00f3n de rodilla","11":"Enfermo"},"From":{"0":"23\/10\/2022","1":"03\/03\/2022","2":"29\/12\/2021","3":"25\/10\/2021","4":"21\/04\/2021","5":"17\/04\/2021","6":"23\/03\/2021","7":"21\/01\/2021","8":"09\/11\/2020","9":"13\/09\/2019","10":"13\/02\/2018","11":"05\/01\/2018"},"To":{"0":"27\/10\/2022","1":"07\/03\/2022","2":"01\/01\/2022","3":"26\/11\/2021","4":"03\/05\/2021","5":"20\/04\/2021","6":"05\/04\/2021","7":"26\/02\/2021","8":"11\/12\/2020","9":"20\/09\/2019","10":"02\/04\/2018","11":"12\/01\/2018"},"Teams":{"0":["Real Madrid CF"],"1":["Real Madrid CF"],"2":[],"3":["Real Madrid CF","Uruguay"],"4":["Real Madrid CF"],"5":["Real Madrid CF"],"6":["Real Madrid CF"],"7":["Real Madrid CF"],"8":["Real Madrid CF","Uruguay"],"9":["Real Madrid CF"],"10":["RC Deportivo de La Coru\u00f1a","Uruguay"],"11":["RC Deportivo de La Coru\u00f1a"]},"NumberOfMatches":{"0":"1","1":"1","2":"-","3":"8","4":"4","5":"1","6":"1","7":"7","8":"8","9":"2","10":"9","11":"1"},"Player":{"0":"Federico Valverde","1":"Federico Valverde","2":"Federico Valverde","3":"Federico Valverde","4":"Federico Valverde","5":"Federico Valverde","6":"Federico Valverde","7":"Federico Valverde","8":"Federico Valverde","9":"Federico Valverde","10":"Federico Valverde","11":"Federico Valverde"}}