{"Injury":{"0":"Operaci\u00f3n de rodilla","1":"Operaci\u00f3n de ingle","2":"Inflamaci\u00f3n","3":"Inflamaci\u00f3n","4":"Lesi\u00f3n de rodilla","5":"Lesi\u00f3n meniscal","6":"Lesi\u00f3n de rodilla","7":"Lesi\u00f3n meniscal","8":"Lesi\u00f3n de pie","9":"Lesi\u00f3n meniscal"},"From":{"0":"09\/06\/2020","1":"01\/05\/2018","2":"22\/04\/2018","3":"03\/04\/2018","4":"22\/12\/2016","5":"13\/05\/2016","6":"11\/04\/2016","7":"28\/07\/2014","8":"28\/04\/2014","9":"26\/11\/2012"},"To":{"0":"29\/04\/2021","1":"11\/07\/2018","2":"30\/04\/2018","3":"18\/04\/2018","4":"22\/02\/2017","5":"30\/07\/2016","6":"28\/04\/2016","7":"02\/04\/2015","8":"01\/05\/2014","9":"24\/01\/2013"},"Teams":{"0":["Sporting Kansas City","CD Universidad Cat\u00f3lica"],"1":["Sporting Kansas City","Chile"],"2":["Sporting Kansas City"],"3":["Sporting Kansas City"],"4":["Real Betis Balompi\u00e9","Chile"],"5":[],"6":["FC Twente Enschede"],"7":["FC Twente Enschede","Chile"],"8":[],"9":["FC Twente Enschede","Chile"]},"NumberOfMatches":{"0":"8","1":"15","2":"1","3":"2","4":"8","5":"-","6":"2","7":"43","8":"-","9":"8"},"Player":{"0":"Felipe Guti\u00e9rrez","1":"Felipe Guti\u00e9rrez","2":"Felipe Guti\u00e9rrez","3":"Felipe Guti\u00e9rrez","4":"Felipe Guti\u00e9rrez","5":"Felipe Guti\u00e9rrez","6":"Felipe Guti\u00e9rrez","7":"Felipe Guti\u00e9rrez","8":"Felipe Guti\u00e9rrez","9":"Felipe Guti\u00e9rrez"}}