{"Injury":{"0":"Lesi\u00f3n de rodilla","1":"Traumatismo craneal","2":"Lesi\u00f3n muscular","3":"Rotura del ligamento cruzado","4":"Gripe","5":"Lesi\u00f3n desconocida","6":"Lesi\u00f3n desconocida","7":"Gastroenteritis gripal","8":"Problemas musculares"},"From":{"0":"27\/10\/2018","1":"07\/02\/2018","2":"04\/09\/2014","3":"19\/03\/2014","4":"05\/02\/2014","5":"24\/09\/2012","6":"23\/02\/2011","7":"15\/10\/2010","8":"25\/08\/2010"},"To":{"0":"14\/01\/2019","1":"20\/02\/2018","2":"30\/11\/2014","3":"31\/08\/2014","4":"09\/02\/2014","5":"05\/10\/2012","6":"04\/03\/2011","7":"20\/10\/2010","8":"30\/09\/2010"},"Teams":{"0":["CD Nacional"],"1":["Desportivo Aves (- 2020)"],"2":["M\u00e1laga CF"],"3":["M\u00e1laga CF"],"4":["M\u00e1laga CF"],"5":["UC Sampdoria"],"6":["UC Sampdoria"],"7":["UC Sampdoria"],"8":["UC Sampdoria"]},"NumberOfMatches":{"0":"11","1":"2","2":"11","3":"12","4":"1","5":"2","6":"1","7":"1","8":"7"},"Player":{"0":"Fernando Tissone","1":"Fernando Tissone","2":"Fernando Tissone","3":"Fernando Tissone","4":"Fernando Tissone","5":"Fernando Tissone","6":"Fernando Tissone","7":"Fernando Tissone","8":"Fernando Tissone"}}