{"Injury":{"0":"Lesi\u00f3n muscular","1":"Traumatismo craneal","2":"Lesi\u00f3n muscular","3":"Infecci\u00f3n gripal","4":"Herida menor","5":"Lesi\u00f3n de muslo","6":"Lesi\u00f3n de ligamentos","7":"Rotura de fibras","8":"Problemas de rodilla","9":"Problemas de rodilla","10":"Problemas de muslos","11":"Rotura de fibras","12":"Rotura de fibras","13":"Problemas de rodilla","14":"Lesi\u00f3n del aductor","15":"Quiste en los pulmones "},"From":{"0":"18\/03\/2019","1":"02\/03\/2017","2":"24\/11\/2016","3":"11\/12\/2014","4":"30\/01\/2014","5":"04\/11\/2013","6":"30\/09\/2013","7":"12\/07\/2010","8":"19\/04\/2010","9":"14\/01\/2010","10":"27\/11\/2008","11":"27\/11\/2008","12":"16\/10\/2008","13":"01\/09\/2008","14":"07\/02\/2008","15":"16\/17"},"To":{"0":"11\/04\/2019","1":"13\/03\/2017","2":"05\/12\/2016","3":"15\/12\/2014","4":"10\/02\/2014","5":"25\/11\/2013","6":"17\/10\/2013","7":"12\/08\/2010","8":"24\/05\/2010","9":"25\/02\/2010","10":"01\/01\/2009","11":"22\/12\/2008","12":"06\/11\/2008","13":"11\/09\/2008","14":"14\/02\/2008","15":"14\/15"},"Teams":{"0":["Sagan Tosu"],"1":["Atl\u00e9tico de Madrid"],"2":["Atl\u00e9tico de Madrid"],"3":["AC Milan"],"4":["Chelsea FC"],"5":["Chelsea FC","Espa\u00f1a"],"6":["Chelsea FC","Espa\u00f1a"],"7":["Liverpool FC","Espa\u00f1a"],"8":["Liverpool FC","Espa\u00f1a Sub-17"],"9":["Liverpool FC"],"10":["Liverpool FC"],"11":["Liverpool FC"],"12":["Liverpool FC","Espa\u00f1a Sub-17"],"13":["Espa\u00f1a"],"14":["Liverpool FC"],"15":["Liverpool FC","Espa\u00f1a"]},"NumberOfMatches":{"0":"3","1":"3","2":"3","3":"1","4":"2","5":"9","6":"7","7":"9","8":"9","9":"9","10":"7","11":"5","12":"9","13":"4","14":"1","15":"6"},"Player":{"0":"Fernando Torres","1":"Fernando Torres","2":"Fernando Torres","3":"Fernando Torres","4":"Fernando Torres","5":"Fernando Torres","6":"Fernando Torres","7":"Fernando Torres","8":"Fernando Torres","9":"Fernando Torres","10":"Fernando Torres","11":"Fernando Torres","12":"Fernando Torres","13":"Fernando Torres","14":"Fernando Torres","15":"Fernando Torres"}}