{"Injury":{"0":"Lesi\u00f3n de tobillo","1":"Problemas de muslos","2":"Lesi\u00f3n inguinal","3":"Lesi\u00f3n de rodilla","4":"Golpe","5":"Rotura del ligamento cruzado","6":"Lesi\u00f3n de tobillo","7":"Lesi\u00f3n muscular"},"From":{"0":"01\/09\/2021","1":"13\/06\/2020","2":"23\/01\/2020","3":"06\/04\/2019","4":"11\/12\/2018","5":"23\/07\/2018","6":"13\/08\/2017","7":"07\/04\/2017"},"To":{"0":"02\/10\/2021","1":"31\/08\/2020","2":"30\/01\/2020","3":"04\/11\/2019","4":"01\/01\/2019","5":"31\/12\/2018","6":"10\/09\/2017","7":"14\/04\/2017"},"Teams":{"0":["Deportivo Alav\u00e9s"],"1":["Newcastle United"],"2":["Newcastle United"],"3":["Newcastle United"],"4":["Newcastle United"],"5":["Newcastle United"],"6":["Newcastle United"],"7":["SD Eibar"]},"NumberOfMatches":{"0":"4","1":"10","2":"1","3":"18","4":"4","5":"21","6":"5","7":"1"},"Player":{"0":"Florian Lejeune","1":"Florian Lejeune","2":"Florian Lejeune","3":"Florian Lejeune","4":"Florian Lejeune","5":"Florian Lejeune","6":"Florian Lejeune","7":"Florian Lejeune"}}