{"Injury":{"0":"Problemas de espalda","1":"Problemas de espalda","2":"Disco herniado","3":"Problemas de espalda","4":"Problemas de espalda","5":"Lesi\u00f3n de hombro","6":"Problemas de espalda","7":"Problemas de espalda","8":"Problemas de espalda"},"From":{"0":"14\/07\/2015","1":"13\/04\/2015","2":"01\/10\/2014","3":"21\/07\/2014","4":"07\/05\/2014","5":"17\/02\/2014","6":"13\/11\/2013","7":"16\/10\/2013","8":"10\/07\/2013"},"To":{"0":"04\/04\/2016","1":"21\/04\/2015","2":"24\/02\/2015","3":"09\/09\/2014","4":"20\/05\/2014","5":"25\/02\/2014","6":"04\/12\/2013","7":"29\/10\/2013","8":"25\/08\/2013"},"Teams":{"0":["M\u00e1laga CF"],"1":["M\u00e1laga CF"],"2":["M\u00e1laga CF"],"3":["M\u00e1laga CF"],"4":["M\u00e1laga CF"],"5":["M\u00e1laga CF"],"6":["M\u00e1laga CF"],"7":["M\u00e1laga CF"],"8":["M\u00e1laga CF"]},"NumberOfMatches":{"0":"10","1":"1","2":"24","3":"2","4":"2","5":"2","6":"2","7":"3","8":"2"},"Player":{"0":"Fl\u00e1vio Ferreira","1":"Fl\u00e1vio Ferreira","2":"Fl\u00e1vio Ferreira","3":"Fl\u00e1vio Ferreira","4":"Fl\u00e1vio Ferreira","5":"Fl\u00e1vio Ferreira","6":"Fl\u00e1vio Ferreira","7":"Fl\u00e1vio Ferreira","8":"Fl\u00e1vio Ferreira"}}