{"Injury":{"0":"Desgarro del tend\u00f3n","1":"Becerro jalado","2":"Distensi\u00f3n de muslo","3":"Lesi\u00f3n de hombro","4":"Distensi\u00f3n de muslo","5":"Distensi\u00f3n de muslo"},"From":{"0":"11\/10\/2023","1":"08\/08\/2019","2":"20\/01\/2019","3":"27\/03\/2015","4":"01\/12\/2014","5":"18\/05\/2014"},"To":{"0":"15\/01\/2024","1":"02\/09\/2019","2":"30\/01\/2019","3":"31\/05\/2015","4":"07\/12\/2014","5":"20\/06\/2014"},"Teams":{"0":["Aris de Sal\u00f3nica"],"1":["Aris de Sal\u00f3nica"],"2":["Aris de Sal\u00f3nica"],"3":["UD Almer\u00eda"],"4":["UD Almer\u00eda"],"5":[]},"NumberOfMatches":{"0":"12","1":"4","2":"2","3":"10","4":"2","5":"-"},"Player":{"0":"Fran V\u00e9lez","1":"Fran V\u00e9lez","2":"Fran V\u00e9lez","3":"Fran V\u00e9lez","4":"Fran V\u00e9lez","5":"Fran V\u00e9lez"}}