{"Injury":{"0":"Desgarro muscular","1":"Desgarro muscular","2":"D\u00e9ficit de entrenamiento","3":"Rotura del ligamento cruzado","4":"Lesi\u00f3n meniscal","5":"Rotura del ligamento cruzado"},"From":{"0":"30\/04\/2011","1":"10\/11\/2010","2":"30\/11\/2009","3":"30\/04\/2008","4":"20\/01\/2002","5":"26\/03\/2001"},"To":{"0":"24\/05\/2011","1":"15\/12\/2010","2":"16\/12\/2009","3":"29\/11\/2009","4":"07\/05\/2002","5":"10\/12\/2001"},"Teams":{"0":["FC Barcelona"],"1":["FC Barcelona","Argentina"],"2":["FC Barcelona"],"3":["FC Barcelona","Argentina"],"4":["CA Independiente","Argentina"],"5":["CA Independiente","Argentina"]},"NumberOfMatches":{"0":"6","1":"9","2":"5","3":"118","4":"24","5":"57"},"Player":{"0":"Gabriel Milito","1":"Gabriel Milito","2":"Gabriel Milito","3":"Gabriel Milito","4":"Gabriel Milito","5":"Gabriel Milito"}}