{"Injury":{"0":"Lesi\u00f3n desconocida","1":"Lesi\u00f3n muscular","2":"Fractura","3":"Contractura","4":"Apendicitis","5":"Fractura","6":"Coronavirus","7":"Contractura","8":"Lesi\u00f3n muscular","9":"Esguince","10":"Problemas inguinales","11":"F\u00e9mur desgarrado","12":"Lesi\u00f3n desconocida","13":"Lesi\u00f3n inguinal","14":"Distensi\u00f3n de muslo","15":"Distensi\u00f3n de muslo","16":"Molestias en los aductores","17":"Lesi\u00f3n de pantorrilla","18":"Lesi\u00f3n del aductor"},"From":{"0":"20\/02\/2023","1":"28\/10\/2022","2":"09\/08\/2022","3":"23\/06\/2022","4":"01\/04\/2022","5":"06\/02\/2022","6":"31\/12\/2021","7":"07\/11\/2021","8":"21\/12\/2020","9":"06\/11\/2020","10":"14\/10\/2020","11":"11\/02\/2020","12":"21\/09\/2019","13":"16\/10\/2018","14":"16\/08\/2018","15":"21\/22","16":"18\/19","17":"15\/16","18":"27\/12\/2017"},"To":{"0":"11\/03\/2023","1":"12\/11\/2022","2":"24\/08\/2022","3":"22\/07\/2022","4":"12\/04\/2022","5":"22\/02\/2022","6":"09\/01\/2022","7":"16\/11\/2021","8":"04\/01\/2021","9":"18\/11\/2020","10":"19\/10\/2020","11":"09\/03\/2020","12":"14\/10\/2019","13":"19\/10\/2018","14":"31\/08\/2018","15":"20\/21","16":"17\/18","17":"17\/18","18":"16\/17"},"Teams":{"0":["Olympiacos El Pireo"],"1":["Olympiacos El Pireo"],"2":["Olympiacos El Pireo"],"3":["Olympiacos El Pireo"],"4":["Olympiacos El Pireo"],"5":["Olympiacos El Pireo"],"6":["Olympiacos El Pireo","Cabo Verde"],"7":["Olympiacos El Pireo","Cabo Verde"],"8":["Al-Ittihad Club"],"9":["Al-Ittihad Club","Cabo Verde"],"10":["Al-Ittihad Club"],"11":["Fenerbahce"],"12":["Fenerbahce","Cabo Verde"],"13":["Galatasaray"],"14":["Galatasaray"],"15":["Galatasaray"],"16":["PAOK de Sal\u00f3nica FC"],"17":["PAOK de Sal\u00f3nica FC"],"18":["PAOK de Sal\u00f3nica FC"]},"NumberOfMatches":{"0":"2","1":"4","2":"3","3":"1","4":"1","5":"5","6":"2","7":"3","8":"3","9":"3","10":"1","11":"6","12":"4","13":"1","14":"2","15":"2","16":"3","17":"8","18":"6"},"Player":{"0":"Garry Rodrigues","1":"Garry Rodrigues","2":"Garry Rodrigues","3":"Garry Rodrigues","4":"Garry Rodrigues","5":"Garry Rodrigues","6":"Garry Rodrigues","7":"Garry Rodrigues","8":"Garry Rodrigues","9":"Garry Rodrigues","10":"Garry Rodrigues","11":"Garry Rodrigues","12":"Garry Rodrigues","13":"Garry Rodrigues","14":"Garry Rodrigues","15":"Garry Rodrigues","16":"Garry Rodrigues","17":"Garry Rodrigues","18":"Garry Rodrigues"}}