{"Injury":{"0":"Molestias en los aductores","1":"Lesi\u00f3n de tobillo","2":"Lesi\u00f3n del aductor","3":"Lesi\u00f3n de tobillo","4":"Lesi\u00f3n desconocida","5":"Lesi\u00f3n muscular","6":"Problemas de rodilla","7":"Problemas musculares","8":"Lesi\u00f3n de muslo","9":"Lesi\u00f3n de muslo","10":"Fiebre","11":"Lesi\u00f3n desconocida"},"From":{"0":"25\/10\/2021","1":"14\/02\/2021","2":"06\/11\/2020","3":"28\/01\/2020","4":"11\/01\/2020","5":"26\/10\/2018","6":"05\/02\/2018","7":"14\/12\/2016","8":"13\/10\/2016","9":"28\/11\/2015","10":"10\/09\/2015","11":"01\/04\/2015"},"To":{"0":"25\/11\/2021","1":"19\/04\/2021","2":"23\/11\/2020","3":"19\/02\/2020","4":"31\/12\/2019","5":"15\/11\/2018","6":"13\/02\/2018","7":"31\/12\/2016","8":"01\/11\/2016","9":"18\/12\/2015","10":"14\/09\/2015","11":"23\/04\/2015"},"Teams":{"0":["FC Cartagena"],"1":["SD Huesca"],"2":["SD Huesca"],"3":["CA Independiente"],"4":[],"5":["CA Independiente"],"6":[],"7":["Granada CF"],"8":["Granada CF"],"9":["Torino FC"],"10":["Torino FC"],"11":["Torino FC"]},"NumberOfMatches":{"0":"5","1":"8","2":"2","3":"4","4":"-","5":"4","6":"-","7":"2","8":"3","9":"4","10":"1","11":"3"},"Player":{"0":"Gast\u00f3n Silva","1":"Gast\u00f3n Silva","2":"Gast\u00f3n Silva","3":"Gast\u00f3n Silva","4":"Gast\u00f3n Silva","5":"Gast\u00f3n Silva","6":"Gast\u00f3n Silva","7":"Gast\u00f3n Silva","8":"Gast\u00f3n Silva","9":"Gast\u00f3n Silva","10":"Gast\u00f3n Silva","11":"Gast\u00f3n Silva"}}