{"Injury":{"0":"Molestias en los aductores","1":"Lesi\u00f3n de rodilla","2":"Tir\u00f3n muscular","3":"Lesi\u00f3n muscular","4":"Lesi\u00f3n muscular","5":"Lesi\u00f3n muscular","6":"Esguince de la articulaci\u00f3n del tobillo","7":"Lesi\u00f3n de muslo","8":"Lesi\u00f3n muscular","9":"F\u00e9mur desgarrado","10":"Lesi\u00f3n de muslo","11":"Lesi\u00f3n de tobillo","12":"Lesi\u00f3n de tobillo","13":"Lesi\u00f3n de tobillo","14":"Lesi\u00f3n de pie","15":"Herida menor","16":"Tir\u00f3n muscular","17":"Cansancio muscular","18":"Esguince de la articulaci\u00f3n del tobillo","19":"Lesi\u00f3n de muslo"},"From":{"0":"22\/09\/2023","1":"19\/08\/2023","2":"07\/11\/2022","3":"28\/02\/2022","4":"15\/01\/2022","5":"28\/10\/2021","6":"19\/09\/2021","7":"10\/11\/2019","8":"26\/09\/2019","9":"07\/04\/2019","10":"13\/12\/2018","11":"16\/09\/2018","12":"27\/08\/2018","13":"10\/05\/2018","14":"12\/02\/2018","15":"22\/23","16":"18\/19","17":"15\/16","18":"29\/01\/2018","19":"25\/10\/2016"},"To":{"0":"07\/10\/2023","1":"13\/09\/2023","2":"01\/12\/2022","3":"14\/03\/2022","4":"11\/02\/2022","5":"05\/11\/2021","6":"23\/09\/2021","7":"14\/12\/2019","8":"17\/10\/2019","9":"16\/05\/2019","10":"01\/02\/2019","11":"26\/09\/2018","12":"13\/09\/2018","13":"17\/05\/2018","14":"26\/02\/2018","15":"21\/22","16":"17\/18","17":"14\/15","18":"01\/02\/2018","19":"05\/11\/2016"},"Teams":{"0":["Olympique de Marsella"],"1":["Olympique de Marsella"],"2":["Atl\u00e9tico de Madrid"],"3":["Atl\u00e9tico de Madrid"],"4":["Atl\u00e9tico de Madrid"],"5":["Atl\u00e9tico de Madrid"],"6":["Atl\u00e9tico de Madrid"],"7":["Valencia CF","Rep\u00fablica Centroafricana"],"8":["Valencia CF","Rep\u00fablica Centroafricana"],"9":["Valencia CF"],"10":["Valencia CF"],"11":["Valencia CF"],"12":["Valencia CF","Rep\u00fablica Centroafricana"],"13":["Valencia CF"],"14":["Valencia CF"],"15":["Valencia CF"],"16":["Inter de Mil\u00e1n"],"17":["Inter de Mil\u00e1n"],"18":["AS M\u00f3naco"],"19":["AS M\u00f3naco"]},"NumberOfMatches":{"0":"3","1":"2","2":"2","3":"2","4":"3","5":"3","6":"1","7":"7","8":"4","9":"10","10":"10","11":"3","12":"2","13":"1","14":"2","15":"1","16":"3","17":"2","18":"2","19":"13"},"Player":{"0":"Geoffrey Kondogbia","1":"Geoffrey Kondogbia","2":"Geoffrey Kondogbia","3":"Geoffrey Kondogbia","4":"Geoffrey Kondogbia","5":"Geoffrey Kondogbia","6":"Geoffrey Kondogbia","7":"Geoffrey Kondogbia","8":"Geoffrey Kondogbia","9":"Geoffrey Kondogbia","10":"Geoffrey Kondogbia","11":"Geoffrey Kondogbia","12":"Geoffrey Kondogbia","13":"Geoffrey Kondogbia","14":"Geoffrey Kondogbia","15":"Geoffrey Kondogbia","16":"Geoffrey Kondogbia","17":"Geoffrey Kondogbia","18":"Geoffrey Kondogbia","19":"Geoffrey Kondogbia"}}