{"Injury":{"0":"Lesi\u00f3n muscular","1":"Coronavirus","2":"Coronavirus","3":"Lesi\u00f3n inguinal","4":"Fractura metatarsiana"},"From":{"0":"02\/05\/2023","1":"05\/01\/2022","2":"06\/11\/2020","3":"25\/11\/2019","4":"28\/08\/2017"},"To":{"0":"24\/05\/2023","1":"15\/01\/2022","2":"20\/11\/2020","3":"25\/12\/2019","4":"21\/11\/2017"},"Teams":{"0":["Real Racing Club "],"1":["Granada CF"],"2":["Granada CF"],"3":["Granada CF"],"4":["Granada CF"]},"NumberOfMatches":{"0":"3","1":"1","2":"1","3":"5","4":"14"},"Player":{"0":"Germ\u00e1n S\u00e1nchez","1":"Germ\u00e1n S\u00e1nchez","2":"Germ\u00e1n S\u00e1nchez","3":"Germ\u00e1n S\u00e1nchez","4":"Germ\u00e1n S\u00e1nchez"}}