{"Injury":{"0":"Lesi\u00f3n de tobillo","1":"D\u00e9ficit de entrenamiento","2":"Lesi\u00f3n desconocida","3":"Lesi\u00f3n desconocida","4":"Lesi\u00f3n de pantorrilla","5":"Lesi\u00f3n de pantorrilla","6":"Problemas de muslos","7":"Problemas de pantorrillas","8":"Problemas de muslos","9":"Problemas de muslos","10":"Problemas de rodilla","11":"Problemas de rodilla"},"From":{"0":"24\/02\/2021","1":"05\/11\/2020","2":"06\/01\/2020","3":"03\/11\/2019","4":"13\/02\/2016","5":"15\/08\/2015","6":"05\/04\/2014","7":"19\/10\/2013","8":"03\/12\/2012","9":"03\/09\/2012","10":"28\/12\/2008","11":"10\/09\/2008"},"To":{"0":"07\/04\/2021","1":"24\/01\/2021","2":"31\/01\/2020","3":"27\/12\/2019","4":"26\/02\/2016","5":"28\/08\/2015","6":"25\/04\/2014","7":"01\/11\/2013","8":"25\/01\/2013","9":"15\/10\/2012","10":"17\/01\/2009","11":"21\/09\/2008"},"Teams":{"0":["ADO Den Haag"],"1":["ADO Den Haag"],"2":["Kerala Blasters FC"],"3":["Kerala Blasters FC"],"4":["ADO Den Haag"],"5":["ADO Den Haag"],"6":["ADO Den Haag"],"7":["ADO Den Haag"],"8":["SC Heerenveen"],"9":["SC Heerenveen","Pa\u00edses Bajos Sub 21"],"10":["West Bromwich Albion"],"11":["West Bromwich Albion"]},"NumberOfMatches":{"0":"6","1":"12","2":"3","3":"6","4":"2","5":"2","6":"2","7":"3","8":"5","9":"8","10":"5","11":"2"},"Player":{"0":"Gianni Zuiverloon","1":"Gianni Zuiverloon","2":"Gianni Zuiverloon","3":"Gianni Zuiverloon","4":"Gianni Zuiverloon","5":"Gianni Zuiverloon","6":"Gianni Zuiverloon","7":"Gianni Zuiverloon","8":"Gianni Zuiverloon","9":"Gianni Zuiverloon","10":"Gianni Zuiverloon","11":"Gianni Zuiverloon"}}