{"Injury":{"0":"Lesi\u00f3n de rodilla","1":"Coronavirus","2":"Lesi\u00f3n de tobillo","3":"Lesi\u00f3n muscular","4":"Lesi\u00f3n muscular"},"From":{"0":"03\/04\/2023","1":"09\/01\/2021","2":"25\/07\/2019","3":"09\/08\/2018","4":"30\/04\/2018"},"To":{"0":"01\/05\/2023","1":"17\/01\/2021","2":"29\/07\/2019","3":"18\/09\/2018","4":"15\/06\/2018"},"Teams":{"0":["RCD Mallorca"],"1":["CA Pe\u00f1arol"],"2":["CA Pe\u00f1arol"],"3":["CA Pe\u00f1arol","Uruguay"],"4":["CA Pe\u00f1arol","Uruguay"]},"NumberOfMatches":{"0":"5","1":"1","2":"1","3":"6","4":"11"},"Player":{"0":"Giovanni Gonz\u00e1lez","1":"Giovanni Gonz\u00e1lez","2":"Giovanni Gonz\u00e1lez","3":"Giovanni Gonz\u00e1lez","4":"Giovanni Gonz\u00e1lez"}}