{"Injury":{"0":"Lesi\u00f3n muscular","1":"Gastroenteritis gripal","2":"Problemas musculares","3":"Problemas musculares","4":"Problemas musculares","5":"Lesi\u00f3n muscular","6":"Hernia inguinal","7":"Esguince de tobillo","8":"Desgarro muscular"},"From":{"0":"21\/03\/2023","1":"04\/11\/2021","2":"18\/04\/2021","3":"24\/10\/2020","4":"10\/10\/2020","5":"01\/01\/2020","6":"27\/09\/2018","7":"30\/10\/2017","8":"16\/05\/2013"},"To":{"0":"27\/04\/2023","1":"11\/11\/2021","2":"11\/05\/2021","3":"25\/11\/2020","4":"19\/10\/2020","5":"05\/02\/2020","6":"03\/11\/2018","7":"16\/11\/2017","8":"19\/06\/2013"},"Teams":{"0":["C\u00e1diz CF"],"1":["SS Lazio"],"2":["SS Lazio"],"3":["SS Lazio"],"4":["SS Lazio"],"5":["SD Eibar"],"6":["SD Eibar"],"7":["SD Eibar"],"8":["CA Boca Juniors"]},"NumberOfMatches":{"0":"5","1":"2","2":"5","3":"7","4":"1","5":"6","6":"5","7":"1","8":"9"},"Player":{"0":"Gonzalo Escalante","1":"Gonzalo Escalante","2":"Gonzalo Escalante","3":"Gonzalo Escalante","4":"Gonzalo Escalante","5":"Gonzalo Escalante","6":"Gonzalo Escalante","7":"Gonzalo Escalante","8":"Gonzalo Escalante"}}