{"Injury":{"0":"Fractura de tobillo","1":"Lesi\u00f3n muscular","2":"Lesi\u00f3n de tobillo","3":"Lesi\u00f3n desconocida","4":"Lesi\u00f3n desconocida"},"From":{"0":"01\/03\/2023","1":"01\/07\/2020","2":"06\/09\/2016","3":"19\/09\/2015","4":"08\/05\/2015"},"To":{"0":"03\/04\/2023","1":"06\/07\/2020","2":"17\/11\/2016","3":"05\/10\/2015","4":"13\/05\/2015"},"Teams":{"0":["Buriram United"],"1":["Arsenal Tula"],"2":["CA Osasuna"],"3":["Eskisehirspor"],"4":["Eskisehirspor"]},"NumberOfMatches":{"0":"4","1":"2","2":"9","3":"4","4":"2"},"Player":{"0":"Goran Causic","1":"Goran Causic","2":"Goran Causic","3":"Goran Causic","4":"Goran Causic"}}