{"Injury":{"0":"Lesi\u00f3n de rodilla","1":"Lesi\u00f3n desconocida","2":"Lesi\u00f3n desconocida","3":"D\u00e9ficit de entrenamiento","4":"Lesi\u00f3n de tobillo","5":"Lesi\u00f3n muscular","6":"Descanso","7":"Traumatismo","8":"Herida inflamada","9":"Problemas de tobillo","10":"Retirar los tornillos\/clavos","11":"Problemas de tobillo","12":"D\u00e9ficit de entrenamiento","13":"Ligamento roto Articulaci\u00f3n del tobillo"},"From":{"0":"18\/08\/2023","1":"25\/04\/2023","2":"20\/10\/2022","3":"30\/10\/2019","4":"05\/09\/2018","5":"08\/06\/2018","6":"28\/04\/2018","7":"23\/11\/2017","8":"23\/05\/2017","9":"27\/03\/2017","10":"09\/03\/2017","11":"02\/03\/2017","12":"16\/01\/2017","13":"12\/09\/2016"},"To":{"0":"18\/10\/2023","1":"16\/05\/2023","2":"08\/11\/2022","3":"02\/11\/2019","4":"31\/12\/2018","5":"13\/06\/2018","6":"30\/04\/2018","7":"08\/12\/2017","8":"28\/05\/2017","9":"13\/04\/2017","10":"23\/03\/2017","11":"09\/03\/2017","12":"23\/02\/2017","13":"16\/01\/2017"},"Teams":{"0":["CR Flamengo","Uruguay"],"1":["CR Flamengo"],"2":["CR Flamengo"],"3":["FC Copenhague"],"4":["CA Pe\u00f1arol","Uruguay"],"5":[],"6":["CA Pe\u00f1arol"],"7":["CA Pe\u00f1arol"],"8":["Eintracht Fr\u00e1ncfort\u200b\u200b"],"9":["Eintracht Fr\u00e1ncfort\u200b\u200b","Uruguay"],"10":["Eintracht Fr\u00e1ncfort\u200b\u200b"],"11":["Eintracht Fr\u00e1ncfort\u200b\u200b"],"12":["Eintracht Fr\u00e1ncfort\u200b\u200b"],"13":["Eintracht Fr\u00e1ncfort\u200b\u200b","Uruguay"]},"NumberOfMatches":{"0":"13","1":"6","2":"6","3":"1","4":"14","5":"-","6":"1","7":"3","8":"1","9":"4","10":"2","11":"1","12":"6","13":"19"},"Player":{"0":"Guillermo Varela","1":"Guillermo Varela","2":"Guillermo Varela","3":"Guillermo Varela","4":"Guillermo Varela","5":"Guillermo Varela","6":"Guillermo Varela","7":"Guillermo Varela","8":"Guillermo Varela","9":"Guillermo Varela","10":"Guillermo Varela","11":"Guillermo Varela","12":"Guillermo Varela","13":"Guillermo Varela"}}