{"Injury":{"0":"Problemas musculares","1":"Problemas musculares","2":"Problemas musculares","3":"Fractura del pie","4":"D\u00e9ficit de entrenamiento","5":"Menisco desgarrado","6":"Lesi\u00f3n de pantorrilla","7":"Tir\u00f3n muscular","8":"Distensi\u00f3n de muslo","9":"Cirug\u00eda","10":"Problemas de cadera","11":"Problemas de espalda","12":"Molestias en los aductores","13":"Infecci\u00f3n gripal","14":"Herida menor","15":"Problemas de pantorrillas","16":"Esguince de la articulaci\u00f3n del tobillo","17":"Fractura metatarsiana","18":"Fractura metatarsiana","19":"Da\u00f1o de menisco"},"From":{"0":"15\/08\/2017","1":"27\/02\/2017","2":"27\/02\/2017","3":"03\/03\/2016","4":"18\/01\/2016","5":"03\/08\/2015","6":"20\/04\/2015","7":"02\/02\/2015","8":"20\/03\/2014","9":"28\/10\/2013","10":"26\/08\/2013","11":"14\/04\/2011","12":"20\/12\/2010","13":"11\/03\/2010","14":"23\/11\/2009","15":"16\/17","16":"13\/14","17":"08\/09","18":"11\/05\/2009","19":"09\/03\/2009"},"To":{"0":"17\/08\/2017","1":"04\/03\/2017","2":"02\/03\/2017","3":"09\/05\/2016","4":"15\/02\/2016","5":"18\/01\/2016","6":"14\/05\/2015","7":"09\/02\/2015","8":"21\/04\/2014","9":"10\/02\/2014","10":"28\/10\/2013","11":"01\/09\/2011","12":"23\/12\/2010","13":"15\/03\/2010","14":"07\/12\/2009","15":"15\/16","16":"10\/11","17":"07\/08","18":"21\/05\/2009","19":"06\/04\/2009"},"Teams":{"0":[],"1":["SV Darmstadt 98"],"2":[],"3":["Galatasaray"],"4":["Galatasaray"],"5":["Galatasaray"],"6":["Galatasaray"],"7":["Galatasaray"],"8":["Galatasaray","Turqu\u00eda U18"],"9":["Galatasaray","Turqu\u00eda"],"10":["Galatasaray","Turqu\u00eda"],"11":["Bayern M\u00fanich","Real Madrid CF","Turqu\u00eda"],"12":["Bayern M\u00fanich"],"13":["Bayern M\u00fanich"],"14":["Bayern M\u00fanich"],"15":["Bayern M\u00fanich"],"16":["Bayern M\u00fanich","Turqu\u00eda"],"17":["Bayern M\u00fanich","Turqu\u00eda"],"18":["Bayern M\u00fanich"],"19":["Bayern M\u00fanich"]},"NumberOfMatches":{"0":"-","1":"1","2":"-","3":"11","4":"7","5":"29","6":"5","7":"2","8":"8","9":"31","10":"20","11":"12","12":"1","13":"1","14":"3","15":"2","16":"8","17":"29","18":"14","19":"3"},"Player":{"0":"Hamit Alt\u0131ntop","1":"Hamit Alt\u0131ntop","2":"Hamit Alt\u0131ntop","3":"Hamit Alt\u0131ntop","4":"Hamit Alt\u0131ntop","5":"Hamit Alt\u0131ntop","6":"Hamit Alt\u0131ntop","7":"Hamit Alt\u0131ntop","8":"Hamit Alt\u0131ntop","9":"Hamit Alt\u0131ntop","10":"Hamit Alt\u0131ntop","11":"Hamit Alt\u0131ntop","12":"Hamit Alt\u0131ntop","13":"Hamit Alt\u0131ntop","14":"Hamit Alt\u0131ntop","15":"Hamit Alt\u0131ntop","16":"Hamit Alt\u0131ntop","17":"Hamit Alt\u0131ntop","18":"Hamit Alt\u0131ntop","19":"Hamit Alt\u0131ntop"}}