{"Injury":{"0":"Magulladura de rodilla","1":"Problemas de muslos","2":"Problemas de rodilla","3":"Operaci\u00f3n de rodilla","4":"Problemas de rodilla","5":"Rotura del ligamento cruzado","6":"Lesi\u00f3n del aductor","7":"Problemas inguinales","8":"Endurecimiento muscular"},"From":{"0":"05\/01\/2014","1":"22\/12\/2013","2":"17\/10\/2013","3":"01\/03\/2013","4":"20\/08\/2012","5":"19\/02\/2012","6":"12\/12\/2011","7":"17\/11\/2010","8":"22\/10\/2008"},"To":{"0":"20\/01\/2014","1":"02\/01\/2014","2":"01\/11\/2013","3":"20\/04\/2013","4":"01\/12\/2012","5":"19\/08\/2012","6":"01\/01\/2012","7":"26\/11\/2010","8":"25\/10\/2008"},"Teams":{"0":["Granada CF"],"1":[],"2":["Granada CF","Francia Sub 17"],"3":["Granada CF","Argelia"],"4":["Granada CF","Argelia"],"5":["Granada CF","Argelia"],"6":["Granada CF"],"7":["SSC N\u00e1poles"],"8":["SL Benfica"]},"NumberOfMatches":{"0":"2","1":"-","2":"7","3":"20","4":"30","5":"42","6":"3","7":"1","8":"1"},"Player":{"0":"Hassan Yebda","1":"Hassan Yebda","2":"Hassan Yebda","3":"Hassan Yebda","4":"Hassan Yebda","5":"Hassan Yebda","6":"Hassan Yebda","7":"Hassan Yebda","8":"Hassan Yebda"}}