{"Injury":{"0":"Golpe","1":"Lesi\u00f3n de espalda","2":"Problemas inguinales","3":"Enfermedad viral","4":"Lesi\u00f3n inguinal","5":"Lesi\u00f3n de muslo","6":"Lesi\u00f3n de muslo","7":"Lesi\u00f3n de tobillo","8":"Fractura de tibia"},"From":{"0":"05\/05\/2021","1":"08\/07\/2020","2":"15\/01\/2018","3":"13\/04\/2017","4":"21\/02\/2014","5":"09\/03\/2013","6":"11\/12\/2012","7":"20\/07\/2011","8":"04\/10\/2010"},"To":{"0":"24\/05\/2021","1":"22\/07\/2020","2":"01\/05\/2018","3":"20\/04\/2017","4":"19\/03\/2014","5":"09\/04\/2013","6":"02\/02\/2013","7":"21\/09\/2011","8":"26\/06\/2011"},"Teams":{"0":["FC Girondins de Burdeos"],"1":["Real Valladolid CF"],"2":["Par\u00eds Saint-Germain FC"],"3":["Par\u00eds Saint-Germain FC"],"4":["Newcastle United","Francia"],"5":["Newcastle United","Francia"],"6":["Newcastle United","Francia U16"],"7":["Newcastle United","Francia"],"8":["Newcastle United","Francia"]},"NumberOfMatches":{"0":"3","1":"3","2":"23","3":"2","4":"6","5":"20","6":"12","7":"14","8":"96"},"Player":{"0":"Hatem Ben Arfa","1":"Hatem Ben Arfa","2":"Hatem Ben Arfa","3":"Hatem Ben Arfa","4":"Hatem Ben Arfa","5":"Hatem Ben Arfa","6":"Hatem Ben Arfa","7":"Hatem Ben Arfa","8":"Hatem Ben Arfa"}}