{"Injury":{"0":"Rotura de fibras","1":"Fiebre","2":"D\u00e9ficit de entrenamiento","3":"Lesi\u00f3n del aductor","4":"Distensi\u00f3n de muslo","5":"Traumatismo","6":"Traumatismo","7":"Traumatismo","8":"Lesi\u00f3n del aductor","9":"Molestias en los aductores","10":"Rotura de fibras"},"From":{"0":"29\/04\/2016","1":"22\/02\/2016","2":"07\/12\/2015","3":"21\/09\/2015","4":"17\/08\/2015","5":"13\/04\/2015","6":"09\/02\/2015","7":"16\/12\/2013","8":"19\/04\/2012","9":"16\/02\/2012","10":"15\/02\/2010"},"To":{"0":"16\/05\/2016","1":"07\/03\/2016","2":"14\/12\/2015","3":"07\/12\/2015","4":"24\/08\/2015","5":"25\/05\/2015","6":"02\/03\/2015","7":"30\/12\/2013","8":"07\/05\/2012","9":"27\/02\/2012","10":"11\/03\/2010"},"Teams":{"0":["1.FSV Mainz 05"],"1":["1.FSV Mainz 05"],"2":["1.FSV Mainz 05"],"3":["1.FSV Mainz 05"],"4":["1.FSV Mainz 05"],"5":["Kayserispor"],"6":["Kayserispor"],"7":["Kayserispor"],"8":["FC Colonia"],"9":["FC Colonia"],"10":["Real Valladolid CF","Portugal"]},"NumberOfMatches":{"0":"3","1":"3","2":"1","3":"11","4":"1","5":"9","6":"4","7":"3","8":"3","9":"2","10":"4"},"Player":{"0":"Henrique Sereno","1":"Henrique Sereno","2":"Henrique Sereno","3":"Henrique Sereno","4":"Henrique Sereno","5":"Henrique Sereno","6":"Henrique Sereno","7":"Henrique Sereno","8":"Henrique Sereno","9":"Henrique Sereno","10":"Henrique Sereno"}}