{"Injury":{"0":"Traumatismo","1":"Edema de rodilla","2":"Lesi\u00f3n muscular","3":"Problemas de muslos"},"From":{"0":"12\/01\/2017","1":"25\/07\/2016","2":"31\/12\/2015","3":"01\/10\/2015"},"To":{"0":"22\/02\/2017","1":"17\/11\/2016","2":"31\/03\/2016","3":"15\/10\/2015"},"Teams":{"0":["UD Las Palmas"],"1":["UD Las Palmas"],"2":["UD Las Palmas"],"3":["UD Las Palmas"]},"NumberOfMatches":{"0":"6","1":"11","2":"17","3":"1"},"Player":{"0":"Hern\u00e1n Santana","1":"Hern\u00e1n Santana","2":"Hern\u00e1n Santana","3":"Hern\u00e1n Santana"}}