{"Injury":{"0":"Lesi\u00f3n de muslo","1":"Problemas musculares","2":"Lesi\u00f3n de rodilla","3":"Lesi\u00f3n muscular","4":"Lesi\u00f3n de pie","5":"Pubalgia","6":"Lesi\u00f3n del aductor","7":"Lesi\u00f3n de muslo","8":"Lesi\u00f3n de muslo","9":"Lesi\u00f3n en el dedo del pie","10":"Lesi\u00f3n de muslo","11":"Distensi\u00f3n de muslo","12":"Molestias en los aductores","13":"Lesi\u00f3n del aductor","14":"Rotura de ligamento colateral de la rodilla","15":"Lesi\u00f3n de hombro","16":"Lesi\u00f3n del ligamento cruzado","17":"Pubis","18":"Rotura de fibras"},"From":{"0":"20\/10\/2023","1":"24\/10\/2022","2":"21\/03\/2022","3":"08\/10\/2020","4":"14\/06\/2020","5":"17\/01\/2020","6":"22\/12\/2019","7":"19\/07\/2019","8":"20\/09\/2018","9":"01\/02\/2018","10":"30\/09\/2017","11":"29\/03\/2017","12":"17\/02\/2017","13":"13\/04\/2016","14":"11\/01\/2015","15":"22\/23","16":"19\/20","17":"16\/17","18":"13\/14"},"To":{"0":"13\/11\/2023","1":"12\/12\/2022","2":"06\/06\/2022","3":"05\/11\/2020","4":"24\/06\/2020","5":"24\/01\/2020","6":"04\/01\/2020","7":"19\/08\/2019","8":"25\/09\/2018","9":"10\/02\/2018","10":"20\/10\/2017","11":"05\/04\/2017","12":"22\/02\/2017","13":"25\/04\/2016","14":"01\/03\/2015","15":"21\/22","16":"18\/19","17":"15\/16","18":"12\/13"},"Teams":{"0":["Sport Club Internacional"],"1":["RC Celta de Vigo"],"2":["RC Celta de Vigo"],"3":["RC Celta de Vigo"],"4":["RC Celta de Vigo"],"5":["RC Celta de Vigo"],"6":["RC Celta de Vigo"],"7":["RC Celta de Vigo"],"8":["RC Celta de Vigo"],"9":["RC Celta de Vigo"],"10":["RC Celta de Vigo"],"11":["RC Celta de Vigo"],"12":["RC Celta de Vigo"],"13":["RC Celta de Vigo"],"14":["RC Celta de Vigo"],"15":["RC Celta de Vigo","Espa\u00f1a Sub-19"],"16":["RC Celta de Vigo","Espa\u00f1a Sub-21"],"17":["RC Celta de Vigo","Espa\u00f1a Sub-21"],"18":["RC Celta de Vigo"]},"NumberOfMatches":{"0":"7","1":"5","2":"9","3":"3","4":"3","5":"2","6":"1","7":"1","8":"1","9":"1","10":"1","11":"1","12":"1","13":"3","14":"7","15":"5","16":"40","17":"5","18":"3"},"Player":{"0":"Hugo Mallo","1":"Hugo Mallo","2":"Hugo Mallo","3":"Hugo Mallo","4":"Hugo Mallo","5":"Hugo Mallo","6":"Hugo Mallo","7":"Hugo Mallo","8":"Hugo Mallo","9":"Hugo Mallo","10":"Hugo Mallo","11":"Hugo Mallo","12":"Hugo Mallo","13":"Hugo Mallo","14":"Hugo Mallo","15":"Hugo Mallo","16":"Hugo Mallo","17":"Hugo Mallo","18":"Hugo Mallo"}}