{"Injury":{"0":"Lumbalgia","1":"Problemas de rodilla","2":"Lesi\u00f3n de hombro","3":"Lesi\u00f3n de muslo","4":"Problemas de muslos","5":"Golpe de muslo ","6":"Tir\u00f3n muscular","7":"Problemas musculares","8":"Problemas de rodilla"},"From":{"0":"07\/01\/2015","1":"04\/05\/2014","2":"24\/04\/2014","3":"26\/01\/2014","4":"22\/06\/2012","5":"23\/01\/2011","6":"08\/01\/2011","7":"22\/08\/2009","8":"21\/02\/2009"},"To":{"0":"23\/04\/2015","1":"19\/05\/2014","2":"03\/05\/2014","3":"22\/03\/2014","4":"01\/07\/2012","5":"25\/01\/2011","6":"20\/01\/2011","7":"03\/09\/2009","8":"21\/03\/2009"},"Teams":{"0":["RC Deportivo de La Coru\u00f1a"],"1":["SS Lazio"],"2":["SS Lazio"],"3":["Valencia CF","SS Lazio","Portugal"],"4":["Portugal"],"5":["Sporting de Lisboa"],"6":["Sporting de Lisboa"],"7":["Sporting de Lisboa"],"8":["Sporting de Lisboa"]},"NumberOfMatches":{"0":"15","1":"3","2":"1","3":"22","4":"1","5":"1","6":"3","7":"3","8":"7"},"Player":{"0":"H\u00e9lder Postiga","1":"H\u00e9lder Postiga","2":"H\u00e9lder Postiga","3":"H\u00e9lder Postiga","4":"H\u00e9lder Postiga","5":"H\u00e9lder Postiga","6":"H\u00e9lder Postiga","7":"H\u00e9lder Postiga","8":"H\u00e9lder Postiga"}}