{"Injury":{"0":"Problemas musculares","1":"Fiebre","2":"D\u00e9ficit de entrenamiento","3":"Traumatismo","4":"Lesi\u00f3n muscular","5":"Traumatismo","6":"Molestias en los aductores","7":"Rotura del ligamento cruzado","8":"Rotura de fibras","9":"Rotura del tend\u00f3n de Aquiles"},"From":{"0":"04\/04\/2019","1":"23\/06\/2017","2":"05\/06\/2017","3":"11\/05\/2017","4":"16\/10\/2016","5":"04\/10\/2016","6":"29\/03\/2016","7":"27\/09\/2010","8":"02\/08\/2009","9":"24\/09\/2008"},"To":{"0":"15\/04\/2019","1":"28\/06\/2017","2":"13\/06\/2017","3":"04\/06\/2017","4":"07\/11\/2016","5":"10\/10\/2016","6":"05\/04\/2016","7":"01\/04\/2011","8":"17\/09\/2009","9":"01\/02\/2009"},"Teams":{"0":["Montevideo Wanderers"],"1":["Montevideo Wanderers"],"2":["Montevideo Wanderers"],"3":["Montevideo Wanderers"],"4":["Montevideo Wanderers"],"5":["Montevideo Wanderers"],"6":["Club Nacional"],"7":["Levante UD","Valencia CF","Uruguay"],"8":["Valencia CF","Uruguay"],"9":["Newcastle United","Uruguay"]},"NumberOfMatches":{"0":"2","1":"1","2":"1","3":"3","4":"2","5":"1","6":"1","7":"32","8":"8","9":"25"},"Player":{"0":"Ignacio Gonz\u00e1lez","1":"Ignacio Gonz\u00e1lez","2":"Ignacio Gonz\u00e1lez","3":"Ignacio Gonz\u00e1lez","4":"Ignacio Gonz\u00e1lez","5":"Ignacio Gonz\u00e1lez","6":"Ignacio Gonz\u00e1lez","7":"Ignacio Gonz\u00e1lez","8":"Ignacio Gonz\u00e1lez","9":"Ignacio Gonz\u00e1lez"}}