{"Injury":{"0":"Desgarro muscular","1":"Infecci\u00f3n gripal","2":"Enfermo","3":"Problemas de espalda","4":"Coronavirus","5":"Problemas de espalda","6":"Herida menor","7":"Esguince de tobillo","8":"Lesi\u00f3n muscular","9":"Lumbalgia","10":"Lesi\u00f3n del m\u00fasculo flexor de la pierna","11":"Problemas de espalda","12":"Apendicitis","13":"Lesi\u00f3n de hombro","14":"Herida menor","15":"Problemas de cadera","16":"Golpe","17":"Problemas musculares","18":"Esguince de la articulaci\u00f3n del tobillo","19":"Tir\u00f3n muscular","20":"Problemas musculares"},"From":{"0":"04\/02\/2024","1":"02\/05\/2022","2":"11\/04\/2022","3":"31\/03\/2022","4":"16\/12\/2021","5":"04\/10\/2021","6":"04\/02\/2021","7":"07\/09\/2020","8":"18\/06\/2020","9":"09\/03\/2020","10":"29\/08\/2019","11":"07\/02\/2019","12":"24\/09\/2018","13":"26\/04\/2018","14":"29\/03\/2018","15":"21\/22","16":"18\/19","17":"15\/16","18":"25\/01\/2018","19":"13\/11\/2017","20":"09\/01\/2017"},"To":{"0":"24\/03\/2024","1":"19\/05\/2022","2":"14\/04\/2022","3":"07\/04\/2022","4":"30\/12\/2021","5":"28\/10\/2021","6":"08\/02\/2021","7":"24\/09\/2020","8":"22\/06\/2020","9":"12\/03\/2020","10":"30\/09\/2019","11":"25\/02\/2019","12":"18\/10\/2018","13":"10\/05\/2018","14":"02\/04\/2018","15":"20\/21","16":"17\/18","17":"14\/15","18":"01\/02\/2018","19":"16\/11\/2017","20":"16\/01\/2017"},"Teams":{"0":["Real Betis Balompi\u00e9"],"1":["Real Madrid CF"],"2":["Real Madrid CF"],"3":["Real Madrid CF"],"4":["Real Madrid CF"],"5":["Real Madrid CF"],"6":["Real Madrid CF"],"7":["Real Madrid CF"],"8":["Real Madrid CF"],"9":[],"10":["Real Madrid CF"],"11":["Real Madrid CF"],"12":["Real Madrid CF","Espa\u00f1a"],"13":["Real Madrid CF"],"14":["Real Madrid CF"],"15":["Real Madrid CF"],"16":["Espa\u00f1a"],"17":["Real Madrid CF"],"18":["Real Madrid CF","Espa\u00f1a"],"19":["Espa\u00f1a"],"20":["Real Madrid CF"]},"NumberOfMatches":{"0":"9","1":"4","2":"1","3":"2","4":"2","5":"3","6":"1","7":"1","8":"2","9":"-","10":"6","11":"4","12":"6","13":"4","14":"1","15":"1","16":"1","17":"2","18":"5","19":"1","20":"1"},"Player":{"0":"Isco","1":"Isco","2":"Isco","3":"Isco","4":"Isco","5":"Isco","6":"Isco","7":"Isco","8":"Isco","9":"Isco","10":"Isco","11":"Isco","12":"Isco","13":"Isco","14":"Isco","15":"Isco","16":"Isco","17":"Isco","18":"Isco","19":"Isco","20":"Isco"}}