{"Injury":{"0":"Esguince de tobillo","1":"Problemas inguinales","2":"Lesi\u00f3n desconocida","3":"Lesi\u00f3n de rodilla"},"From":{"0":"05\/10\/2016","1":"06\/10\/2015","2":"13\/04\/2014","3":"14\/11\/2011"},"To":{"0":"28\/11\/2016","1":"14\/10\/2015","2":"25\/04\/2014","3":"21\/11\/2011"},"Teams":{"0":["Granada CF"],"1":[],"2":["Udinese"],"3":["GNK Dinamo Zagreb","Croacia"]},"NumberOfMatches":{"0":"6","1":"-","2":"2","3":"4"},"Player":{"0":"Ivan Kelava","1":"Ivan Kelava","2":"Ivan Kelava","3":"Ivan Kelava"}}