{"Injury":{"0":"Lesi\u00f3n desconocida","1":"Lesi\u00f3n desconocida","2":"Lesi\u00f3n del aductor","3":"Endurecimiento muscular","4":"Lesi\u00f3n muscular","5":"Problemas musculares"},"From":{"0":"08\/02\/2010","1":"10\/12\/2008","2":"03\/11\/2008","3":"03\/03\/2008","4":"10\/06\/2007","5":"01\/05\/2007"},"To":{"0":"01\/06\/2010","1":"20\/01\/2009","2":"08\/12\/2008","3":"30\/06\/2008","4":"07\/10\/2007","5":"13\/05\/2007"},"Teams":{"0":["RCD Espanyol","Espa\u00f1a"],"1":["RCD Espanyol"],"2":["RCD Espanyol","Espa\u00f1a"],"3":["RCD Espanyol","Espa\u00f1a"],"4":["RCD Espanyol","Espa\u00f1a"],"5":["RCD Espanyol"]},"NumberOfMatches":{"0":"20","1":"7","2":"8","3":"22","4":"17","5":"3"},"Player":{"0":"Iv\u00e1n de la Pe\u00f1a","1":"Iv\u00e1n de la Pe\u00f1a","2":"Iv\u00e1n de la Pe\u00f1a","3":"Iv\u00e1n de la Pe\u00f1a","4":"Iv\u00e1n de la Pe\u00f1a","5":"Iv\u00e1n de la Pe\u00f1a"}}