{"Injury":{"0":"Rotura del ligamento cruzado","1":"Lesi\u00f3n de pie","2":"Operaci\u00f3n con el pie","3":"Lesi\u00f3n muscular","4":"Rotura del ligamento cruzado","5":"Traumatismo","6":"Lesi\u00f3n de muslo","7":"Lesi\u00f3n muscular","8":"Voladura acromioclavicular","9":"Menisco desgarrado"},"From":{"0":"16\/09\/2023","1":"05\/02\/2022","2":"31\/10\/2021","3":"13\/03\/2021","4":"21\/05\/2020","5":"25\/01\/2018","6":"07\/04\/2016","7":"11\/02\/2016","8":"04\/05\/2015","9":"20\/08\/2009"},"To":{"0":"30\/04\/2024","1":"15\/05\/2022","2":"29\/01\/2022","3":"13\/05\/2021","4":"26\/02\/2021","5":"12\/02\/2018","6":"14\/07\/2016","7":"22\/02\/2016","8":"25\/05\/2015","9":"07\/09\/2009"},"Teams":{"0":["FC Oporto"],"1":["FC Oporto"],"2":["FC Oporto"],"3":["FC Oporto"],"4":["FC Oporto"],"5":["FC Oporto"],"6":["FC Oporto"],"7":["FC Oporto"],"8":["FC Oporto"],"9":["Villarreal CF","Espa\u00f1a Sub-21"]},"NumberOfMatches":{"0":"41","1":"20","2":"16","3":"12","4":"46","5":"4","6":"7","7":"3","8":"3","9":"5"},"Player":{"0":"Iv\u00e1n Marcano","1":"Iv\u00e1n Marcano","2":"Iv\u00e1n Marcano","3":"Iv\u00e1n Marcano","4":"Iv\u00e1n Marcano","5":"Iv\u00e1n Marcano","6":"Iv\u00e1n Marcano","7":"Iv\u00e1n Marcano","8":"Iv\u00e1n Marcano","9":"Iv\u00e1n Marcano"}}