{"Injury":{"0":"Lesi\u00f3n de ligamentos","1":"Traumatismo","2":"Lesi\u00f3n de muslo","3":"Problemas musculares","4":"Lesi\u00f3n de muslo","5":"Rotura del ligamento cruzado","6":"Rotura de fibras","7":"Lesi\u00f3n desconocida","8":"Traumatismo craneal","9":"Lesi\u00f3n de hombro","10":"Contusi\u00f3n","11":"Contusi\u00f3n","12":"Operaci\u00f3n de rodilla"},"From":{"0":"17\/09\/2021","1":"16\/05\/2017","2":"29\/03\/2017","3":"29\/12\/2016","4":"15\/11\/2016","5":"03\/10\/2015","6":"07\/02\/2015","7":"28\/04\/2013","8":"12\/04\/2013","9":"16\/05\/2011","10":"08\/04\/2011","11":"11\/02\/2011","12":"17\/08\/2010"},"To":{"0":"22\/04\/2022","1":"23\/05\/2017","2":"19\/04\/2017","3":"05\/01\/2017","4":"29\/11\/2016","5":"02\/05\/2016","6":"09\/03\/2015","7":"20\/05\/2013","8":"21\/04\/2013","9":"30\/05\/2011","10":"13\/04\/2011","11":"17\/02\/2011","12":"05\/12\/2010"},"Teams":{"0":["Qaraba\u011f FK"],"1":["CA Osasuna"],"2":["CA Osasuna"],"3":["CA Osasuna"],"4":["CA Osasuna"],"5":["Real Zaragoza"],"6":["Real Zaragoza"],"7":["Orduspor"],"8":["Orduspor"],"9":["AS Bari"],"10":["AS Bari"],"11":["AS Bari"],"12":["AS Bari"]},"NumberOfMatches":{"0":"29","1":"1","2":"4","3":"1","4":"2","5":"31","6":"6","7":"3","8":"2","9":"1","10":"1","11":"1","12":"17"},"Player":{"0":"Jaime Romero","1":"Jaime Romero","2":"Jaime Romero","3":"Jaime Romero","4":"Jaime Romero","5":"Jaime Romero","6":"Jaime Romero","7":"Jaime Romero","8":"Jaime Romero","9":"Jaime Romero","10":"Jaime Romero","11":"Jaime Romero","12":"Jaime Romero"}}