{"Injury":{"0":"Rotura de fibras","1":"Lesi\u00f3n de rodilla","2":"Lesi\u00f3n muscular","3":"Problemas de tobillo","4":"Lesi\u00f3n de ligamentos","5":"Lesi\u00f3n de c\u00e1psula","6":"D\u00e9ficit de entrenamiento","7":"Lesi\u00f3n de ligamentos","8":"Lesi\u00f3n de pantorrilla","9":"Estiramiento de banda","10":"Estiramiento de banda","11":"Molestias en los aductores","12":"Rotura del m\u00fasculo de la pantorrilla"},"From":{"0":"16\/01\/2020","1":"23\/08\/2018","2":"02\/03\/2018","3":"24\/11\/2017","4":"20\/04\/2017","5":"02\/01\/2017","6":"05\/10\/2016","7":"21\/08\/2016","8":"01\/09\/2015","9":"09\/03\/2015","10":"05\/02\/2015","11":"18\/12\/2014","12":"06\/11\/2011"},"To":{"0":"06\/02\/2020","1":"16\/06\/2019","2":"30\/03\/2018","3":"30\/11\/2017","4":"05\/05\/2017","5":"11\/01\/2017","6":"12\/10\/2016","7":"05\/10\/2016","8":"18\/09\/2015","9":"31\/03\/2015","10":"19\/02\/2015","11":"29\/12\/2014","12":"06\/12\/2011"},"Teams":{"0":["Hamburgo SV"],"1":["Hamburgo SV"],"2":["UD Las Palmas"],"3":["1.FSV Mainz 05"],"4":["1.FSV Mainz 05"],"5":[],"6":[],"7":["1.FSV Mainz 05"],"8":["1.FSV Mainz 05"],"9":["1.FSV Mainz 05"],"10":["1.FSV Mainz 05"],"11":["1.FSV Mainz 05"],"12":["Real Racing Club ","Espa\u00f1a Sub-21"]},"NumberOfMatches":{"0":"2","1":"36","2":"3","3":"1","4":"2","5":"-","6":"-","7":"9","8":"2","9":"2","10":"2","11":"1","12":"6"},"Player":{"0":"Jairo Samperio","1":"Jairo Samperio","2":"Jairo Samperio","3":"Jairo Samperio","4":"Jairo Samperio","5":"Jairo Samperio","6":"Jairo Samperio","7":"Jairo Samperio","8":"Jairo Samperio","9":"Jairo Samperio","10":"Jairo Samperio","11":"Jairo Samperio","12":"Jairo Samperio"}}