{"Injury":{"0":"Rotura del menisco externo","1":"Menisco desgarrado","2":"Rotura del ligamento cruzado","3":"Rotura del ligamento cruzado","4":"Rotura del ligamento cruzado"},"From":{"0":"30\/10\/2021","1":"07\/03\/2021","2":"17\/07\/2011","3":"29\/11\/2010","4":"05\/01\/2010"},"To":{"0":"30\/12\/2021","1":"07\/08\/2021","2":"01\/02\/2012","3":"01\/05\/2011","4":"01\/06\/2010"},"Teams":{"0":["H\u00e9rcules CF"],"1":["H\u00e9rcules CF"],"2":["Girona FC"],"3":["Recreativo de Huelva"],"4":["Real Madrid Castilla"]},"NumberOfMatches":{"0":"8","1":"10","2":"23","3":"22","4":"19"},"Player":{"0":"Javi Acu\u00f1a","1":"Javi Acu\u00f1a","2":"Javi Acu\u00f1a","3":"Javi Acu\u00f1a","4":"Javi Acu\u00f1a"}}