{"Injury":{"0":"Traumatismo","1":"Varicela","2":"Lesi\u00f3n de tobillo","3":"Enfermedad viral","4":"Enfermedad viral","5":"Golpe","6":"Distensi\u00f3n de muslo","7":"Lesi\u00f3n de tobillo","8":"Lesi\u00f3n vertebral"},"From":{"0":"20\/05\/2023","1":"12\/05\/2022","2":"07\/02\/2021","3":"24\/01\/2021","4":"29\/11\/2020","5":"02\/07\/2020","6":"02\/01\/2020","7":"20\/08\/2018","8":"13\/02\/2014"},"To":{"0":"31\/05\/2023","1":"23\/05\/2022","2":"10\/03\/2021","3":"25\/01\/2021","4":"25\/12\/2020","5":"04\/07\/2020","6":"28\/02\/2020","7":"14\/09\/2018","8":"08\/04\/2014"},"Teams":{"0":["Newcastle United"],"1":["Newcastle United"],"2":["Newcastle United"],"3":[],"4":["Newcastle United"],"5":[],"6":["Newcastle United"],"7":["Newcastle United"],"8":["Atl\u00e9tico de Madrid","Espa\u00f1a Sub-21"]},"NumberOfMatches":{"0":"2","1":"2","2":"4","3":"-","4":"4","5":"-","6":"10","7":"3","8":"17"},"Player":{"0":"Javier Manquillo","1":"Javier Manquillo","2":"Javier Manquillo","3":"Javier Manquillo","4":"Javier Manquillo","5":"Javier Manquillo","6":"Javier Manquillo","7":"Javier Manquillo","8":"Javier Manquillo"}}