{"Injury":{"0":"Tir\u00f3n muscular","1":"Problemas musculares","2":"Problemas del tend\u00f3n de Aquiles","3":"Problemas de muslos","4":"Irritaci\u00f3n del tend\u00f3n de Aquiles"},"From":{"0":"14\/03\/2012","1":"11\/11\/2011","2":"29\/11\/2010","3":"25\/08\/2010","4":"04\/12\/2008"},"To":{"0":"22\/03\/2012","1":"18\/11\/2011","2":"17\/02\/2011","3":"22\/09\/2010","4":"15\/12\/2008"},"Teams":{"0":["SS Lazio"],"1":["Espa\u00f1a Sub-21"],"2":["SS Lazio","Espa\u00f1a Sub-21"],"3":["SS Lazio","Espa\u00f1a Sub-21"],"4":["Manchester City"]},"NumberOfMatches":{"0":"1","1":"1","2":"13","3":"6","4":"2"},"Player":{"0":"Javier Garrido","1":"Javier Garrido","2":"Javier Garrido","3":"Javier Garrido","4":"Javier Garrido"}}