{"Injury":{"0":"Lesi\u00f3n de rodilla","1":"Lesi\u00f3n muscular","2":"Lesi\u00f3n meniscal","3":"Lesi\u00f3n muscular","4":"Traumatismo craneal"},"From":{"0":"20\/05\/2023","1":"04\/01\/2021","2":"26\/01\/2020","3":"26\/02\/2018","4":"27\/11\/2016"},"To":{"0":"-","1":"24\/05\/2021","2":"05\/08\/2020","3":"26\/03\/2018","4":"05\/12\/2016"},"Teams":{"0":["CF Rayo Majadahonda"],"1":["Real Zaragoza"],"2":["Real Zaragoza"],"3":["Real Zaragoza"],"4":["Real Zaragoza"]},"NumberOfMatches":{"0":"27","1":"22","2":"19","3":"4","4":"1"},"Player":{"0":"Javi Ros","1":"Javi Ros","2":"Javi Ros","3":"Javi Ros","4":"Javi Ros"}}