{"Injury":{"0":"Problemas musculares","1":"Lesi\u00f3n muscular","2":"Infecci\u00f3n gripal","3":"Lesi\u00f3n de rodilla","4":"Lesi\u00f3n de muslo","5":"Lesi\u00f3n de pantorrilla","6":"Problemas del tend\u00f3n de Aquiles","7":"Distensi\u00f3n de muslo","8":"Herida menor","9":"Lesi\u00f3n de rodilla","10":"Lesi\u00f3n de c\u00e1psula","11":"Contusi\u00f3n","12":"Operaci\u00f3n con el pie"},"From":{"0":"16\/01\/2018","1":"16\/11\/2017","2":"26\/10\/2017","3":"29\/05\/2017","4":"15\/05\/2017","5":"13\/04\/2017","6":"09\/02\/2017","7":"18\/08\/2016","8":"23\/11\/2015","9":"03\/04\/2013","10":"31\/12\/2009","11":"29\/10\/2007","12":"15\/08\/2005"},"To":{"0":"21\/02\/2018","1":"16\/12\/2017","2":"30\/10\/2017","3":"10\/07\/2017","4":"25\/05\/2017","5":"20\/04\/2017","6":"27\/02\/2017","7":"25\/08\/2016","8":"26\/11\/2015","9":"15\/05\/2013","10":"14\/01\/2010","11":"01\/11\/2007","12":"05\/03\/2006"},"Teams":{"0":["FC Barcelona","Hebei China Fortune"],"1":["FC Barcelona"],"2":["FC Barcelona"],"3":["Argentina"],"4":["FC Barcelona"],"5":["FC Barcelona"],"6":["FC Barcelona"],"7":["FC Barcelona"],"8":["FC Barcelona"],"9":["FC Barcelona"],"10":["Liverpool FC"],"11":["Liverpool FC"],"12":["SC Corinthians","Argentina"]},"NumberOfMatches":{"0":"7","1":"7","2":"1","3":"2","4":"1","5":"2","6":"4","7":"1","8":"1","9":"9","10":"2","11":"1","12":"38"},"Player":{"0":"Javier Mascherano","1":"Javier Mascherano","2":"Javier Mascherano","3":"Javier Mascherano","4":"Javier Mascherano","5":"Javier Mascherano","6":"Javier Mascherano","7":"Javier Mascherano","8":"Javier Mascherano","9":"Javier Mascherano","10":"Javier Mascherano","11":"Javier Mascherano","12":"Javier Mascherano"}}