{"Injury":{"0":"Lesi\u00f3n muscular","1":"Lesi\u00f3n muscular","2":"Lesi\u00f3n muscular","3":"Lesi\u00f3n de muslo","4":"Lesi\u00f3n inguinal","5":"Problemas musculares","6":"Lesi\u00f3n muscular","7":"Rotura de fibras","8":"Problemas musculares","9":"Problemas musculares"},"From":{"0":"05\/02\/2024","1":"22\/10\/2023","2":"26\/11\/2019","3":"09\/12\/2018","4":"14\/03\/2018","5":"01\/12\/2017","6":"28\/08\/2017","7":"02\/05\/2017","8":"19\/12\/2016","9":"30\/11\/2010"},"To":{"0":"15\/02\/2024","1":"07\/12\/2023","2":"14\/12\/2019","3":"12\/01\/2019","4":"04\/04\/2018","5":"15\/12\/2017","6":"28\/10\/2017","7":"14\/06\/2017","8":"28\/02\/2017","9":"22\/12\/2010"},"Teams":{"0":["Adelaide United"],"1":["Adelaide United"],"2":["RCD Espanyol"],"3":["RCD Espanyol"],"4":["RCD Espanyol"],"5":["RCD Espanyol"],"6":["RCD Espanyol"],"7":["RCD Espanyol"],"8":["RCD Espanyol"],"9":["RCD Espanyol"]},"NumberOfMatches":{"0":"1","1":"5","2":"4","3":"4","4":"2","5":"2","6":"8","7":"3","8":"9","9":"4"},"Player":{"0":"Javi L\u00f3pez","1":"Javi L\u00f3pez","2":"Javi L\u00f3pez","3":"Javi L\u00f3pez","4":"Javi L\u00f3pez","5":"Javi L\u00f3pez","6":"Javi L\u00f3pez","7":"Javi L\u00f3pez","8":"Javi L\u00f3pez","9":"Javi L\u00f3pez"}}