{"Injury":{"0":"Lesi\u00f3n de cadera","1":"Cadera magullada","2":"Problemas del tal\u00f3n de Aquiles","3":"Fractura del hueso nasal","4":"Fiebre"},"From":{"0":"25\/02\/2024","1":"10\/12\/2023","2":"17\/04\/2023","3":"13\/01\/2020","4":"30\/09\/2015"},"To":{"0":"-","1":"06\/01\/2024","2":"25\/05\/2023","3":"27\/01\/2020","4":"31\/10\/2015"},"Teams":{"0":["Sevilla FC"],"1":["Sevilla FC"],"2":["Sevilla FC"],"3":["Sevilla FC"],"4":["RCD Espanyol"]},"NumberOfMatches":{"0":"1","1":"5","2":"10","3":"3","4":"3"},"Player":{"0":"Joan Jord\u00e1n","1":"Joan Jord\u00e1n","2":"Joan Jord\u00e1n","3":"Joan Jord\u00e1n","4":"Joan Jord\u00e1n"}}