{"Injury":{"0":"Lesi\u00f3n desconocida","1":"D\u00e9ficit de entrenamiento","2":"Lesi\u00f3n muscular","3":"Lesi\u00f3n de rodilla","4":"D\u00e9ficit de entrenamiento","5":"Problemas de rodilla","6":"D\u00e9ficit de entrenamiento","7":"Lesi\u00f3n del ligamento cruzado","8":"Coronavirus","9":"Lesi\u00f3n muscular","10":" Dolores musculares","11":"Lesi\u00f3n de muslo","12":"Coronavirus","13":"Lesi\u00f3n muscular","14":"Lesi\u00f3n muscular","15":"Lesi\u00f3n de tobillo","16":"Lesi\u00f3n de muslo","17":"Lesi\u00f3n de muslo","18":"Lesi\u00f3n de muslo","19":"Lesi\u00f3n muscular","20":"Lesi\u00f3n muscular","21":"Lesi\u00f3n muscular","22":"Lesi\u00f3n muscular"},"From":{"0":"18\/02\/2024","1":"20\/12\/2023","2":"09\/12\/2023","3":"23\/11\/2023","4":"01\/11\/2023","5":"13\/10\/2023","6":"02\/10\/2023","7":"08\/07\/2023","8":"27\/01\/2022","9":"13\/12\/2021","10":"19\/09\/2021","11":"29\/08\/2021","12":"26\/03\/2021","13":"22\/09\/2020","14":"12\/07\/2020","15":"21\/22","16":"18\/19","17":"27\/02\/2020","18":"23\/01\/2020","19":"19\/12\/2019","20":"28\/11\/2019","21":"13\/01\/2019","22":"08\/01\/2019"},"To":{"0":"29\/02\/2024","1":"24\/12\/2023","2":"20\/12\/2023","3":"07\/12\/2023","4":"05\/11\/2023","5":"01\/11\/2023","6":"07\/10\/2023","7":"02\/10\/2023","8":"03\/02\/2022","9":"27\/12\/2021","10":"13\/10\/2021","11":"12\/09\/2021","12":"10\/04\/2021","13":"14\/10\/2020","14":"26\/07\/2020","15":"20\/21","16":"19\/20","17":"19\/20","18":"19\/20","19":"19\/20","20":"19\/20","21":"18\/19","22":"18\/19"},"Teams":{"0":["Trabzonspor"],"1":["Trabzonspor"],"2":["Trabzonspor"],"3":["Trabzonspor"],"4":["Trabzonspor"],"5":["Trabzonspor"],"6":["Trabzonspor"],"7":["Trabzonspor"],"8":["Real Valladolid CF"],"9":["Real Valladolid CF"],"10":["Real Valladolid CF"],"11":["Real Valladolid CF"],"12":["Real Valladolid CF"],"13":["Real Valladolid CF"],"14":["Real Valladolid CF"],"15":["Real Valladolid CF"],"16":["Real Valladolid CF"],"17":["Real Valladolid CF"],"18":["Real Valladolid CF"],"19":["Real Valladolid CF"],"20":["Real Valladolid CF"],"21":["Real Valladolid CF"],"22":["Real Valladolid CF"]},"NumberOfMatches":{"0":"3","1":"1","2":"2","3":"3","4":"1","5":"2","6":"1","7":"7","8":"1","9":"2","10":"3","11":"3","12":"1","13":"3","14":"2","15":"4","16":"1","17":"1","18":"2","19":"1","20":"1","21":"3","22":"6"},"Player":{"0":"Joaqu\u00edn Fern\u00e1ndez","1":"Joaqu\u00edn Fern\u00e1ndez","2":"Joaqu\u00edn Fern\u00e1ndez","3":"Joaqu\u00edn Fern\u00e1ndez","4":"Joaqu\u00edn Fern\u00e1ndez","5":"Joaqu\u00edn Fern\u00e1ndez","6":"Joaqu\u00edn Fern\u00e1ndez","7":"Joaqu\u00edn Fern\u00e1ndez","8":"Joaqu\u00edn Fern\u00e1ndez","9":"Joaqu\u00edn Fern\u00e1ndez","10":"Joaqu\u00edn Fern\u00e1ndez","11":"Joaqu\u00edn Fern\u00e1ndez","12":"Joaqu\u00edn Fern\u00e1ndez","13":"Joaqu\u00edn Fern\u00e1ndez","14":"Joaqu\u00edn Fern\u00e1ndez","15":"Joaqu\u00edn Fern\u00e1ndez","16":"Joaqu\u00edn Fern\u00e1ndez","17":"Joaqu\u00edn Fern\u00e1ndez","18":"Joaqu\u00edn Fern\u00e1ndez","19":"Joaqu\u00edn Fern\u00e1ndez","20":"Joaqu\u00edn Fern\u00e1ndez","21":"Joaqu\u00edn Fern\u00e1ndez","22":"Joaqu\u00edn Fern\u00e1ndez"}}