{"Injury":{"0":"Lesi\u00f3n de ligamentos","1":"Lesi\u00f3n de muslo","2":"Problemas musculares","3":"Problemas musculares","4":"Rotura del ligamento cruzado","5":"Lesi\u00f3n de muslo","6":"Rotura del tend\u00f3n de Aquiles","7":"Lesi\u00f3n de banda lateral"},"From":{"0":"03\/12\/2023","1":"02\/10\/2023","2":"05\/12\/2020","3":"14\/05\/2019","4":"17\/10\/2018","5":"10\/08\/2018","6":"26\/09\/2016","7":"15\/02\/2015"},"To":{"0":"05\/01\/2024","1":"19\/10\/2023","2":"08\/12\/2020","3":"21\/05\/2019","4":"10\/05\/2019","5":"16\/10\/2018","6":"29\/10\/2016","7":"09\/03\/2015"},"Teams":{"0":["CA Osasuna"],"1":["CA Osasuna"],"2":[],"3":["Girona FC"],"4":["Girona FC","Colombia"],"5":["Girona FC","Colombia"],"6":["Rayo Vallecano","Colombia"],"7":["Real Valladolid CF"]},"NumberOfMatches":{"0":"4","1":"1","2":"-","3":"1","4":"36","5":"11","6":"8","7":"4"},"Player":{"0":"Johan Mojica","1":"Johan Mojica","2":"Johan Mojica","3":"Johan Mojica","4":"Johan Mojica","5":"Johan Mojica","6":"Johan Mojica","7":"Johan Mojica"}}