{"Injury":{"0":"Cuarentena","1":"Endurecimiento de terneros","2":"Fractura de clav\u00edcula","3":"Lesi\u00f3n de rodilla","4":"Lesi\u00f3n de tobillo","5":"Operaci\u00f3n de rodilla","6":"Inflamaci\u00f3n","7":"Gripe","8":"Gripe"},"From":{"0":"12\/03\/2020","1":"01\/02\/2020","2":"14\/08\/2017","3":"20\/03\/2017","4":"11\/10\/2016","5":"04\/07\/2013","6":"19\/04\/2012","7":"19\/01\/2012","8":"23\/10\/2011"},"To":{"0":"26\/03\/2020","1":"13\/02\/2020","2":"25\/09\/2017","3":"10\/04\/2017","4":"19\/10\/2016","5":"01\/11\/2013","6":"14\/01\/2013","7":"27\/01\/2012","8":"28\/10\/2011"},"Teams":{"0":[],"1":["Hannover 96"],"2":["RC Celta de Vigo","Suecia"],"3":["RC Celta de Vigo","Suecia"],"4":["RC Celta de Vigo"],"5":["Manchester City","Suecia"],"6":["Feyenoord Rotterdam","Manchester City","Suecia"],"7":["Feyenoord Rotterdam","Suecia"],"8":["Feyenoord Rotterdam"]},"NumberOfMatches":{"0":"-","1":"2","2":"8","3":"5","4":"1","5":"23","6":"68","7":"2","8":"2"},"Player":{"0":"John Guidetti","1":"John Guidetti","2":"John Guidetti","3":"John Guidetti","4":"John Guidetti","5":"John Guidetti","6":"John Guidetti","7":"John Guidetti","8":"John Guidetti"}}