{"Injury":{"0":"Lesi\u00f3n de pantorrilla","1":"Problemas musculares","2":"Problemas de muslos","3":"M\u00fasculo desgarrado","4":"M\u00fasculo desgarrado","5":"M\u00fasculo desgarrado","6":"Rotura del ligamento cruzado"},"From":{"0":"20\/11\/2023","1":"04\/09\/2021","2":"24\/02\/2021","3":"18\/12\/2020","4":"08\/12\/2020","5":"12\/01\/2018","6":"16\/11\/2015"},"To":{"0":"-","1":"15\/09\/2021","2":"08\/05\/2021","3":"13\/02\/2021","4":"15\/12\/2020","5":"05\/02\/2018","6":"30\/06\/2016"},"Teams":{"0":["Stade Brestois 29"],"1":["Olympique de Marsella","Francia U19"],"2":["Olympique de Marsella","Francia U19"],"3":["Olympique de Marsella"],"4":["Olympique de Marsella"],"5":["Olympique de Marsella"],"6":["Aston Villa","Francia Sub 21"]},"NumberOfMatches":{"0":"15","1":"2","2":"13","3":"11","4":"2","5":"6","6":"38"},"Player":{"0":"Jordan Amavi","1":"Jordan Amavi","2":"Jordan Amavi","3":"Jordan Amavi","4":"Jordan Amavi","5":"Jordan Amavi","6":"Jordan Amavi"}}