{"Injury":{"0":"Lesi\u00f3n muscular","1":"Lesi\u00f3n de muslo","2":"Rotura de fibras","3":"Lesi\u00f3n muscular"},"From":{"0":"02\/11\/2018","1":"06\/09\/2018","2":"14\/01\/2018","3":"04\/12\/2017"},"To":{"0":"22\/04\/2019","1":"30\/10\/2018","2":"07\/02\/2018","3":"18\/12\/2017"},"Teams":{"0":["SD Eibar"],"1":["SD Eibar"],"2":["Real Sporting de Gij\u00f3n"],"3":["Real Sporting de Gij\u00f3n"]},"NumberOfMatches":{"0":"24","1":"7","2":"3","3":"2"},"Player":{"0":"Jordi Calavera","1":"Jordi Calavera","2":"Jordi Calavera","3":"Jordi Calavera"}}