{"Injury":{"0":"Cirug\u00eda del tend\u00f3n de Aquiles","1":"Lesi\u00f3n muscular","2":"Coronavirus","3":"Coronavirus","4":"Lesi\u00f3n muscular"},"From":{"0":"17\/10\/2023","1":"21\/04\/2023","2":"16\/09\/2021","3":"15\/10\/2020","4":"12\/07\/2020"},"To":{"0":"01\/05\/2024","1":"23\/04\/2023","2":"26\/09\/2021","3":"29\/10\/2020","4":"18\/07\/2020"},"Teams":{"0":["RC Celta de Vigo"],"1":["RC Celta de Vigo"],"2":["RC Celta de Vigo"],"3":["RC Celta de Vigo"],"4":["RC Celta de Vigo"]},"NumberOfMatches":{"0":"29","1":"1","2":"2","3":"2","4":"1"},"Player":{"0":"Joseph Aidoo","1":"Joseph Aidoo","2":"Joseph Aidoo","3":"Joseph Aidoo","4":"Joseph Aidoo"}}