{"Injury":{"0":"Rotura del ligamento cruzado","1":"Iirritaci\u00f3n p\u00fabica","2":"Lesi\u00f3n de pie","3":"Lesi\u00f3n de pantorrilla","4":"Lesi\u00f3n muscular","5":"Problemas musculares","6":"Lesi\u00f3n de tobillo","7":"Lesi\u00f3n de tobillo","8":"Lesi\u00f3n de muslo","9":"Lesi\u00f3n de pie","10":"Problemas inguinales","11":"Lesi\u00f3n de pierna","12":"Problemas estomacales","13":"Esguince de tobillo"},"From":{"0":"19\/10\/2022","1":"08\/09\/2020","2":"03\/07\/2020","3":"23\/09\/2019","4":"13\/05\/2019","5":"10\/12\/2018","6":"30\/09\/2018","7":"23\/01\/2017","8":"12\/01\/2017","9":"04\/10\/2016","10":"05\/11\/2015","11":"29\/08\/2015","12":"16\/02\/2015","13":"04\/12\/2014"},"To":{"0":"30\/06\/2023","1":"29\/09\/2020","2":"13\/07\/2020","3":"28\/09\/2019","4":"27\/05\/2019","5":"31\/12\/2018","6":"25\/11\/2018","7":"28\/01\/2017","8":"22\/01\/2017","9":"30\/11\/2016","10":"30\/11\/2015","11":"04\/10\/2015","12":"21\/02\/2015","13":"30\/01\/2015"},"Teams":{"0":["C\u00e1diz CF"],"1":["Real Sociedad"],"2":["Real Sociedad"],"3":["Real Sociedad"],"4":["Real Sociedad"],"5":["Real Sociedad"],"6":["Real Sociedad"],"7":["Real Sociedad"],"8":["Real Sociedad"],"9":["Real Sociedad"],"10":["Real Sociedad"],"11":["Real Sociedad"],"12":[],"13":["Real Sociedad"]},"NumberOfMatches":{"0":"30","1":"4","2":"3","3":"1","4":"1","5":"2","6":"6","7":"1","8":"3","9":"6","10":"3","11":"6","12":"-","13":"11"},"Player":{"0":"Joseba Zaldua","1":"Joseba Zaldua","2":"Joseba Zaldua","3":"Joseba Zaldua","4":"Joseba Zaldua","5":"Joseba Zaldua","6":"Joseba Zaldua","7":"Joseba Zaldua","8":"Joseba Zaldua","9":"Joseba Zaldua","10":"Joseba Zaldua","11":"Joseba Zaldua","12":"Joseba Zaldua","13":"Joseba Zaldua"}}