{"Injury":{"0":"Lesi\u00f3n muscular","1":"Lesi\u00f3n muscular","2":"Lesi\u00f3n de pantorrilla","3":"Lesi\u00f3n desconocida","4":"Lesi\u00f3n muscular","5":"Problemas de pantorrillas","6":"Lesi\u00f3n desconocida","7":"Lesi\u00f3n muscular","8":"Lesi\u00f3n desconocida","9":"Lesi\u00f3n muscular","10":"Contusi\u00f3n muscular ","11":"Lesi\u00f3n de muslo","12":"Lesi\u00f3n desconocida","13":"Lesi\u00f3n inguinal","14":"Problemas musculares","15":"Lesi\u00f3n desconocida","16":"Hematoma en el pie","17":"Lesi\u00f3n desconocida","18":"Rotura de fibras","19":"Fractura de p\u00f3mulo"},"From":{"0":"25\/02\/2024","1":"03\/12\/2023","2":"10\/08\/2023","3":"04\/05\/2022","4":"24\/03\/2022","5":"10\/12\/2021","6":"25\/11\/2021","7":"17\/09\/2021","8":"22\/07\/2021","9":"15\/02\/2021","10":"01\/10\/2020","11":"19\/12\/2019","12":"01\/09\/2017","13":"01\/08\/2015","14":"29\/08\/2014","15":"21\/22","16":"17\/18","17":"13\/14","18":"13\/14","19":"11\/12"},"To":{"0":"-","1":"14\/02\/2024","2":"22\/09\/2023","3":"13\/05\/2022","4":"31\/03\/2022","5":"13\/12\/2021","6":"08\/12\/2021","7":"09\/10\/2021","8":"11\/08\/2021","9":"01\/03\/2021","10":"25\/10\/2020","11":"10\/08\/2020","12":"09\/09\/2017","13":"03\/10\/2015","14":"08\/09\/2014","15":"20\/21","16":"15\/16","17":"11\/12","18":"12\/04\/2014","19":"02\/04\/2012"},"Teams":{"0":["APOEL FC"],"1":["APOEL FC"],"2":["APOEL FC"],"3":["PAOK de Sal\u00f3nica FC"],"4":[],"5":["PAOK de Sal\u00f3nica FC"],"6":["PAOK de Sal\u00f3nica FC"],"7":["PAOK de Sal\u00f3nica FC"],"8":["PAOK de Sal\u00f3nica FC"],"9":["PAOK de Sal\u00f3nica FC"],"10":["PAOK de Sal\u00f3nica FC"],"11":["PAOK de Sal\u00f3nica FC"],"12":[],"13":["Aston Villa"],"14":["C\u00f3rdoba CF","Espa\u00f1a Sub-21"],"15":["Bolonia","Espa\u00f1a Sub-19"],"16":["Bolonia"],"17":["Bolonia","Espa\u00f1a Sub-21"],"18":["Sevilla FC"],"19":["Sevilla FC","Espa\u00f1a Sub-21"]},"NumberOfMatches":{"0":"1","1":"13","2":"9","3":"3","4":"-","5":"1","6":"4","7":"5","8":"1","9":"3","10":"3","11":"28","12":"-","13":"10","14":"2","15":"4","16":"5","17":"3","18":"5","19":"4"},"Player":{"0":"Jos\u00e9 Crespo","1":"Jos\u00e9 Crespo","2":"Jos\u00e9 Crespo","3":"Jos\u00e9 Crespo","4":"Jos\u00e9 Crespo","5":"Jos\u00e9 Crespo","6":"Jos\u00e9 Crespo","7":"Jos\u00e9 Crespo","8":"Jos\u00e9 Crespo","9":"Jos\u00e9 Crespo","10":"Jos\u00e9 Crespo","11":"Jos\u00e9 Crespo","12":"Jos\u00e9 Crespo","13":"Jos\u00e9 Crespo","14":"Jos\u00e9 Crespo","15":"Jos\u00e9 Crespo","16":"Jos\u00e9 Crespo","17":"Jos\u00e9 Crespo","18":"Jos\u00e9 Crespo","19":"Jos\u00e9 Crespo"}}