{"Injury":{"0":"Lesi\u00f3n desconocida","1":"Becerro jalado","2":"Distensi\u00f3n de muslo","3":"Lesi\u00f3n de muslo","4":"D\u00e9ficit de entrenamiento","5":"Rotura del ligamento cruzado","6":"Rotura del ligamento cruzado","7":"Rotura de fibras"},"From":{"0":"15\/06\/2022","1":"01\/01\/2022","2":"28\/03\/2021","3":"19\/02\/2021","4":"08\/11\/2020","5":"27\/10\/2018","6":"21\/04\/2015","7":"10\/01\/2011"},"To":{"0":"21\/10\/2022","1":"22\/03\/2022","2":"26\/04\/2021","3":"20\/03\/2021","4":"28\/11\/2020","5":"27\/06\/2019","6":"02\/11\/2015","7":"20\/02\/2011"},"Teams":{"0":["Lee Man"],"1":["Lee Man"],"2":["Lee Man"],"3":["Lee Man"],"4":["Lee Man"],"5":["Eastern"],"6":["Elche CF"],"7":["UD Salamanca"]},"NumberOfMatches":{"0":"8","1":"15","2":"5","3":"5","4":"4","5":"21","6":"18","7":"6"},"Player":{"0":"Jos\u00e9 \u00c1ngel","1":"Jos\u00e9 \u00c1ngel","2":"Jos\u00e9 \u00c1ngel","3":"Jos\u00e9 \u00c1ngel","4":"Jos\u00e9 \u00c1ngel","5":"Jos\u00e9 \u00c1ngel","6":"Jos\u00e9 \u00c1ngel","7":"Jos\u00e9 \u00c1ngel"}}