{"Injury":{"0":"Lesi\u00f3n desconocida","1":"Lesi\u00f3n desconocida","2":"Lesi\u00f3n de cadera","3":"Problemas de cadera","4":"Lesi\u00f3n de banda lateral","5":"Irritaci\u00f3n del tend\u00f3n de Aquiles","6":"Fractura de dedo","7":"Tir\u00f3n muscular"},"From":{"0":"06\/02\/2024","1":"15\/10\/2023","2":"28\/01\/2019","3":"12\/01\/2019","4":"09\/02\/2017","5":"07\/04\/2016","6":"31\/12\/2015","7":"09\/02\/2015"},"To":{"0":"-","1":"14\/01\/2024","2":"08\/03\/2019","3":"23\/01\/2019","4":"27\/02\/2017","5":"02\/05\/2016","6":"31\/03\/2016","7":"16\/02\/2015"},"Teams":{"0":["PS Kalamata"],"1":["PS Kalamata"],"2":["PAOK de Sal\u00f3nica FC"],"3":["PAOK de Sal\u00f3nica FC"],"4":["PAOK de Sal\u00f3nica FC"],"5":["RCD Espanyol"],"6":["RCD Espanyol"],"7":["RCD Espanyol"]},"NumberOfMatches":{"0":"3","1":"11","2":"8","3":"3","4":"6","5":"5","6":"15","7":"2"},"Player":{"0":"Jos\u00e9 Alberto Ca\u00f1as","1":"Jos\u00e9 Alberto Ca\u00f1as","2":"Jos\u00e9 Alberto Ca\u00f1as","3":"Jos\u00e9 Alberto Ca\u00f1as","4":"Jos\u00e9 Alberto Ca\u00f1as","5":"Jos\u00e9 Alberto Ca\u00f1as","6":"Jos\u00e9 Alberto Ca\u00f1as","7":"Jos\u00e9 Alberto Ca\u00f1as"}}