{"Injury":{"0":"Lesi\u00f3n muscular","1":"Problemas musculares","2":"Lesi\u00f3n de tobillo","3":"Lesi\u00f3n muscular","4":"Lesi\u00f3n muscular","5":"Lesi\u00f3n muscular","6":"Lesi\u00f3n muscular","7":"Lesi\u00f3n de muslo","8":"Lesi\u00f3n muscular","9":"Lesi\u00f3n de muslo","10":"Problemas de rodilla","11":"Problemas musculares","12":"Gripe","13":"Lesi\u00f3n muscular","14":"Problemas del tal\u00f3n de Aquiles","15":"Problemas del tend\u00f3n de Aquiles","16":"Lesi\u00f3n de hombro","17":"Rotura de fibras","18":"Iirritaci\u00f3n p\u00fabica","19":"Lesi\u00f3n de muslo","20":"Inflamaci\u00f3n del tobillo","21":"Lesi\u00f3n de muslo","22":"Endurecimiento muscular","23":"Problemas inguinales"},"From":{"0":"26\/11\/2023","1":"28\/09\/2023","2":"18\/11\/2022","3":"07\/03\/2022","4":"13\/09\/2021","5":"24\/11\/2020","6":"12\/11\/2020","7":"29\/06\/2020","8":"21\/02\/2020","9":"23\/09\/2019","10":"31\/01\/2019","11":"28\/10\/2018","12":"01\/01\/2018","13":"03\/04\/2017","14":"23\/02\/2017","15":"22\/23","16":"19\/20","17":"16\/17","18":"16\/17","19":"16\/17","20":"16\/17","21":"15\/16","22":"15\/16","23":"15\/16"},"To":{"0":"04\/01\/2024","1":"18\/10\/2023","2":"30\/11\/2022","3":"21\/03\/2022","4":"15\/10\/2021","5":"17\/12\/2020","6":"16\/11\/2020","7":"10\/08\/2020","8":"28\/02\/2020","9":"23\/10\/2019","10":"06\/02\/2019","11":"02\/11\/2018","12":"05\/01\/2018","13":"28\/04\/2017","14":"28\/02\/2017","15":"21\/22","16":"18\/19","17":"15\/16","18":"16\/02\/2017","19":"31\/12\/2016","20":"24\/10\/2016","21":"20\/04\/2016","22":"20\/03\/2016","23":"19\/12\/2015"},"Teams":{"0":["Valencia CF"],"1":["Valencia CF","Espa\u00f1a"],"2":["Espa\u00f1a"],"3":["Valencia CF"],"4":["Valencia CF","Espa\u00f1a"],"5":["Valencia CF"],"6":["Espa\u00f1a"],"7":["Valencia CF"],"8":["Valencia CF"],"9":["Valencia CF","Espa\u00f1a"],"10":["Valencia CF"],"11":["Valencia CF"],"12":["Valencia CF"],"13":["Valencia CF"],"14":["Valencia CF"],"15":["Valencia CF"],"16":["Valencia CF"],"17":["Valencia CF","Espa\u00f1a Sub-21"],"18":["Valencia CF","Espa\u00f1a"],"19":["Valencia CF","Espa\u00f1a"],"20":["Valencia CF"],"21":["Valencia CF","Espa\u00f1a"],"22":["Valencia CF"],"23":["Espa\u00f1a"]},"NumberOfMatches":{"0":"6","1":"4","2":"2","3":"2","4":"6","5":"4","6":"1","7":"6","8":"1","9":"8","10":"1","11":"1","12":"1","13":"5","14":"2","15":"1","16":"2","17":"3","18":"12","19":"7","20":"7","21":"8","22":"3","23":"3"},"Player":{"0":"Jos\u00e9 Gay\u00e0","1":"Jos\u00e9 Gay\u00e0","2":"Jos\u00e9 Gay\u00e0","3":"Jos\u00e9 Gay\u00e0","4":"Jos\u00e9 Gay\u00e0","5":"Jos\u00e9 Gay\u00e0","6":"Jos\u00e9 Gay\u00e0","7":"Jos\u00e9 Gay\u00e0","8":"Jos\u00e9 Gay\u00e0","9":"Jos\u00e9 Gay\u00e0","10":"Jos\u00e9 Gay\u00e0","11":"Jos\u00e9 Gay\u00e0","12":"Jos\u00e9 Gay\u00e0","13":"Jos\u00e9 Gay\u00e0","14":"Jos\u00e9 Gay\u00e0","15":"Jos\u00e9 Gay\u00e0","16":"Jos\u00e9 Gay\u00e0","17":"Jos\u00e9 Gay\u00e0","18":"Jos\u00e9 Gay\u00e0","19":"Jos\u00e9 Gay\u00e0","20":"Jos\u00e9 Gay\u00e0","21":"Jos\u00e9 Gay\u00e0","22":"Jos\u00e9 Gay\u00e0","23":"Jos\u00e9 Gay\u00e0"}}