{"Injury":{"0":"Lesi\u00f3n de muslo","1":"Distensi\u00f3n de muslo","2":"Rotura de fibras","3":"Rotura del ligamento cruzado"},"From":{"0":"17\/03\/2015","1":"30\/01\/2014","2":"08\/03\/2008","3":"11\/03\/2007"},"To":{"0":"01\/06\/2015","1":"16\/02\/2014","2":"30\/03\/2008","3":"20\/10\/2007"},"Teams":{"0":["Getafe CF"],"1":["Getafe CF"],"2":["Atl\u00e9tico de Madrid","Espa\u00f1a Sub-21"],"3":["Atl\u00e9tico de Madrid","Espa\u00f1a Sub-21"]},"NumberOfMatches":{"0":"11","1":"3","2":"5","3":"29"},"Player":{"0":"Juan Valera","1":"Juan Valera","2":"Juan Valera","3":"Juan Valera"}}