{"Injury":{"0":"Lesi\u00f3n del aductor","1":"Problemas musculares","2":"Da\u00f1o de menisco","3":"Rotura del ligamento cruzado","4":"Fractura de peron\u00e9"},"From":{"0":"26\/02\/2011","1":"30\/09\/2010","2":"29\/07\/2006","3":"01\/02\/2006","4":"22\/09\/2002"},"To":{"0":"28\/03\/2011","1":"20\/10\/2010","2":"30\/11\/2006","3":"15\/07\/2006","4":"22\/11\/2002"},"Teams":{"0":["RC Deportivo de La Coru\u00f1a","Espa\u00f1a Sub-21"],"1":["RC Deportivo de La Coru\u00f1a","Espa\u00f1a Sub-21"],"2":["RC Deportivo de La Coru\u00f1a","Espa\u00f1a Sub-21"],"3":["RC Deportivo de La Coru\u00f1a","Espa\u00f1a Sub-21"],"4":["RC Deportivo de La Coru\u00f1a","Espa\u00f1a Sub-21"]},"NumberOfMatches":{"0":"7","1":"4","2":"18","3":"21","4":"14"},"Player":{"0":"Juan Carlos Valer\u00f3n","1":"Juan Carlos Valer\u00f3n","2":"Juan Carlos Valer\u00f3n","3":"Juan Carlos Valer\u00f3n","4":"Juan Carlos Valer\u00f3n"}}