{"Injury":{"0":"Rotura del menisco externo","1":"Problemas del tend\u00f3n de Aquiles","2":"Golpe","3":"Lesi\u00f3n meniscal","4":"Problemas de muslos","5":"Lesi\u00f3n meniscal","6":"Rotura del ligamento cruzado"},"From":{"0":"10\/11\/2022","1":"07\/11\/2016","2":"15\/04\/2016","3":"10\/09\/2015","4":"14\/04\/2015","5":"11\/05\/2011","6":"02\/11\/2008"},"To":{"0":"10\/06\/2023","1":"18\/11\/2016","2":"01\/05\/2016","3":"18\/10\/2015","4":"17\/04\/2015","5":"01\/07\/2011","6":"01\/04\/2009"},"Teams":{"0":["C\u00e1diz CF"],"1":["Getafe CF"],"2":["Getafe CF"],"3":["Getafe CF"],"4":[],"5":[],"6":["Sevilla Atl\u00e9tico","Espa\u00f1a Sub-19"]},"NumberOfMatches":{"0":"26","1":"1","2":"4","3":"6","4":"-","5":"?","6":"22"},"Player":{"0":"Juan Cala","1":"Juan Cala","2":"Juan Cala","3":"Juan Cala","4":"Juan Cala","5":"Juan Cala","6":"Juan Cala"}}