{"Injury":{"0":"Lesi\u00f3n muscular","1":"Distensi\u00f3n inguinal","2":"Lesi\u00f3n muscular","3":"Lesi\u00f3n inguinal","4":"Distensi\u00f3n de muslo","5":"Lesi\u00f3n de pierna","6":"Infecci\u00f3n gripal","7":"Rotura de fibras en el aductor","8":"Da\u00f1o de menisco","9":"Contusi\u00f3n p\u00fabica","10":"Lesi\u00f3n de tobillo","11":"Problemas de rodilla"},"From":{"0":"07\/03\/2017","1":"06\/07\/2016","2":"01\/06\/2016","3":"20\/04\/2016","4":"03\/03\/2016","5":"07\/09\/2015","6":"06\/02\/2014","7":"16\/09\/2013","8":"05\/08\/2010","9":"03\/12\/2009","10":"09\/02\/2009","11":"16\/05\/2005"},"To":{"0":"28\/04\/2017","1":"22\/07\/2016","2":"23\/06\/2016","3":"05\/05\/2016","4":"30\/03\/2016","5":"21\/09\/2015","6":"10\/02\/2014","7":"07\/10\/2013","8":"30\/12\/2010","9":"31\/12\/2009","10":"08\/03\/2009","11":"21\/05\/2005"},"Teams":{"0":["Orlando City SC"],"1":["Orlando City SC"],"2":["Orlando City SC"],"3":["Orlando City SC"],"4":["Orlando City SC"],"5":["Orlando City SC"],"6":["AC Milan"],"7":["AC Milan"],"8":["Real Madrid CF","Brasil"],"9":["Real Madrid CF"],"10":["AC Milan","Brasil"],"11":["AC Milan"]},"NumberOfMatches":{"0":"5","1":"3","2":"2","3":"2","4":"3","5":"2","6":"1","7":"6","8":"29","9":"4","10":"7","11":"1"},"Player":{"0":"Kak\u00e1","1":"Kak\u00e1","2":"Kak\u00e1","3":"Kak\u00e1","4":"Kak\u00e1","5":"Kak\u00e1","6":"Kak\u00e1","7":"Kak\u00e1","8":"Kak\u00e1","9":"Kak\u00e1","10":"Kak\u00e1","11":"Kak\u00e1"}}