{"Injury":{"0":"Fractura del c\u00fabito","1":"Rotura del ligamento cruzado","2":"Traumatismo","3":"Rotura del tend\u00f3n rotuliano","4":"Lesi\u00f3n de tobillo","5":"Lesi\u00f3n muscular","6":"Fractura del brazo","7":"Mononucleosis infecciosa","8":"Lesi\u00f3n del aductor"},"From":{"0":"07\/12\/2019","1":"11\/04\/2017","2":"14\/09\/2016","3":"21\/03\/2015","4":"25\/01\/2015","5":"29\/11\/2014","6":"01\/06\/2012","7":"18\/04\/2012","8":"30\/04\/2011"},"To":{"0":"18\/12\/2019","1":"11\/10\/2017","2":"16\/10\/2016","3":"05\/10\/2015","4":"28\/02\/2015","5":"07\/12\/2014","6":"01\/10\/2012","7":"08\/05\/2013","8":"01\/09\/2011"},"Teams":{"0":["Real Racing Club "],"1":["UD Almer\u00eda","Getafe CF"],"2":["Getafe CF"],"3":["Getafe CF"],"4":["Getafe CF"],"5":["Getafe CF"],"6":["FC Sion"],"7":["FC Sion"],"8":["FC Sion"]},"NumberOfMatches":{"0":"2","1":"16","2":"6","3":"18","4":"7","5":"2","6":"12","7":"43","8":"16"},"Player":{"0":"Karim Yoda","1":"Karim Yoda","2":"Karim Yoda","3":"Karim Yoda","4":"Karim Yoda","5":"Karim Yoda","6":"Karim Yoda","7":"Karim Yoda","8":"Karim Yoda"}}