{"Injury":{"0":"Lesi\u00f3n de pie","1":"Problemas musculares","2":"Problemas musculares","3":"Lesi\u00f3n de pantorrilla","4":"Lesi\u00f3n de pantorrilla","5":"Rotura de fibras","6":"Problemas musculares"},"From":{"0":"23\/09\/2018","1":"25\/04\/2018","2":"21\/02\/2018","3":"08\/08\/2017","4":"21\/09\/2016","5":"10\/02\/2016","6":"20\/09\/2012"},"To":{"0":"29\/11\/2018","1":"02\/05\/2018","2":"14\/03\/2018","3":"12\/09\/2017","4":"09\/01\/2017","5":"16\/03\/2016","6":"10\/12\/2012"},"Teams":{"0":["Real Valladolid CF"],"1":["M\u00e1laga CF"],"2":["M\u00e1laga CF"],"3":["M\u00e1laga CF"],"4":["M\u00e1laga CF"],"5":["SD Eibar"],"6":["Calcio Catania","Espa\u00f1a Sub-17"]},"NumberOfMatches":{"0":"9","1":"1","2":"4","3":"3","4":"14","5":"6","6":"21"},"Player":{"0":"Keko Gont\u00e1n","1":"Keko Gont\u00e1n","2":"Keko Gont\u00e1n","3":"Keko Gont\u00e1n","4":"Keko Gont\u00e1n","5":"Keko Gont\u00e1n","6":"Keko Gont\u00e1n"}}