{"Injury":{"0":"Problemas de las v\u00e9rtebras lumbares","1":"Lesi\u00f3n de espalda","2":"Lesi\u00f3n inguinal","3":"Descanso","4":"Lesi\u00f3n de espalda","5":"Herida menor","6":"Problemas de las v\u00e9rtebras lumbares","7":"Lesi\u00f3n de codo","8":"Lesi\u00f3n del aductor","9":"Lesi\u00f3n de hombro","10":"Lesi\u00f3n de hombro","11":"Molestias en los aductores","12":"Magulladuras en las costillas","13":"Lesi\u00f3n de espalda","14":"Coronavirus","15":"Lesi\u00f3n del m\u00fasculo flexor de la pierna","16":"Problemas inguinales","17":"Lesi\u00f3n del aductor","18":"Herida menor","19":"Lesi\u00f3n del aductor","20":"Lesi\u00f3n del aductor","21":"Cirug\u00eda del tend\u00f3n de Aquiles","22":"Irritaci\u00f3n del tend\u00f3n de Aquiles","23":"Molestias en los aductores","24":"Lesi\u00f3n muscular","25":"Irritaci\u00f3n del tend\u00f3n de Aquiles","26":"Lesi\u00f3n de rodilla"},"From":{"0":"24\/10\/2023","1":"29\/09\/2023","2":"20\/05\/2023","3":"10\/11\/2022","4":"31\/10\/2022","5":"12\/09\/2022","6":"20\/08\/2022","7":"04\/11\/2021","8":"14\/10\/2021","9":"27\/05\/2021","10":"15\/04\/2021","11":"01\/02\/2021","12":"21\/01\/2021","13":"10\/09\/2020","14":"31\/08\/2020","15":"22\/23","16":"19\/20","17":"15\/16","18":"10\/08\/2020","19":"07\/11\/2019","20":"17\/01\/2019","21":"22\/11\/2018","22":"19\/10\/2017","23":"12\/10\/2017","24":"02\/06\/2016","25":"05\/05\/2016","26":"05\/11\/2015"},"To":{"0":"21\/12\/2023","1":"04\/10\/2023","2":"17\/07\/2023","3":"14\/11\/2022","4":"10\/11\/2022","5":"15\/09\/2022","6":"22\/08\/2022","7":"15\/11\/2021","8":"18\/10\/2021","9":"28\/06\/2021","10":"26\/04\/2021","11":"11\/02\/2021","12":"01\/02\/2021","13":"17\/09\/2020","14":"14\/09\/2020","15":"21\/22","16":"18\/19","17":"11\/12","18":"24\/08\/2020","19":"21\/11\/2019","20":"31\/01\/2019","21":"29\/11\/2018","22":"23\/11\/2017","23":"16\/10\/2017","24":"22\/09\/2016","25":"12\/05\/2016","26":"19\/11\/2015"},"Teams":{"0":["Par\u00eds Saint-Germain FC"],"1":["Par\u00eds Saint-Germain FC"],"2":["Costa Rica"],"3":["Par\u00eds Saint-Germain FC"],"4":["Par\u00eds Saint-Germain FC","Costa Rica"],"5":["Par\u00eds Saint-Germain FC"],"6":["Par\u00eds Saint-Germain FC"],"7":["Par\u00eds Saint-Germain FC","Costa Rica"],"8":["Par\u00eds Saint-Germain FC"],"9":["Costa Rica"],"10":["Par\u00eds Saint-Germain FC"],"11":["Par\u00eds Saint-Germain FC"],"12":["Par\u00eds Saint-Germain FC"],"13":["Par\u00eds Saint-Germain FC"],"14":["Par\u00eds Saint-Germain FC"],"15":["Par\u00eds Saint-Germain FC"],"16":["Par\u00eds Saint-Germain FC","Costa Rica"],"17":["Real Madrid CF"],"18":["Real Madrid CF"],"19":["Real Madrid CF","Costa Rica"],"20":["Real Madrid CF"],"21":["Real Madrid CF","Costa Rica"],"22":["Real Madrid CF"],"23":["Real Madrid CF","Costa Rica"],"24":["Real Madrid CF"],"25":["Costa Rica"],"26":["Levante UD"]},"NumberOfMatches":{"0":"12","1":"2","2":"3","3":"1","4":"3","5":"1","6":"1","7":"2","8":"1","9":"3","10":"3","11":"3","12":"2","13":"3","14":"2","15":"3","16":"3","17":"4","18":"2","19":"9","20":"1","21":"12","22":"1","23":"3","24":"2","25":"4","26":"5"},"Player":{"0":"Keylor Navas","1":"Keylor Navas","2":"Keylor Navas","3":"Keylor Navas","4":"Keylor Navas","5":"Keylor Navas","6":"Keylor Navas","7":"Keylor Navas","8":"Keylor Navas","9":"Keylor Navas","10":"Keylor Navas","11":"Keylor Navas","12":"Keylor Navas","13":"Keylor Navas","14":"Keylor Navas","15":"Keylor Navas","16":"Keylor Navas","17":"Keylor Navas","18":"Keylor Navas","19":"Keylor Navas","20":"Keylor Navas","21":"Keylor Navas","22":"Keylor Navas","23":"Keylor Navas","24":"Keylor Navas","25":"Keylor Navas","26":"Keylor Navas"}}