{"Injury":{"0":"Lesi\u00f3n inguinal","1":"Fractura metatarsiana","2":"Lesi\u00f3n de hombro","3":"Distensi\u00f3n inguinal","4":"Estiramiento de los m\u00fasculos de los muslos y los gl\u00fateos","5":"Distensi\u00f3n inguinal","6":"Contusi\u00f3n","7":"Lesi\u00f3n de tobillo"},"From":{"0":"26\/12\/2023","1":"13\/02\/2022","2":"08\/11\/2021","3":"16\/01\/2020","4":"03\/03\/2019","5":"10\/11\/2018","6":"01\/08\/2018","7":"05\/08\/2017"},"To":{"0":"05\/01\/2024","1":"01\/05\/2022","2":"10\/12\/2021","3":"20\/02\/2020","4":"22\/03\/2019","5":"13\/12\/2018","6":"17\/08\/2018","7":"19\/08\/2017"},"Teams":{"0":["Newcastle United"],"1":["Newcastle United","Inglaterra"],"2":["Atl\u00e9tico de Madrid","Inglaterra"],"3":["Atl\u00e9tico de Madrid"],"4":["Tottenham Hotspur","Inglaterra"],"5":["Tottenham Hotspur","Inglaterra"],"6":["Tottenham Hotspur"],"7":["Tottenham Hotspur"]},"NumberOfMatches":{"0":"2","1":"15","2":"7","3":"7","4":"3","5":"9","6":"1","7":"1"},"Player":{"0":"Kieran Trippier","1":"Kieran Trippier","2":"Kieran Trippier","3":"Kieran Trippier","4":"Kieran Trippier","5":"Kieran Trippier","6":"Kieran Trippier","7":"Kieran Trippier"}}