{"Injury":{"0":"D\u00e9ficit de entrenamiento","1":"Problemas card\u00edacos","2":"Coronavirus","3":"Lesi\u00f3n del aductor","4":"D\u00e9ficit de entrenamiento","5":"Desgarro muscular","6":"Descanso","7":"Descanso","8":"Problemas musculares","9":"F\u00e9mur desgarrado","10":"Pubalgia","11":"Desgarro del aductor","12":"Fractura metatarsiana","13":"Fractura de dedo"},"From":{"0":"11\/08\/2021","1":"28\/05\/2021","2":"17\/05\/2021","3":"01\/08\/2019","4":"11\/01\/2019","5":"01\/11\/2018","6":"02\/03\/2018","7":"16\/04\/2017","8":"01\/11\/2015","9":"10\/04\/2015","10":"06\/05\/2013","11":"16\/04\/2013","12":"10\/11\/2008","13":"30\/03\/2003"},"To":{"0":"02\/09\/2021","1":"10\/08\/2021","2":"27\/05\/2021","3":"04\/10\/2019","4":"25\/01\/2019","5":"15\/11\/2018","6":"12\/03\/2018","7":"18\/04\/2017","8":"10\/11\/2015","9":"30\/04\/2015","10":"29\/05\/2013","11":"03\/05\/2013","12":"31\/12\/2008","13":"03\/06\/2003"},"Teams":{"0":["CA River Plate"],"1":["CA River Plate"],"2":["CA River Plate"],"3":["CA River Plate"],"4":["CA River Plate"],"5":["CA River Plate"],"6":["CA River Plate"],"7":["CA River Plate"],"8":["CA River Plate"],"9":["CA River Plate"],"10":["CA River Plate"],"11":["CA River Plate"],"12":["CA River Plate","Argentina"],"13":["CA Newell's Old Boys","Argentina"]},"NumberOfMatches":{"0":"6","1":"8","2":"2","3":"11","4":"2","5":"2","6":"2","7":"1","8":"2","9":"4","10":"3","11":"3","12":"6","13":"8"},"Player":{"0":"Leonardo Ponzio","1":"Leonardo Ponzio","2":"Leonardo Ponzio","3":"Leonardo Ponzio","4":"Leonardo Ponzio","5":"Leonardo Ponzio","6":"Leonardo Ponzio","7":"Leonardo Ponzio","8":"Leonardo Ponzio","9":"Leonardo Ponzio","10":"Leonardo Ponzio","11":"Leonardo Ponzio","12":"Leonardo Ponzio","13":"Leonardo Ponzio"}}