{"Injury":{"0":"Coronavirus","1":"Lesi\u00f3n de rodilla","2":"Lesi\u00f3n desconocida","3":"Lesi\u00f3n muscular","4":"Esguince de tobillo"},"From":{"0":"02\/03\/2021","1":"31\/01\/2019","2":"25\/02\/2017","3":"03\/12\/2015","4":"05\/12\/2014"},"To":{"0":"16\/03\/2021","1":"24\/03\/2019","2":"16\/03\/2017","3":"09\/12\/2015","4":"07\/12\/2014"},"Teams":{"0":["Racing Club"],"1":["Racing Club"],"2":["G\u00e9nova"],"3":["Valencia CF"],"4":["Valencia CF"]},"NumberOfMatches":{"0":"3","1":"9","2":"3","3":"2","4":"1"},"Player":{"0":"Lucas Orb\u00e1n","1":"Lucas Orb\u00e1n","2":"Lucas Orb\u00e1n","3":"Lucas Orb\u00e1n","4":"Lucas Orb\u00e1n"}}