{"Injury":{"0":"Lesi\u00f3n en el dedo de la mano","1":"Lesi\u00f3n muscular","2":"Lesi\u00f3n de muslo","3":"Lesi\u00f3n de hombro","4":"Lesi\u00f3n de hombro"},"From":{"0":"29\/06\/2020","1":"18\/08\/2019","2":"02\/02\/2019","3":"02\/10\/2017","4":"01\/03\/2017"},"To":{"0":"21\/07\/2020","1":"04\/09\/2019","2":"15\/02\/2019","3":"05\/02\/2018","4":"01\/06\/2017"},"Teams":{"0":["Real Racing Club ","Real Madrid CF"],"1":["Real Racing Club "],"2":["Real Madrid CF"],"3":["Real Madrid Castilla","Francia U20"],"4":["Real Madrid Castilla","Francia U20"]},"NumberOfMatches":{"0":"1","1":"2","2":"4","3":"19","4":"19"},"Player":{"0":"Luca Zidane","1":"Luca Zidane","2":"Luca Zidane","3":"Luca Zidane","4":"Luca Zidane"}}