{"Injury":{"0":"Lesi\u00f3n de hombro","1":"Lesi\u00f3n desconocida","2":"Lesi\u00f3n desconocida","3":"Problemas de espalda","4":"Problemas estomacales","5":"Lumbalgia","6":"Lumbalgia"},"From":{"0":"14\/06\/2020","1":"13\/01\/2020","2":"05\/09\/2019","3":"08\/09\/2016","4":"07\/10\/2015","5":"24\/04\/2015","6":"11\/04\/2015"},"To":{"0":"19\/07\/2020","1":"29\/01\/2020","2":"17\/09\/2019","3":"13\/09\/2016","4":"17\/11\/2015","5":"30\/04\/2015","6":"18\/04\/2015"},"Teams":{"0":["Sporting de Lisboa"],"1":["Sporting de Lisboa"],"2":["Sporting de Lisboa"],"3":["Sevilla FC"],"4":["Atl\u00e9tico de Madrid"],"5":["Villarreal CF"],"6":["Villarreal CF"]},"NumberOfMatches":{"0":"6","1":"3","2":"1","3":"1","4":"6","5":"2","6":"1"},"Player":{"0":"Luciano Vietto","1":"Luciano Vietto","2":"Luciano Vietto","3":"Luciano Vietto","4":"Luciano Vietto","5":"Luciano Vietto","6":"Luciano Vietto"}}