{"Injury":{"0":"Lesi\u00f3n de rodilla","1":"Coronavirus","2":"Lesi\u00f3n del aductor","3":"Lesi\u00f3n muscular"},"From":{"0":"19\/01\/2024","1":"02\/01\/2022","2":"04\/11\/2018","3":"24\/09\/2017"},"To":{"0":"19\/06\/2024","1":"11\/01\/2022","2":"14\/02\/2019","3":"08\/10\/2017"},"Teams":{"0":["C\u00e1diz CF"],"1":["Maccabi Tel Aviv"],"2":["M\u00e1laga CF"],"3":["M\u00e1laga CF"]},"NumberOfMatches":{"0":"18","1":"3","2":"13","3":"1"},"Player":{"0":"Luis Hern\u00e1ndez","1":"Luis Hern\u00e1ndez","2":"Luis Hern\u00e1ndez","3":"Luis Hern\u00e1ndez"}}