{"Injury":{"0":"M\u00fasculo desgarrado","1":"Lesi\u00f3n de rodilla","2":"Problemas de muslos","3":"Cirug\u00eda del tobillo","4":"Lesi\u00f3n de tobillo","5":"Coronavirus","6":"Cuarentena","7":"Lesi\u00f3n de tobillo","8":"Lesi\u00f3n de pantorrilla","9":"Problemas musculares","10":"Lesi\u00f3n de tobillo","11":"Lesi\u00f3n muscular","12":"Lesi\u00f3n de muslo","13":"Lesi\u00f3n de muslo","14":"Lesi\u00f3n de pantorrilla","15":"Lesi\u00f3n en la espinilla"},"From":{"0":"12\/12\/2023","1":"26\/03\/2022","2":"26\/08\/2021","3":"16\/01\/2021","4":"26\/11\/2020","5":"09\/11\/2020","6":"27\/10\/2020","7":"12\/09\/2020","8":"13\/06\/2020","9":"01\/02\/2020","10":"11\/09\/2019","11":"20\/05\/2019","12":"16\/02\/2019","13":"20\/01\/2019","14":"18\/08\/2018","15":"21\/22"},"To":{"0":"-","1":"09\/04\/2022","2":"29\/08\/2021","3":"07\/05\/2021","4":"30\/11\/2020","5":"23\/11\/2020","6":"31\/10\/2020","7":"19\/10\/2020","8":"06\/07\/2020","9":"04\/02\/2020","10":"17\/09\/2019","11":"16\/06\/2019","12":"25\/02\/2019","13":"07\/02\/2019","14":"25\/09\/2018","15":"20\/21"},"Teams":{"0":["Al-Ittihad Club"],"1":["SS Lazio","Italia"],"2":["SS Lazio"],"3":["SS Lazio","Italia"],"4":["SS Lazio"],"5":["SS Lazio","Italia"],"6":["SS Lazio"],"7":["SS Lazio","Italia"],"8":["SS Lazio"],"9":["SS Lazio"],"10":["SS Lazio"],"11":["SS Lazio","Italia"],"12":["SS Lazio"],"13":["SS Lazio"],"14":["SS Lazio","Italia"],"15":[]},"NumberOfMatches":{"0":"10","1":"2","2":"1","3":"22","4":"1","5":"4","6":"1","7":"7","8":"4","9":"1","10":"1","11":"4","12":"2","13":"5","14":"8","15":"-"},"Player":{"0":"Luiz Felipe","1":"Luiz Felipe","2":"Luiz Felipe","3":"Luiz Felipe","4":"Luiz Felipe","5":"Luiz Felipe","6":"Luiz Felipe","7":"Luiz Felipe","8":"Luiz Felipe","9":"Luiz Felipe","10":"Luiz Felipe","11":"Luiz Felipe","12":"Luiz Felipe","13":"Luiz Felipe","14":"Luiz Felipe","15":"Luiz Felipe"}}