{"Injury":{"0":"Molestias en los aductores","1":"Lesi\u00f3n desconocida","2":"Enfermedad viral","3":"Lesi\u00f3n desconocida","4":"Lesi\u00f3n desconocida","5":"Cirug\u00eda dental","6":"Lesi\u00f3n de tobillo","7":"Coronavirus","8":"Golpe","9":"Gastroenteritis gripal","10":"Problemas musculares","11":"Lesi\u00f3n del aductor","12":"Coronavirus","13":"Herida menor","14":"Coronavirus","15":"Lesi\u00f3n de pie","16":"Problemas de cadera","17":"Herida menor","18":"Magulladura de rodilla","19":"Enfermo","20":"Lesi\u00f3n de pie","21":"Lesi\u00f3n de pie"},"From":{"0":"25\/10\/2023","1":"26\/09\/2023","2":"18\/03\/2023","3":"07\/01\/2023","4":"17\/10\/2022","5":"14\/04\/2022","6":"31\/03\/2022","7":"30\/12\/2021","8":"18\/10\/2021","9":"09\/09\/2021","10":"07\/01\/2021","11":"07\/12\/2020","12":"19\/11\/2020","13":"14\/09\/2020","14":"09\/07\/2020","15":"22\/23","16":"19\/20","17":"15\/16","18":"02\/07\/2020","19":"21\/11\/2019","20":"05\/08\/2019","21":"12\/04\/2018"},"To":{"0":"28\/10\/2023","1":"29\/09\/2023","2":"03\/04\/2023","3":"10\/01\/2023","4":"21\/10\/2022","5":"02\/05\/2022","6":"11\/04\/2022","7":"10\/01\/2022","8":"25\/10\/2021","9":"13\/09\/2021","10":"14\/01\/2021","11":"17\/12\/2020","12":"03\/12\/2020","13":"17\/09\/2020","14":"23\/07\/2020","15":"21\/22","16":"17\/18","17":"19\/20","18":"19\/20","19":"19\/20","20":"17\/18","21":"17\/18"},"Teams":{"0":["AC Milan"],"1":["AC Milan"],"2":["Fiorentina"],"3":["Fiorentina"],"4":["Fiorentina"],"5":["Real Madrid CF"],"6":["Real Madrid CF"],"7":["Real Madrid CF"],"8":["Real Madrid CF"],"9":["Real Madrid CF"],"10":["Real Madrid CF","Eintracht Fr\u00e1ncfort\u200b\u200b"],"11":["Real Madrid CF"],"12":["Real Madrid CF"],"13":[],"14":["Real Madrid CF"],"15":["Real Madrid CF"],"16":["Real Madrid CF","Serbia"],"17":[],"18":[],"19":["Eintracht Fr\u00e1ncfort\u200b\u200b"],"20":["SL Benfica","Serbia"],"21":["SL Benfica"]},"NumberOfMatches":{"0":"1","1":"1","2":"2","3":"1","4":"1","5":"4","6":"3","7":"3","8":"2","9":"1","10":"1","11":"3","12":"4","13":"-","14":"4","15":"6","16":"3","17":"-","18":"-","19":"1","20":"9","21":"1"},"Player":{"0":"Luka Jovi\u0107","1":"Luka Jovi\u0107","2":"Luka Jovi\u0107","3":"Luka Jovi\u0107","4":"Luka Jovi\u0107","5":"Luka Jovi\u0107","6":"Luka Jovi\u0107","7":"Luka Jovi\u0107","8":"Luka Jovi\u0107","9":"Luka Jovi\u0107","10":"Luka Jovi\u0107","11":"Luka Jovi\u0107","12":"Luka Jovi\u0107","13":"Luka Jovi\u0107","14":"Luka Jovi\u0107","15":"Luka Jovi\u0107","16":"Luka Jovi\u0107","17":"Luka Jovi\u0107","18":"Luka Jovi\u0107","19":"Luka Jovi\u0107","20":"Luka Jovi\u0107","21":"Luka Jovi\u0107"}}