{"Injury":{"0":"Operaci\u00f3n de rodilla","1":"Estiramiento de banda","2":"Problemas musculares","3":"Lesi\u00f3n de tobillo","4":"Problemas de rodilla","5":"Lesi\u00f3n del aductor"},"From":{"0":"15\/06\/2011","1":"06\/03\/2011","2":"22\/11\/2010","3":"05\/12\/2009","4":"29\/01\/2009","5":"20\/09\/2008"},"To":{"0":"30\/09\/2011","1":"15\/04\/2011","2":"13\/12\/2010","3":"13\/01\/2010","4":"26\/02\/2009","5":"12\/10\/2008"},"Teams":{"0":["S\u00e3o Paulo FC","Brasil"],"1":["Sevilla FC","S\u00e3o Paulo FC","Brasil"],"2":["Sevilla FC"],"3":["Sevilla FC"],"4":["Sevilla FC","Brasil"],"5":["Sevilla FC","Brasil"]},"NumberOfMatches":{"0":"32","1":"5","2":"4","3":"8","4":"7","5":"6"},"Player":{"0":"Lu\u00eds Fabiano","1":"Lu\u00eds Fabiano","2":"Lu\u00eds Fabiano","3":"Lu\u00eds Fabiano","4":"Lu\u00eds Fabiano","5":"Lu\u00eds Fabiano"}}