{"Injury":{"0":"Cirug\u00eda del tobillo","1":"Cuarentena","2":"Lesi\u00f3n muscular","3":"Lesi\u00f3n de tal\u00f3n","4":"Problemas musculares","5":"Problemas musculares","6":"Molestias en los aductores","7":"Lesi\u00f3n de muslo","8":"Problemas inguinales","9":"Lesi\u00f3n de muslo","10":"Fractura de clav\u00edcula","11":"Lesi\u00f3n muscular"},"From":{"0":"24\/05\/2023","1":"25\/04\/2021","2":"20\/11\/2017","3":"12\/12\/2016","4":"17\/11\/2016","5":"28\/09\/2016","6":"21\/04\/2016","7":"22\/10\/2015","8":"23\/03\/2015","9":"15\/01\/2015","10":"18\/04\/2013","11":"14\/01\/2013"},"To":{"0":"24\/08\/2023","1":"09\/05\/2021","2":"01\/12\/2017","3":"07\/04\/2017","4":"25\/11\/2016","5":"12\/10\/2016","6":"08\/05\/2016","7":"24\/12\/2015","8":"14\/05\/2015","9":"29\/01\/2015","10":"27\/06\/2013","11":"31\/01\/2013"},"Teams":{"0":["UD Almer\u00eda"],"1":["Wuhan FC"],"2":["RCD Espanyol"],"3":["RCD Espanyol"],"4":["RCD Espanyol"],"5":["RCD Espanyol"],"6":["Villarreal CF"],"7":["Villarreal CF"],"8":["Rayo Vallecano"],"9":["Rayo Vallecano"],"10":["Rayo Vallecano"],"11":["Rayo Vallecano"]},"NumberOfMatches":{"0":"4","1":"2","2":"2","3":"16","4":"1","5":"1","6":"5","7":"14","8":"8","9":"2","10":"7","11":"2"},"Player":{"0":"L\u00e9o Baptist\u00e3o","1":"L\u00e9o Baptist\u00e3o","2":"L\u00e9o Baptist\u00e3o","3":"L\u00e9o Baptist\u00e3o","4":"L\u00e9o Baptist\u00e3o","5":"L\u00e9o Baptist\u00e3o","6":"L\u00e9o Baptist\u00e3o","7":"L\u00e9o Baptist\u00e3o","8":"L\u00e9o Baptist\u00e3o","9":"L\u00e9o Baptist\u00e3o","10":"L\u00e9o Baptist\u00e3o","11":"L\u00e9o Baptist\u00e3o"}}