{"Injury":{"0":"Lesi\u00f3n de rodilla","1":"Problemas musculares","2":"Lesi\u00f3n inguinal","3":"Lesi\u00f3n inguinal","4":"Iirritaci\u00f3n p\u00fabica","5":"Fiebre"},"From":{"0":"22\/02\/2019","1":"15\/02\/2019","2":"27\/01\/2019","3":"20\/05\/2018","4":"19\/03\/2018","5":"08\/02\/2014"},"To":{"0":"12\/04\/2019","1":"19\/02\/2019","2":"11\/02\/2019","3":"20\/07\/2018","4":"07\/04\/2018","5":"14\/02\/2014"},"Teams":{"0":["Villarreal CF"],"1":["Villarreal CF"],"2":["Villarreal CF"],"3":[],"4":["Villarreal CF"],"5":["Villarreal CF"]},"NumberOfMatches":{"0":"10","1":"1","2":"2","3":"-","4":"1","5":"1"},"Player":{"0":"Manu Trigueros","1":"Manu Trigueros","2":"Manu Trigueros","3":"Manu Trigueros","4":"Manu Trigueros","5":"Manu Trigueros"}}