{"Injury":{"0":"Lesi\u00f3n de muslo","1":"Distensi\u00f3n de muslo","2":"Lesi\u00f3n de muslo","3":"Rotura de fibras","4":"Rotura de fibras","5":"Fractura en la tibia y el peron\u00e9"},"From":{"0":"12\/03\/2016","1":"18\/05\/2015","2":"11\/08\/2014","3":"06\/09\/2011","4":"22\/02\/2011","5":"30\/09\/2001"},"To":{"0":"14\/05\/2016","1":"01\/12\/2015","2":"31\/08\/2014","3":"06\/10\/2011","4":"18\/03\/2011","5":"01\/04\/2002"},"Teams":{"0":["RC Deportivo de La Coru\u00f1a"],"1":["RC Deportivo de La Coru\u00f1a"],"2":["RC Deportivo de La Coru\u00f1a"],"3":["RC Deportivo de La Coru\u00f1a"],"4":["RC Deportivo de La Coru\u00f1a"],"5":["RC Deportivo de La Coru\u00f1a","Espa\u00f1a"]},"NumberOfMatches":{"0":"10","1":"14","2":"2","3":"5","4":"4","5":"50"},"Player":{"0":"Manuel Pablo","1":"Manuel Pablo","2":"Manuel Pablo","3":"Manuel Pablo","4":"Manuel Pablo","5":"Manuel Pablo"}}