{"Injury":{"0":"Lesi\u00f3n de espalda","1":"Coronavirus","2":"Golpe","3":"Lesi\u00f3n de muslo","4":"Lesi\u00f3n de espalda","5":"Lesi\u00f3n en el tobillo","6":"Lesi\u00f3n muscular","7":"Lesi\u00f3n de tobillo","8":"Fractura metatarsiana","9":"Lesi\u00f3n de tobillo"},"From":{"0":"01\/12\/2023","1":"01\/03\/2022","2":"23\/12\/2019","3":"01\/04\/2019","4":"03\/12\/2018","5":"02\/02\/2016","6":"24\/10\/2015","7":"20\/12\/2011","8":"26\/08\/2011","9":"26\/04\/2010"},"To":{"0":"01\/03\/2024","1":"12\/03\/2022","2":"20\/01\/2020","3":"28\/04\/2019","4":"04\/12\/2018","5":"12\/02\/2016","6":"01\/11\/2015","7":"10\/03\/2012","8":"15\/12\/2011","9":"03\/07\/2010"},"Teams":{"0":["FC Barcelona"],"1":["Chelsea FC"],"2":["Chelsea FC"],"3":["Chelsea FC"],"4":[],"5":["Fiorentina"],"6":["Fiorentina"],"7":["Bolton Wanderers","Espa\u00f1a"],"8":["Bolton Wanderers","Espa\u00f1a"],"9":["Espa\u00f1a"]},"NumberOfMatches":{"0":"19","1":"3","2":"6","3":"7","4":"-","5":"2","6":"3","7":"17","8":"21","9":"1"},"Player":{"0":"Marcos Alonso","1":"Marcos Alonso","2":"Marcos Alonso","3":"Marcos Alonso","4":"Marcos Alonso","5":"Marcos Alonso","6":"Marcos Alonso","7":"Marcos Alonso","8":"Marcos Alonso","9":"Marcos Alonso"}}