{"Injury":{"0":"Lesi\u00f3n de cadera","1":"Lesi\u00f3n de cadera","2":"Cadera magullada","3":"Contusi\u00f3n del tend\u00f3n de Aquiles","4":"Problemas musculares","5":"Problemas musculares","6":"F\u00e9mur desgarrado","7":"Lesi\u00f3n desconocida","8":"Lesi\u00f3n en el tobillo","9":"Lesi\u00f3n de muslo","10":"Problemas musculares","11":"Lesi\u00f3n muscular","12":"Cansancio muscular"},"From":{"0":"18\/02\/2024","1":"10\/01\/2024","2":"04\/12\/2023","3":"05\/11\/2023","4":"22\/08\/2023","5":"14\/03\/2022","6":"30\/01\/2021","7":"13\/06\/2020","8":"12\/02\/2020","9":"09\/01\/2020","10":"27\/01\/2019","11":"06\/11\/2017","12":"20\/09\/2017"},"To":{"0":"-","1":"22\/01\/2024","2":"06\/01\/2024","3":"10\/11\/2023","4":"27\/09\/2023","5":"13\/04\/2022","6":"01\/03\/2021","7":"02\/07\/2020","8":"17\/02\/2020","9":"14\/01\/2020","10":"04\/02\/2019","11":"24\/11\/2017","12":"24\/09\/2017"},"Teams":{"0":["Sevilla FC"],"1":["Sevilla FC"],"2":["Sevilla FC"],"3":["Sevilla FC"],"4":["Sevilla FC"],"5":["Sevilla FC","Argentina"],"6":["Sevilla FC"],"7":["Sporting de Lisboa"],"8":["Sporting de Lisboa"],"9":["Sporting de Lisboa"],"10":["Sporting de Lisboa"],"11":["Sporting de Lisboa","Argentina"],"12":["Sporting de Lisboa"]},"NumberOfMatches":{"0":"1","1":"3","2":"7","3":"1","4":"5","5":"6","6":"8","7":"3","8":"1","9":"1","10":"2","11":"4","12":"1"},"Player":{"0":"Marcos Acu\u00f1a","1":"Marcos Acu\u00f1a","2":"Marcos Acu\u00f1a","3":"Marcos Acu\u00f1a","4":"Marcos Acu\u00f1a","5":"Marcos Acu\u00f1a","6":"Marcos Acu\u00f1a","7":"Marcos Acu\u00f1a","8":"Marcos Acu\u00f1a","9":"Marcos Acu\u00f1a","10":"Marcos Acu\u00f1a","11":"Marcos Acu\u00f1a","12":"Marcos Acu\u00f1a"}}