{"Injury":{"0":"Lesi\u00f3n desconocida","1":"Lesi\u00f3n inguinal","2":"Lesi\u00f3n desconocida","3":"Lesi\u00f3n desconocida","4":"Golpe de muslo ","5":"Conmoci\u00f3n","6":"Lesi\u00f3n de muslo","7":"Lesi\u00f3n de hombro","8":"Rotura de fibras","9":"Costilla fracturada","10":"Lesi\u00f3n de muslo","11":"Lesi\u00f3n muscular","12":"Hematoma en el pie","13":"Problemas musculares","14":"Lesi\u00f3n de rodilla"},"From":{"0":"13\/05\/2022","1":"17\/11\/2021","2":"16\/01\/2021","3":"18\/11\/2020","4":"06\/07\/2020","5":"09\/12\/2019","6":"01\/05\/2019","7":"01\/10\/2018","8":"28\/06\/2018","9":"29\/04\/2018","10":"03\/03\/2018","11":"04\/01\/2018","12":"06\/12\/2017","13":"11\/12\/2016","14":"04\/09\/2016"},"To":{"0":"25\/05\/2022","1":"01\/02\/2022","2":"25\/01\/2021","3":"25\/01\/2021","4":"06\/08\/2020","5":"30\/12\/2019","6":"18\/05\/2019","7":"18\/10\/2018","8":"28\/08\/2018","9":"11\/05\/2018","10":"31\/03\/2018","11":"27\/01\/2018","12":"14\/12\/2017","13":"03\/02\/2017","14":"29\/10\/2016"},"Teams":{"0":["Go Ahead Eagles Deventer"],"1":["Go Ahead Eagles Deventer"],"2":["RCD Mallorca"],"3":["RCD Mallorca"],"4":["CA Osasuna"],"5":["CA Osasuna"],"6":["SD Eibar"],"7":["SD Eibar"],"8":[],"9":["FC Barcelona B"],"10":["FC Barcelona B"],"11":["FC Barcelona B"],"12":["FC Barcelona B"],"13":["FC Barcelona B"],"14":["FC Barcelona B"]},"NumberOfMatches":{"0":"1","1":"10","2":"1","3":"12","4":"4","5":"3","6":"2","7":"1","8":"?","9":"1","10":"3","11":"4","12":"1","13":"5","14":"8"},"Player":{"0":"Marc Cardona","1":"Marc Cardona","2":"Marc Cardona","3":"Marc Cardona","4":"Marc Cardona","5":"Marc Cardona","6":"Marc Cardona","7":"Marc Cardona","8":"Marc Cardona","9":"Marc Cardona","10":"Marc Cardona","11":"Marc Cardona","12":"Marc Cardona","13":"Marc Cardona","14":"Marc Cardona"}}