{"Injury":{"0":"Lesi\u00f3n de pie","1":"Herida menor","2":"Lesi\u00f3n muscular","3":"Coronavirus","4":"Traumatismo","5":"Inflamaci\u00f3n","6":"Edema de rodilla","7":"Rotura del ligamento cruzado","8":"D\u00e9ficit de entrenamiento","9":"Lesi\u00f3n muscular","10":"Dolor de dientes","11":"Problemas musculares","12":"Herida menor","13":"Problemas musculares"},"From":{"0":"09\/09\/2023","1":"10\/05\/2022","2":"15\/01\/2022","3":"16\/12\/2021","4":"02\/10\/2021","5":"06\/10\/2020","6":"02\/09\/2020","7":"24\/07\/2019","8":"30\/03\/2019","9":"20\/12\/2018","10":"23\/02\/2018","11":"24\/11\/2017","12":"12\/09\/2017","13":"08\/07\/2015"},"To":{"0":"23\/11\/2023","1":"14\/05\/2022","2":"01\/02\/2022","3":"26\/12\/2021","4":"18\/10\/2021","5":"16\/10\/2020","6":"28\/09\/2020","7":"29\/03\/2020","8":"31\/03\/2019","9":"28\/01\/2019","10":"25\/02\/2018","11":"04\/12\/2017","12":"15\/09\/2017","13":"09\/07\/2015"},"Teams":{"0":["Par\u00eds Saint-Germain FC"],"1":["Real Madrid CF"],"2":["Real Madrid CF"],"3":["Real Madrid CF"],"4":["Real Madrid CF","Espa\u00f1a"],"5":["Espa\u00f1a"],"6":["Real Madrid CF","Espa\u00f1a"],"7":["Real Madrid CF","Espa\u00f1a"],"8":["Real Madrid CF"],"9":["Real Madrid CF"],"10":["Real Madrid CF"],"11":["Real Madrid CF"],"12":["Real Madrid CF"],"13":[]},"NumberOfMatches":{"0":"12","1":"1","2":"3","3":"2","4":"3","5":"3","6":"4","7":"45","8":"1","9":"9","10":"1","11":"3","12":"1","13":"-"},"Player":{"0":"Marco Asensio","1":"Marco Asensio","2":"Marco Asensio","3":"Marco Asensio","4":"Marco Asensio","5":"Marco Asensio","6":"Marco Asensio","7":"Marco Asensio","8":"Marco Asensio","9":"Marco Asensio","10":"Marco Asensio","11":"Marco Asensio","12":"Marco Asensio","13":"Marco Asensio"}}