{"Injury":{"0":"Lesi\u00f3n de pie","1":"Lesi\u00f3n de pie","2":"Lesi\u00f3n muscular","3":"Rotura de fibras en el aductor","4":"Lesi\u00f3n de muslo","5":"Traumatismo","6":"Lesi\u00f3n p\u00e9lvica","7":"Herida menor","8":"Cirug\u00eda de nariz","9":"Traumatismo","10":"Herida menor","11":"Traumatismo","12":"Lesi\u00f3n de cadera","13":"Lesi\u00f3n muscular","14":"Amigdalitis","15":"Traumatismo","16":"Coronavirus","17":"Herida menor","18":"Lesi\u00f3n de pie","19":"Traumatismo","20":"Esguince de tobillo","21":"Herida menor","22":"Lesi\u00f3n inguinal","23":"Problemas de ci\u00e1tica","24":"Problemas musculares","25":"Problemas musculares","26":"Fractura de ombligo"},"From":{"0":"22\/01\/2024","1":"03\/12\/2023","2":"05\/10\/2023","3":"21\/09\/2023","4":"20\/05\/2023","5":"18\/04\/2022","6":"06\/01\/2022","7":"16\/12\/2021","8":"01\/11\/2021","9":"04\/10\/2021","10":"16\/09\/2021","11":"12\/08\/2021","12":"04\/03\/2021","13":"03\/12\/2020","14":"17\/09\/2020","15":"22\/23","16":"19\/20","17":"20\/21","18":"19\/20","19":"19\/20","20":"19\/20","21":"19\/20","22":"19\/20","23":"19\/20","24":"18\/19","25":"18\/19","26":"18\/19"},"To":{"0":"-","1":"08\/01\/2024","2":"19\/10\/2023","3":"27\/09\/2023","4":"01\/06\/2023","5":"29\/04\/2022","6":"14\/02\/2022","7":"20\/12\/2021","8":"18\/11\/2021","9":"18\/10\/2021","10":"20\/09\/2021","11":"30\/08\/2021","12":"01\/04\/2021","13":"17\/12\/2020","14":"22\/10\/2020","15":"21\/22","16":"18\/19","17":"31\/08\/2020","18":"27\/07\/2020","19":"13\/07\/2020","20":"11\/05\/2020","21":"27\/01\/2020","22":"09\/12\/2019","23":"15\/08\/2019","24":"11\/04\/2019","25":"31\/12\/2018","26":"06\/12\/2018"},"Teams":{"0":["Sevilla FC"],"1":["Sevilla FC"],"2":["Sevilla FC"],"3":["Sevilla FC"],"4":["Real Madrid CF"],"5":["Real Madrid CF"],"6":["Real Madrid CF"],"7":["Real Madrid CF"],"8":["Real Madrid CF"],"9":[],"10":["Real Madrid CF"],"11":["Real Madrid CF"],"12":["Real Madrid CF"],"13":["Real Madrid CF"],"14":["Real Madrid CF"],"15":[],"16":[],"17":["Real Madrid CF"],"18":["Real Madrid CF"],"19":["Real Madrid CF"],"20":["Real Madrid CF"],"21":["Real Madrid CF"],"22":["Real Madrid CF"],"23":["Real Madrid CF"],"24":["Real Madrid CF"],"25":["Real Madrid CF"],"26":["Olympique de Lyon"]},"NumberOfMatches":{"0":"6","1":"9","2":"1","3":"2","4":"3","5":"2","6":"8","7":"1","8":"2","9":"-","10":"1","11":"3","12":"4","13":"4","14":"6","15":"-","16":"-","17":"2","18":"2","19":"7","20":"1","21":"2","22":"2","23":"7","24":"6","25":"4","26":"2"},"Player":{"0":"Mariano D\u00edaz","1":"Mariano D\u00edaz","2":"Mariano D\u00edaz","3":"Mariano D\u00edaz","4":"Mariano D\u00edaz","5":"Mariano D\u00edaz","6":"Mariano D\u00edaz","7":"Mariano D\u00edaz","8":"Mariano D\u00edaz","9":"Mariano D\u00edaz","10":"Mariano D\u00edaz","11":"Mariano D\u00edaz","12":"Mariano D\u00edaz","13":"Mariano D\u00edaz","14":"Mariano D\u00edaz","15":"Mariano D\u00edaz","16":"Mariano D\u00edaz","17":"Mariano D\u00edaz","18":"Mariano D\u00edaz","19":"Mariano D\u00edaz","20":"Mariano D\u00edaz","21":"Mariano D\u00edaz","22":"Mariano D\u00edaz","23":"Mariano D\u00edaz","24":"Mariano D\u00edaz","25":"Mariano D\u00edaz","26":"Mariano D\u00edaz"}}