{"Injury":{"0":"Distorsi\u00f3n del tobillo","1":"Distorsi\u00f3n del tobillo","2":"Coronavirus","3":"Pubalgia","4":"Problemas de espalda"},"From":{"0":"08\/04\/2023","1":"09\/02\/2023","2":"21\/01\/2022","3":"24\/11\/2020","4":"22\/02\/2016"},"To":{"0":"23\/04\/2023","1":"28\/02\/2023","2":"02\/02\/2022","3":"30\/01\/2021","4":"31\/07\/2016"},"Teams":{"0":["Atalanta de B\u00e9rgamo"],"1":["Atalanta de B\u00e9rgamo"],"2":["Atalanta de B\u00e9rgamo"],"3":["Atalanta de B\u00e9rgamo"],"4":["AS M\u00f3naco","Chelsea FC"]},"NumberOfMatches":{"0":"2","1":"3","2":"1","3":"16","4":"1"},"Player":{"0":"Mario Pasalic","1":"Mario Pasalic","2":"Mario Pasalic","3":"Mario Pasalic","4":"Mario Pasalic"}}