{"Injury":{"0":"Lesi\u00f3n de pantorrilla","1":"Hematoma en el pie","2":"Lesi\u00f3n de muslo","3":"Coronavirus","4":"Coronavirus"},"From":{"0":"03\/04\/2023","1":"25\/02\/2023","2":"16\/01\/2023","3":"01\/03\/2022","4":"19\/11\/2020"},"To":{"0":"30\/04\/2023","1":"08\/03\/2023","2":"26\/01\/2023","3":"08\/03\/2022","4":"02\/12\/2020"},"Teams":{"0":["Oud-Heverlee Leuven"],"1":["Oud-Heverlee Leuven"],"2":["Oud-Heverlee Leuven"],"3":["CD Tenerife"],"4":["CD Tondela"]},"NumberOfMatches":{"0":"3","1":"2","2":"2","3":"1","4":"2"},"Player":{"0":"Mario Gonz\u00e1lez","1":"Mario Gonz\u00e1lez","2":"Mario Gonz\u00e1lez","3":"Mario Gonz\u00e1lez","4":"Mario Gonz\u00e1lez"}}