{"Injury":{"0":"Gastroenteritis gripal","1":"Problemas de cadera","2":"Distensi\u00f3n de muslo","3":"Rotura de fibras","4":"Traumatismo","5":"Lesi\u00f3n de muslo","6":"Tir\u00f3n muscular","7":"Problemas de muslos","8":"Problemas inguinales","9":"Lesi\u00f3n p\u00e9lvica","10":"Problemas de cadera","11":"Problemas de cadera","12":"Problemas musculares"},"From":{"0":"21\/04\/2016","1":"03\/12\/2015","2":"29\/10\/2015","3":"23\/03\/2015","4":"15\/05\/2014","5":"17\/10\/2013","6":"16\/04\/2012","7":"12\/03\/2012","8":"19\/01\/2012","9":"08\/12\/2011","10":"03\/11\/2011","11":"15\/09\/2011","12":"09\/10\/2008"},"To":{"0":"25\/04\/2016","1":"07\/12\/2015","2":"09\/11\/2015","3":"20\/04\/2015","4":"09\/10\/2014","5":"14\/11\/2013","6":"31\/05\/2012","7":"29\/03\/2012","8":"26\/01\/2012","9":"02\/01\/2012","10":"14\/11\/2011","11":"22\/09\/2011","12":"16\/10\/2008"},"Teams":{"0":["Trabzonspor"],"1":["Trabzonspor"],"2":["Trabzonspor"],"3":["RSC Anderlecht"],"4":[],"5":["Sevilla FC","Alemania J18"],"6":["SV Werder Bremen","Alemania"],"7":["SV Werder Bremen","Alemania J18"],"8":["SV Werder Bremen"],"9":["SV Werder Bremen","Alemania J18"],"10":["SV Werder Bremen","Alemania"],"11":["SV Werder Bremen","Alemania U16"],"12":["Alemania"]},"NumberOfMatches":{"0":"1","1":"1","2":"1","3":"3","4":"?","5":"12","6":"15","7":"7","8":"1","9":"5","10":"6","11":"5","12":"7"},"Player":{"0":"Marko Marin","1":"Marko Marin","2":"Marko Marin","3":"Marko Marin","4":"Marko Marin","5":"Marko Marin","6":"Marko Marin","7":"Marko Marin","8":"Marko Marin","9":"Marko Marin","10":"Marko Marin","11":"Marko Marin","12":"Marko Marin"}}