{"Injury":{"0":"Lesi\u00f3n muscular","1":"Golpe de muslo ","2":"Coronavirus","3":"Lesi\u00f3n de rodilla","4":"Lesi\u00f3n de tobillo","5":"Lesi\u00f3n de muslo","6":"Cuarentena","7":"Lesi\u00f3n muscular","8":"Molestias en los aductores","9":"Fractura de peron\u00e9"},"From":{"0":"26\/08\/2023","1":"18\/05\/2023","2":"29\/04\/2022","3":"30\/08\/2021","4":"20\/04\/2021","5":"09\/02\/2021","6":"10\/11\/2020","7":"20\/09\/2020","8":"06\/12\/2015","9":"20\/03\/2011"},"To":{"0":"03\/09\/2023","1":"23\/05\/2023","2":"06\/05\/2022","3":"20\/01\/2022","4":"04\/05\/2021","5":"16\/02\/2021","6":"13\/11\/2020","7":"30\/09\/2020","8":"17\/12\/2015","9":"30\/06\/2011"},"Teams":{"0":["RCD Espanyol"],"1":["RCD Espanyol"],"2":["FC Barcelona"],"3":["FC Barcelona","Dinamarca"],"4":["FC Barcelona"],"5":["FC Barcelona"],"6":["Dinamarca"],"7":["FC Barcelona"],"8":["Toulouse FC"],"9":["Esbjerg fB","Dinamarca"]},"NumberOfMatches":{"0":"2","1":"1","2":"1","3":"33","4":"4","5":"3","6":"1","7":"1","8":"2","9":"36"},"Player":{"0":"Martin Braithwaite","1":"Martin Braithwaite","2":"Martin Braithwaite","3":"Martin Braithwaite","4":"Martin Braithwaite","5":"Martin Braithwaite","6":"Martin Braithwaite","7":"Martin Braithwaite","8":"Martin Braithwaite","9":"Martin Braithwaite"}}