{"Injury":{"0":"Lesi\u00f3n desconocida","1":"Cirug\u00eda del tobillo","2":"Hematoma en el tobillo","3":"Cansancio muscular","4":"Lesi\u00f3n de rodilla","5":"Lesi\u00f3n desconocida","6":"Problemas de pantorrillas","7":"Problemas musculares","8":"Fractura de mu\u00f1eca","9":"Lesi\u00f3n muscular","10":"Herida menor","11":"Herida menor","12":"Problemas musculares","13":"Lesi\u00f3n de muslo","14":"Lesi\u00f3n de muslo","15":"Fractura de peron\u00e9","16":"Distensi\u00f3n de muslo"},"From":{"0":"12\/05\/2021","1":"11\/06\/2020","2":"13\/01\/2020","3":"01\/11\/2019","4":"08\/11\/2018","5":"07\/03\/2018","6":"20\/02\/2018","7":"07\/05\/2017","8":"09\/01\/2017","9":"08\/12\/2016","10":"07\/11\/2016","11":"13\/10\/2016","12":"22\/09\/2016","13":"31\/03\/2016","14":"29\/02\/2016","15":"19\/20","16":"16\/17"},"To":{"0":"24\/05\/2021","1":"11\/11\/2020","2":"22\/01\/2020","3":"20\/11\/2019","4":"10\/12\/2018","5":"09\/03\/2018","6":"25\/02\/2018","7":"28\/05\/2017","8":"11\/02\/2017","9":"05\/01\/2017","10":"21\/11\/2016","11":"20\/10\/2016","12":"29\/09\/2016","13":"25\/04\/2016","14":"24\/03\/2016","15":"18\/19","16":"15\/16"},"Teams":{"0":["SS Lazio"],"1":["AC Milan"],"2":["AC Milan"],"3":["AC Milan"],"4":["AC Milan"],"5":["AC Milan"],"6":["AC Milan"],"7":["Villarreal CF"],"8":["Villarreal CF"],"9":["Villarreal CF"],"10":["Villarreal CF","Argentina"],"11":["Villarreal CF"],"12":["Villarreal CF"],"13":["Villarreal CF"],"14":["Villarreal CF"],"15":["Villarreal CF","Argentina"],"16":["Villarreal CF","Argentina"]},"NumberOfMatches":{"0":"4","1":"26","2":"2","3":"2","4":"6","5":"1","6":"2","7":"2","8":"5","9":"5","10":"3","11":"2","12":"2","13":"7","14":"6","15":"38","16":"23"},"Player":{"0":"Mateo Musacchio","1":"Mateo Musacchio","2":"Mateo Musacchio","3":"Mateo Musacchio","4":"Mateo Musacchio","5":"Mateo Musacchio","6":"Mateo Musacchio","7":"Mateo Musacchio","8":"Mateo Musacchio","9":"Mateo Musacchio","10":"Mateo Musacchio","11":"Mateo Musacchio","12":"Mateo Musacchio","13":"Mateo Musacchio","14":"Mateo Musacchio","15":"Mateo Musacchio","16":"Mateo Musacchio"}}