{"Injury":{"0":"Lesi\u00f3n muscular","1":"Ligamento roto Articulaci\u00f3n del tobillo","2":"Lesi\u00f3n desconocida","3":"Lesi\u00f3n muscular","4":"Esguince de tobillo","5":"Lesi\u00f3n desconocida","6":"Lesi\u00f3n desconocida","7":"Malestar abdominal","8":"Esguince de tobillo","9":"Apendicitis"},"From":{"0":"22\/06\/2023","1":"30\/11\/2020","2":"30\/09\/2019","3":"07\/08\/2019","4":"22\/05\/2019","5":"27\/12\/2018","6":"09\/08\/2018","7":"27\/11\/2017","8":"11\/10\/2016","9":"01\/02\/2015"},"To":{"0":"27\/06\/2023","1":"28\/12\/2020","2":"16\/10\/2019","3":"28\/08\/2019","4":"31\/05\/2019","5":"10\/01\/2019","6":"24\/08\/2018","7":"03\/12\/2017","8":"15\/10\/2016","9":"09\/03\/2015"},"Teams":{"0":["Clube Atl\u00e9tico Mineiro"],"1":["Fenerbahce"],"2":["UD Las Palmas","Uruguay"],"3":["UD Las Palmas"],"4":["US Sassuolo"],"5":["US Sassuolo"],"6":["US Sassuolo"],"7":["UD Las Palmas"],"8":["UD Las Palmas"],"9":["Defensor Sporting Club","Uruguay Sub 20"]},"NumberOfMatches":{"0":"2","1":"5","2":"5","3":"2","4":"1","5":"1","6":"2","7":"2","8":"1","9":"6"},"Player":{"0":"Mauricio Lemos","1":"Mauricio Lemos","2":"Mauricio Lemos","3":"Mauricio Lemos","4":"Mauricio Lemos","5":"Mauricio Lemos","6":"Mauricio Lemos","7":"Mauricio Lemos","8":"Mauricio Lemos","9":"Mauricio Lemos"}}