{"Injury":{"0":"Contusi\u00f3n","1":"Tir\u00f3n muscular","2":"Lesi\u00f3n en el dedo del pie","3":"Coronavirus","4":"Problemas musculares","5":"Coronavirus","6":"Problemas de rodilla","7":"Problemas de rodilla","8":"Problemas de rodilla","9":"Fractura metatarsiana","10":"Lesi\u00f3n de pantorrilla","11":"Lesi\u00f3n de tobillo","12":"Lesi\u00f3n de rodilla","13":"Problemas estomacales"},"From":{"0":"28\/05\/2023","1":"10\/10\/2022","2":"09\/04\/2022","3":"12\/01\/2022","4":"24\/10\/2021","5":"27\/05\/2021","6":"02\/04\/2021","7":"09\/11\/2020","8":"19\/10\/2020","9":"01\/03\/2020","10":"08\/12\/2019","11":"17\/10\/2018","12":"07\/07\/2018","13":"11\/11\/2016"},"To":{"0":"07\/06\/2023","1":"14\/10\/2022","2":"29\/04\/2022","3":"20\/01\/2022","4":"18\/11\/2021","5":"10\/06\/2021","6":"08\/04\/2021","7":"23\/11\/2020","8":"26\/10\/2020","9":"30\/04\/2020","10":"01\/01\/2020","11":"31\/10\/2018","12":"07\/08\/2018","13":"15\/11\/2016"},"Teams":{"0":["Trabzonspor"],"1":["Trabzonspor"],"2":["Valencia CF"],"3":["Valencia CF"],"4":["Valencia CF","Uruguay"],"5":["Uruguay"],"6":["Valencia CF"],"7":["Valencia CF","Uruguay"],"8":["Valencia CF"],"9":["Valencia CF"],"10":["Valencia CF"],"11":["RC Celta de Vigo"],"12":[],"13":["Defensor Sporting Club"]},"NumberOfMatches":{"0":"3","1":"2","2":"4","3":"2","4":"5","5":"2","6":"1","7":"3","8":"1","9":"2","10":"3","11":"2","12":"-","13":"1"},"Player":{"0":"Maxi G\u00f3mez","1":"Maxi G\u00f3mez","2":"Maxi G\u00f3mez","3":"Maxi G\u00f3mez","4":"Maxi G\u00f3mez","5":"Maxi G\u00f3mez","6":"Maxi G\u00f3mez","7":"Maxi G\u00f3mez","8":"Maxi G\u00f3mez","9":"Maxi G\u00f3mez","10":"Maxi G\u00f3mez","11":"Maxi G\u00f3mez","12":"Maxi G\u00f3mez","13":"Maxi G\u00f3mez"}}