{"Injury":{"0":"Lesi\u00f3n muscular","1":"Lesi\u00f3n desconocida","2":"Lesi\u00f3n muscular","3":"Lesi\u00f3n desconocida","4":"Lesi\u00f3n muscular","5":"Rotura del ligamento cruzado","6":"Lesi\u00f3n desconocida","7":"Hematoma en el pie"},"From":{"0":"01\/04\/2023","1":"22\/08\/2022","2":"10\/03\/2022","3":"01\/12\/2021","4":"01\/09\/2021","5":"04\/02\/2021","6":"10\/01\/2020","7":"20\/10\/2019"},"To":{"0":"20\/04\/2023","1":"16\/09\/2022","2":"24\/03\/2022","3":"31\/01\/2022","4":"20\/10\/2021","5":"08\/07\/2021","6":"20\/03\/2020","7":"04\/11\/2019"},"Teams":{"0":["Montevideo City Torque"],"1":["CA Boston River"],"2":["CA Boston River"],"3":[],"4":[],"5":[],"6":["SD Ponferradina"],"7":["SD Ponferradina"]},"NumberOfMatches":{"0":"3","1":"5","2":"2","3":"-","4":"-","5":"-","6":"10","7":"2"},"Player":{"0":"Maximiliano Villa","1":"Maximiliano Villa","2":"Maximiliano Villa","3":"Maximiliano Villa","4":"Maximiliano Villa","5":"Maximiliano Villa","6":"Maximiliano Villa","7":"Maximiliano Villa"}}