{"Injury":{"0":"D\u00e9ficit de entrenamiento","1":"Lesi\u00f3n inguinal","2":"Lesi\u00f3n desconocida","3":"Amigdalitis","4":"Distensi\u00f3n de muslo","5":"Extensi\u00f3n del ligamento interno de la rodilla ","6":"Ligamento roto Articulaci\u00f3n del tobillo","7":"Lesi\u00f3n de tobillo"},"From":{"0":"11\/04\/2023","1":"16\/03\/2023","2":"26\/02\/2023","3":"17\/11\/2021","4":"30\/10\/2021","5":"21\/09\/2021","6":"16\/04\/2018","7":"09\/11\/2017"},"To":{"0":"30\/04\/2023","1":"11\/04\/2023","2":"07\/03\/2023","3":"22\/11\/2021","4":"21\/11\/2021","5":"25\/09\/2021","6":"21\/05\/2018","7":"30\/11\/2017"},"Teams":{"0":["Fenerbahce"],"1":["Fenerbahce","B\u00e9lgica"],"2":["Fenerbahce"],"3":["Besiktas JK"],"4":["Besiktas JK","B\u00e9lgica"],"5":["Besiktas JK"],"6":["Borussia Dortmund"],"7":["Chelsea FC","B\u00e9lgica"]},"NumberOfMatches":{"0":"4","1":"7","2":"1","3":"1","4":"6","5":"2","6":"4","7":"6"},"Player":{"0":"Michy Batshuayi","1":"Michy Batshuayi","2":"Michy Batshuayi","3":"Michy Batshuayi","4":"Michy Batshuayi","5":"Michy Batshuayi","6":"Michy Batshuayi","7":"Michy Batshuayi"}}