{"Injury":{"0":"Lesi\u00f3n de rodilla","1":"Lesi\u00f3n muscular","2":"Rotura de fibras","3":"Rotura de fibras","4":"Lesi\u00f3n de tobillo","5":"Lesi\u00f3n del aductor"},"From":{"0":"02\/10\/2017","1":"26\/10\/2016","2":"06\/10\/2013","3":"01\/09\/2012","4":"12\/08\/2010","5":"25\/02\/2010"},"To":{"0":"02\/12\/2017","1":"08\/12\/2016","2":"23\/10\/2013","3":"25\/09\/2012","4":"24\/08\/2010","5":"05\/04\/2010"},"Teams":{"0":["H\u00e9rcules CF"],"1":["H\u00e9rcules CF"],"2":["Real Racing Club "],"3":["CD Numancia"],"4":[],"5":["UD Almer\u00eda"]},"NumberOfMatches":{"0":"10","1":"8","2":"4","3":"5","4":"-","5":"7"},"Player":{"0":"Miguel \u00c1ngel Nieto","1":"Miguel \u00c1ngel Nieto","2":"Miguel \u00c1ngel Nieto","3":"Miguel \u00c1ngel Nieto","4":"Miguel \u00c1ngel Nieto","5":"Miguel \u00c1ngel Nieto"}}