{"Injury":{"0":"Lesi\u00f3n de rodilla","1":"Lesi\u00f3n de rodilla","2":"Distensi\u00f3n de muslo","3":"Rotura de fibras","4":"Lesi\u00f3n del aductor","5":"Lesi\u00f3n de tobillo"},"From":{"0":"26\/10\/2015","1":"01\/07\/2015","2":"03\/04\/2014","3":"21\/09\/2012","4":"10\/02\/2011","5":"23\/01\/2008"},"To":{"0":"06\/11\/2015","1":"31\/08\/2015","2":"18\/04\/2014","3":"10\/10\/2012","4":"25\/02\/2011","5":"23\/03\/2008"},"Teams":{"0":["Heart of Midlothian FC"],"1":["Heart of Midlothian FC"],"2":["Levante UD","Espa\u00f1a Sub-19"],"3":["Levante UD","Espa\u00f1a Sub-17"],"4":["Levante UD"],"5":["Getafe CF","Espa\u00f1a Sub-19"]},"NumberOfMatches":{"0":"2","1":"8","2":"3","3":"6","4":"2","5":"18"},"Player":{"0":"Miguel Pallard\u00f3","1":"Miguel Pallard\u00f3","2":"Miguel Pallard\u00f3","3":"Miguel Pallard\u00f3","4":"Miguel Pallard\u00f3","5":"Miguel Pallard\u00f3"}}