{"Injury":{"0":"Problemas renales","1":"Gripe","2":"Lesi\u00f3n del aductor","3":"Lesi\u00f3n del aductor"},"From":{"0":"26\/05\/2019","1":"07\/08\/2017","2":"16\/12\/2016","3":"20\/11\/2016"},"To":{"0":"25\/06\/2019","1":"11\/08\/2017","2":"18\/01\/2017","3":"30\/11\/2016"},"Teams":{"0":["M\u00e9xico"],"1":["FC Oporto"],"2":["FC Oporto"],"3":["FC Oporto"]},"NumberOfMatches":{"0":"5","1":"1","2":"5","3":"3"},"Player":{"0":"Miguel Lay\u00fan","1":"Miguel Lay\u00fan","2":"Miguel Lay\u00fan","3":"Miguel Lay\u00fan"}}