{"Injury":{"0":"Lesi\u00f3n de muslo","1":"Lesi\u00f3n de muslo","2":"Magulladuras en las costillas","3":"Lesi\u00f3n de muslo","4":"Problemas de rodilla","5":"Magulladura de rodilla"},"From":{"0":"19\/01\/2024","1":"01\/12\/2023","2":"02\/10\/2023","3":"14\/09\/2022","4":"06\/11\/2017","5":"20\/01\/2017"},"To":{"0":"23\/01\/2024","1":"15\/12\/2023","2":"23\/10\/2023","3":"25\/09\/2022","4":"27\/11\/2017","5":"02\/02\/2017"},"Teams":{"0":["Athletic Club"],"1":["Athletic Club"],"2":["Athletic Club"],"3":["Athletic Club"],"4":["Athletic Club"],"5":["Athletic Club","Real Sporting de Gij\u00f3n"]},"NumberOfMatches":{"0":"1","1":"3","2":"2","3":"1","4":"3","5":"2"},"Player":{"0":"Mikel Vesga","1":"Mikel Vesga","2":"Mikel Vesga","3":"Mikel Vesga","4":"Mikel Vesga","5":"Mikel Vesga"}}