{"Injury":{"0":"Lesi\u00f3n desconocida","1":"Lesi\u00f3n desconocida","2":"Lesi\u00f3n desconocida","3":"Lesi\u00f3n muscular"},"From":{"0":"01\/12\/2023","1":"21\/08\/2023","2":"06\/02\/2023","3":"09\/08\/2019"},"To":{"0":"18\/12\/2023","1":"31\/08\/2023","2":"16\/02\/2023","3":"17\/10\/2019"},"Teams":{"0":["FC Utrecht"],"1":["FC Utrecht"],"2":["FC Utrecht"],"3":["Real Sociedad"]},"NumberOfMatches":{"0":"3","1":"1","2":"2","3":"8"},"Player":{"0":"Modibo Sagnan","1":"Modibo Sagnan","2":"Modibo Sagnan","3":"Modibo Sagnan"}}