{"Injury":{"0":"Lesi\u00f3n desconocida","1":"Lesi\u00f3n desconocida","2":"Lesi\u00f3n desconocida","3":"Lesi\u00f3n desconocida","4":"Lesi\u00f3n de muslo","5":"Lesi\u00f3n de muslo"},"From":{"0":"20\/03\/2023","1":"15\/01\/2021","2":"04\/03\/2017","3":"01\/11\/2016","4":"25\/02\/2015","5":"02\/12\/2014"},"To":{"0":"30\/09\/2023","1":"31\/05\/2021","2":"19\/03\/2017","3":"20\/11\/2016","4":"31\/03\/2015","5":"15\/01\/2015"},"Teams":{"0":["FC Van"],"1":["Mohammedan SC (Kolkata)","Sin equipoSin equipo"],"2":["Gaziantepspor"],"3":["Gaziantepspor"],"4":["Rayo Vallecano"],"5":["Rayo Vallecano"]},"NumberOfMatches":{"0":"22","1":"13","2":"3","3":"2","4":"4","5":"7"},"Player":{"0":"Mohammed Fatau","1":"Mohammed Fatau","2":"Mohammed Fatau","3":"Mohammed Fatau","4":"Mohammed Fatau","5":"Mohammed Fatau"}}