{"Injury":{"0":"Lesi\u00f3n muscular","1":"Problemas musculares","2":"Estiramiento de los m\u00fasculos de los muslos y los gl\u00fateos","3":"Estiramiento de los m\u00fasculos de los muslos y los gl\u00fateos","4":"Fisura del peron\u00e9","5":"D\u00e9ficit de entrenamiento","6":"Coronavirus","7":"Fractura del brazo","8":"Problemas de muslos","9":"Golpe","10":"Lesi\u00f3n de muslo","11":"Problemas de muslos","12":"Golpe","13":"Golpe"},"From":{"0":"09\/10\/2023","1":"24\/08\/2023","2":"20\/09\/2022","3":"04\/08\/2022","4":"23\/09\/2021","5":"24\/03\/2021","6":"04\/02\/2021","7":"22\/12\/2020","8":"18\/07\/2018","9":"20\/04\/2018","10":"24\/07\/2017","11":"23\/04\/2017","12":"01\/04\/2017","13":"27\/01\/2017"},"To":{"0":"04\/12\/2023","1":"31\/08\/2023","2":"05\/10\/2022","3":"25\/08\/2022","4":"24\/11\/2021","5":"12\/04\/2021","6":"19\/02\/2021","7":"19\/01\/2021","8":"12\/08\/2018","9":"01\/05\/2018","10":"11\/09\/2017","11":"04\/06\/2017","12":"07\/04\/2017","13":"03\/02\/2017"},"Teams":{"0":["Al-Ettifaq FC"],"1":["Al-Ettifaq FC"],"2":["Olympique de Lyon"],"3":["Olympique de Lyon"],"4":["Olympique de Lyon"],"5":["Atl\u00e9tico de Madrid"],"6":["Atl\u00e9tico de Madrid"],"7":["Olympique de Lyon","Atl\u00e9tico de Madrid"],"8":["Celtic FC"],"9":["Celtic FC"],"10":["Celtic FC","Francia Sub 21"],"11":["Celtic FC"],"12":["Celtic FC"],"13":["Celtic FC"]},"NumberOfMatches":{"0":"7","1":"2","2":"1","3":"2","4":"9","5":"2","6":"3","7":"1","8":"6","9":"2","10":"11","11":"7","12":"2","13":"2"},"Player":{"0":"Moussa Demb\u00e9l\u00e9","1":"Moussa Demb\u00e9l\u00e9","2":"Moussa Demb\u00e9l\u00e9","3":"Moussa Demb\u00e9l\u00e9","4":"Moussa Demb\u00e9l\u00e9","5":"Moussa Demb\u00e9l\u00e9","6":"Moussa Demb\u00e9l\u00e9","7":"Moussa Demb\u00e9l\u00e9","8":"Moussa Demb\u00e9l\u00e9","9":"Moussa Demb\u00e9l\u00e9","10":"Moussa Demb\u00e9l\u00e9","11":"Moussa Demb\u00e9l\u00e9","12":"Moussa Demb\u00e9l\u00e9","13":"Moussa Demb\u00e9l\u00e9"}}