{"Injury":{"0":"Lesi\u00f3n de muslo","1":"Problemas de muslos","2":"Lesi\u00f3n desconocida","3":"Lesi\u00f3n muscular","4":"Lesi\u00f3n muscular","5":"Lesi\u00f3n muscular","6":"Problemas de rodilla","7":"Problemas del tend\u00f3n de Aquiles","8":"Lesi\u00f3n inguinal","9":"Problemas inguinales"},"From":{"0":"03\/04\/2023","1":"20\/03\/2023","2":"20\/02\/2023","3":"17\/02\/2021","4":"22\/01\/2020","5":"18\/04\/2018","6":"06\/09\/2017","7":"12\/05\/2017","8":"23\/04\/2015","9":"04\/02\/2015"},"To":{"0":"09\/05\/2023","1":"30\/03\/2023","2":"09\/03\/2023","3":"01\/04\/2021","4":"04\/03\/2020","5":"11\/05\/2018","6":"11\/10\/2017","7":"31\/07\/2017","8":"31\/05\/2015","9":"14\/02\/2015"},"Teams":{"0":["Sporting Kansas City"],"1":["Sporting Kansas City"],"2":["Sporting Kansas City"],"3":["Levante UD"],"4":["Levante UD"],"5":["RC Celta de Vigo"],"6":["RC Celta de Vigo"],"7":["RC Celta de Vigo","Serbia"],"8":["RC Celta de Vigo"],"9":["RC Celta de Vigo"]},"NumberOfMatches":{"0":"6","1":"1","2":"2","3":"7","4":"6","5":"3","6":"5","7":"4","8":"6","9":"1"},"Player":{"0":"Nemanja Radoja","1":"Nemanja Radoja","2":"Nemanja Radoja","3":"Nemanja Radoja","4":"Nemanja Radoja","5":"Nemanja Radoja","6":"Nemanja Radoja","7":"Nemanja Radoja","8":"Nemanja Radoja","9":"Nemanja Radoja"}}