{"Injury":{"0":"Lesi\u00f3n de tobillo","1":"D\u00e9ficit de entrenamiento","2":"Lesi\u00f3n de muslo","3":"Resfriado","4":"Esguince de tobillo","5":"Esguince de tobillo","6":"Lesi\u00f3n de mano","7":"Lesi\u00f3n de espalda","8":"Lesi\u00f3n desconocida","9":"Lesi\u00f3n desconocida"},"From":{"0":"27\/10\/2023","1":"19\/12\/2022","2":"24\/10\/2022","3":"05\/11\/2021","4":"22\/03\/2021","5":"23\/01\/2020","6":"11\/08\/2019","7":"15\/03\/2019","8":"16\/04\/2016","9":"04\/05\/2014"},"To":{"0":"24\/11\/2023","1":"13\/01\/2023","2":"18\/12\/2022","3":"08\/11\/2021","4":"24\/04\/2021","5":"14\/02\/2020","6":"17\/09\/2019","7":"29\/03\/2019","8":"02\/05\/2016","9":"01\/07\/2014"},"Teams":{"0":["AFC Bournemouth"],"1":["AFC Bournemouth"],"2":["AFC Bournemouth"],"3":["FC Barcelona"],"4":["FC Barcelona"],"5":["FC Barcelona"],"6":["FC Barcelona"],"7":["Valencia CF"],"8":["Juventus de Tur\u00edn"],"9":["Fiorentina"]},"NumberOfMatches":{"0":"4","1":"5","2":"5","3":"1","4":"4","5":"5","6":"5","7":"1","8":"4","9":"3"},"Player":{"0":"Neto","1":"Neto","2":"Neto","3":"Neto","4":"Neto","5":"Neto","6":"Neto","7":"Neto","8":"Neto","9":"Neto"}}