{"Injury":{"0":"Problemas de cadera","1":"Problemas de muslos","2":"D\u00e9ficit de entrenamiento","3":"Rotura de fibras"},"From":{"0":"07\/01\/2023","1":"25\/10\/2020","2":"09\/10\/2020","3":"01\/08\/2020"},"To":{"0":"04\/03\/2023","1":"01\/11\/2020","2":"11\/10\/2020","3":"09\/10\/2020"},"Teams":{"0":["Villarreal CF","Senegal"],"1":["CD Mirand\u00e9s"],"2":["CD Mirand\u00e9s"],"3":["Senegal"]},"NumberOfMatches":{"0":"16","1":"3","2":"1","3":"1"},"Player":{"0":"Nicolas Jackson","1":"Nicolas Jackson","2":"Nicolas Jackson","3":"Nicolas Jackson"}}