{"Injury":{"0":"Problemas musculares","1":"Lesi\u00f3n desconocida","2":"Coronavirus","3":"Rotura del ligamento cruzado","4":"Lesi\u00f3n desconocida","5":"Lesi\u00f3n desconocida","6":"Lesi\u00f3n de muslo","7":"Lesi\u00f3n muscular","8":"Traumatismo","9":"Traumatismo","10":"Lesi\u00f3n de pie"},"From":{"0":"01\/06\/2023","1":"06\/08\/2022","2":"12\/02\/2022","3":"20\/05\/2021","4":"16\/01\/2021","5":"15\/12\/2020","6":"31\/07\/2019","7":"04\/05\/2019","8":"09\/11\/2018","9":"19\/10\/2018","10":"09\/06\/2017"},"To":{"0":"08\/06\/2023","1":"23\/08\/2022","2":"21\/02\/2022","3":"16\/01\/2022","4":"30\/01\/2021","5":"01\/01\/2021","6":"28\/08\/2019","7":"15\/05\/2019","8":"14\/11\/2018","9":"23\/10\/2018","10":"16\/06\/2017"},"Teams":{"0":["La Luz Futbol Club"],"1":["Miramar Misiones"],"2":["US Sassuolo"],"3":["CA Pe\u00f1arol","US Sassuolo"],"4":["US Sassuolo"],"5":["US Sassuolo"],"6":["FC Famalic\u00e3o"],"7":["Parma","Uruguay Sub 20"],"8":["CF Rayo Majadahonda"],"9":["CF Rayo Majadahonda"],"10":["Uruguay Sub 20"]},"NumberOfMatches":{"0":"1","1":"2","2":"2","3":"39","4":"2","5":"3","6":"4","7":"3","8":"1","9":"1","10":"1"},"Player":{"0":"Nicol\u00e1s Schiappacasse","1":"Nicol\u00e1s Schiappacasse","2":"Nicol\u00e1s Schiappacasse","3":"Nicol\u00e1s Schiappacasse","4":"Nicol\u00e1s Schiappacasse","5":"Nicol\u00e1s Schiappacasse","6":"Nicol\u00e1s Schiappacasse","7":"Nicol\u00e1s Schiappacasse","8":"Nicol\u00e1s Schiappacasse","9":"Nicol\u00e1s Schiappacasse","10":"Nicol\u00e1s Schiappacasse"}}