{"Injury":{"0":"Coronavirus","1":"Golpe","2":"Golpe","3":"Lesi\u00f3n de rodilla","4":"Problemas del tend\u00f3n de Aquiles","5":"Golpe","6":"Problemas de tobillo","7":"Problemas de tobillo"},"From":{"0":"20\/01\/2021","1":"31\/12\/2019","2":"10\/10\/2019","3":"17\/03\/2019","4":"10\/11\/2018","5":"30\/10\/2018","6":"17\/03\/2016","7":"15\/01\/2015"},"To":{"0":"29\/01\/2021","1":"06\/01\/2020","2":"21\/10\/2019","3":"29\/03\/2019","4":"23\/11\/2018","5":"06\/11\/2018","6":"24\/03\/2016","7":"19\/01\/2015"},"Teams":{"0":["SL Benfica"],"1":["Manchester City"],"2":["Manchester City","Argentina"],"3":["Argentina"],"4":["Manchester City","Argentina"],"5":["Manchester City"],"6":["Manchester City"],"7":["Valencia CF"]},"NumberOfMatches":{"0":"3","1":"2","2":"2","3":"2","4":"3","5":"2","6":"1","7":"1"},"Player":{"0":"Nicol\u00e1s Otamendi","1":"Nicol\u00e1s Otamendi","2":"Nicol\u00e1s Otamendi","3":"Nicol\u00e1s Otamendi","4":"Nicol\u00e1s Otamendi","5":"Nicol\u00e1s Otamendi","6":"Nicol\u00e1s Otamendi","7":"Nicol\u00e1s Otamendi"}}