{"Injury":{"0":"Problemas de pantorrillas","1":"Cansancio muscular","2":"Problemas musculares","3":"Lesi\u00f3n del m\u00fasculo flexor de la pierna","4":"Fractura de peron\u00e9","5":"Gripe","6":"Enfermo","7":"Lesi\u00f3n de tobillo","8":"Problemas de espalda","9":"Pubalgia","10":"Hematoma en el pie","11":"Lesi\u00f3n del aductor","12":"Problemas de las v\u00e9rtebras lumbares","13":"Problemas de rodilla","14":"Lesi\u00f3n de tobillo"},"From":{"0":"26\/11\/2021","1":"16\/04\/2021","2":"14\/02\/2021","3":"22\/11\/2020","4":"21\/10\/2019","5":"02\/05\/2019","6":"18\/01\/2019","7":"02\/09\/2018","8":"17\/06\/2018","9":"07\/02\/2018","10":"29\/12\/2017","11":"01\/10\/2017","12":"02\/04\/2017","13":"30\/01\/2017","14":"07\/10\/2011"},"To":{"0":"05\/01\/2022","1":"20\/04\/2021","2":"10\/04\/2021","3":"01\/01\/2021","4":"26\/11\/2019","5":"23\/05\/2019","6":"25\/01\/2019","7":"21\/09\/2018","8":"16\/07\/2018","9":"19\/02\/2018","10":"05\/01\/2018","11":"16\/10\/2017","12":"09\/04\/2017","13":"10\/02\/2017","14":"27\/10\/2011"},"Teams":{"0":["Hellas Verona"],"1":["Hellas Verona"],"2":["Hellas Verona"],"3":["Hellas Verona"],"4":["AS Roma"],"5":["Atl\u00e9tico de Madrid"],"6":["Atl\u00e9tico de Madrid"],"7":["Atl\u00e9tico de Madrid"],"8":["Croacia"],"9":["AC Milan"],"10":["AC Milan"],"11":["AC Milan","Croacia"],"12":["Fiorentina"],"13":["Fiorentina"],"14":["Dnipro Dnipropetrovsk  (-2020)","Croacia"]},"NumberOfMatches":{"0":"7","1":"2","2":"8","3":"8","4":"7","5":"3","6":"1","7":"2","8":"6","9":"3","10":"1","11":"4","12":"2","13":"2","14":"4"},"Player":{"0":"Nikola Kalinic","1":"Nikola Kalinic","2":"Nikola Kalinic","3":"Nikola Kalinic","4":"Nikola Kalinic","5":"Nikola Kalinic","6":"Nikola Kalinic","7":"Nikola Kalinic","8":"Nikola Kalinic","9":"Nikola Kalinic","10":"Nikola Kalinic","11":"Nikola Kalinic","12":"Nikola Kalinic","13":"Nikola Kalinic","14":"Nikola Kalinic"}}