{"Injury":{"0":"Coronavirus","1":"Problemas estomacales","2":"Lesi\u00f3n de cadera","3":"Gastroenteritis gripal","4":"Problemas de tobillo","5":"Gastroenteritis gripal","6":"Problemas de espalda","7":"Rotura del ligamento externo del tobillo","8":"D\u00e9ficit de entrenamiento","9":"Problemas de rodilla","10":"Gastroenteritis gripal","11":"Lesi\u00f3n en la columna cervical","12":"D\u00e9ficit de entrenamiento","13":"Irritaci\u00f3n del tend\u00f3n","14":"Rotura de fibras en el aductor","15":"D\u00e9ficit de entrenamiento","16":"Operaci\u00f3n de rodilla","17":"Tendonitis","18":"Rotura del ligamento externo del tobillo","19":"Problemas musculares","20":"Rotura del ligamento externo del tobillo","21":"Cirug\u00eda de nariz","22":"Extensi\u00f3n del ligamento interno de la rodilla ","23":"Rotura del ligamento interno de la rodilla","24":"Lesi\u00f3n de tal\u00f3n","25":"Problemas de pantorrillas","26":"Lesi\u00f3n de tobillo"},"From":{"0":"13\/04\/2021","1":"06\/02\/2021","2":"31\/05\/2020","3":"07\/03\/2019","4":"18\/12\/2018","5":"07\/01\/2018","6":"09\/10\/2017","7":"24\/04\/2017","8":"06\/02\/2017","9":"05\/12\/2016","10":"03\/11\/2016","11":"20\/10\/2016","12":"16\/11\/2015","13":"02\/03\/2015","14":"02\/03\/2015","15":"19\/20","16":"16\/17","17":"13\/14","18":"10\/11","19":"23\/10\/2014","20":"04\/09\/2014","21":"31\/07\/2014","22":"09\/12\/2013","23":"02\/12\/2013","24":"07\/10\/2013","25":"30\/05\/2013","26":"25\/08\/2011"},"To":{"0":"24\/04\/2021","1":"08\/02\/2021","2":"07\/07\/2020","3":"11\/03\/2019","4":"21\/12\/2018","5":"11\/01\/2018","6":"12\/10\/2017","7":"15\/05\/2017","8":"13\/03\/2017","9":"06\/02\/2017","10":"07\/11\/2016","11":"24\/10\/2016","12":"15\/02\/2016","13":"16\/11\/2015","14":"27\/04\/2015","15":"18\/19","16":"15\/16","17":"12\/13","18":"08\/09","19":"27\/11\/2014","20":"23\/10\/2014","21":"01\/09\/2014","22":"09\/12\/2013","23":"05\/12\/2013","24":"14\/10\/2013","25":"13\/06\/2013","26":"26\/09\/2011"},"Teams":{"0":["Antalyaspor"],"1":["Antalyaspor"],"2":["SV Werder Bremen"],"3":["SV Werder Bremen"],"4":["SV Werder Bremen"],"5":[],"6":[],"7":["Borussia Dortmund"],"8":["Borussia Dortmund"],"9":["Borussia Dortmund"],"10":["Borussia Dortmund"],"11":["Borussia Dortmund"],"12":["Borussia Dortmund","Turqu\u00eda"],"13":["Borussia Dortmund","Turqu\u00eda"],"14":["Borussia Dortmund","Turqu\u00eda"],"15":["Borussia Dortmund","Turqu\u00eda"],"16":["Borussia Dortmund","Turqu\u00eda"],"17":["Borussia Dortmund"],"18":[],"19":["Borussia Dortmund"],"20":["Turqu\u00eda"],"21":["Turqu\u00eda"],"22":["Real Madrid CF","Turqu\u00eda"],"23":["Borussia Dortmund"],"24":["Turqu\u00eda"],"25":[],"26":[]},"NumberOfMatches":{"0":"3","1":"1","2":"8","3":"1","4":"1","5":"-","6":"-","7":"4","8":"8","9":"7","10":"1","11":"1","12":"14","13":"47","14":"12","15":"9","16":"12","17":"4","18":"-","19":"1","20":"1","21":"1","22":"8","23":"4","24":"1","25":"-","26":"-"},"Player":{"0":"Nuri \u015eahin","1":"Nuri \u015eahin","2":"Nuri \u015eahin","3":"Nuri \u015eahin","4":"Nuri \u015eahin","5":"Nuri \u015eahin","6":"Nuri \u015eahin","7":"Nuri \u015eahin","8":"Nuri \u015eahin","9":"Nuri \u015eahin","10":"Nuri \u015eahin","11":"Nuri \u015eahin","12":"Nuri \u015eahin","13":"Nuri \u015eahin","14":"Nuri \u015eahin","15":"Nuri \u015eahin","16":"Nuri \u015eahin","17":"Nuri \u015eahin","18":"Nuri \u015eahin","19":"Nuri \u015eahin","20":"Nuri \u015eahin","21":"Nuri \u015eahin","22":"Nuri \u015eahin","23":"Nuri \u015eahin","24":"Nuri \u015eahin","25":"Nuri \u015eahin","26":"Nuri \u015eahin"}}