{"Injury":{"0":"Lesi\u00f3n de muslo","1":"Lesi\u00f3n muscular","2":"Esguince de tobillo","3":"Problemas de rodilla","4":"Lesi\u00f3n de muslo","5":"Amigdalitis","6":"Lesi\u00f3n de rodilla"},"From":{"0":"30\/04\/2022","1":"10\/11\/2019","2":"08\/09\/2019","3":"15\/12\/2018","4":"25\/02\/2018","5":"13\/01\/2018","6":"11\/10\/2015"},"To":{"0":"12\/08\/2022","1":"13\/12\/2019","2":"12\/09\/2019","3":"20\/12\/2018","4":"30\/03\/2018","5":"16\/01\/2018","6":"19\/01\/2016"},"Teams":{"0":["Wolverhampton Wanderers","Portugal"],"1":["FC Barcelona","Portugal"],"2":["Portugal"],"3":["FC Barcelona"],"4":["FC Barcelona","Portugal"],"5":["FC Barcelona"],"6":["SL Benfica","Portugal"]},"NumberOfMatches":{"0":"10","1":"7","2":"1","3":"1","4":"7","5":"1","6":"22"},"Player":{"0":"N\u00e9lson Semedo","1":"N\u00e9lson Semedo","2":"N\u00e9lson Semedo","3":"N\u00e9lson Semedo","4":"N\u00e9lson Semedo","5":"N\u00e9lson Semedo","6":"N\u00e9lson Semedo"}}