{"Injury":{"0":"Rotura de fibras","1":"Problemas musculares","2":"Cirug\u00eda","3":"Lesi\u00f3n del aductor","4":"Problemas inguinales","5":"Fisura fina en el pie","6":"Lesi\u00f3n de pie","7":"D\u00e9ficit de entrenamiento","8":"Cirug\u00eda del tend\u00f3n de Aquiles","9":"Problemas del tend\u00f3n de Aquiles","10":"Problemas musculares","11":"Desgarro del tend\u00f3n"},"From":{"0":"05\/05\/2021","1":"19\/12\/2020","2":"10\/06\/2020","3":"28\/02\/2020","4":"07\/03\/2019","5":"29\/03\/2018","6":"12\/02\/2018","7":"23\/11\/2017","8":"10\/07\/2017","9":"10\/04\/2017","10":"20\/03\/2017","11":"12\/03\/2015"},"To":{"0":"22\/06\/2021","1":"16\/01\/2021","2":"18\/09\/2020","3":"09\/06\/2020","4":"30\/03\/2019","5":"17\/04\/2018","6":"29\/03\/2018","7":"21\/12\/2017","8":"23\/11\/2017","9":"10\/07\/2017","10":"23\/03\/2017","11":"01\/06\/2015"},"Teams":{"0":["FC Schalke 04"],"1":["FC Schalke 04"],"2":["FC Schalke 04"],"3":["FC Schalke 04"],"4":["FC Schalke 04"],"5":["Eintracht Fr\u00e1ncfort\u200b\u200b"],"6":["Eintracht Fr\u00e1ncfort\u200b\u200b"],"7":["Eintracht Fr\u00e1ncfort\u200b\u200b"],"8":["Eintracht Fr\u00e1ncfort\u200b\u200b"],"9":["Eintracht Fr\u00e1ncfort\u200b\u200b"],"10":[],"11":["Derby County"]},"NumberOfMatches":{"0":"4","1":"4","2":"5","3":"8","4":"3","5":"3","6":"5","7":"6","8":"14","9":"8","10":"-","11":"10"},"Player":{"0":"Omar Mascarell","1":"Omar Mascarell","2":"Omar Mascarell","3":"Omar Mascarell","4":"Omar Mascarell","5":"Omar Mascarell","6":"Omar Mascarell","7":"Omar Mascarell","8":"Omar Mascarell","9":"Omar Mascarell","10":"Omar Mascarell","11":"Omar Mascarell"}}