{"Injury":{"0":"Lesi\u00f3n de muslo","1":"Coronavirus","2":"Lesi\u00f3n de muslo","3":"Lesi\u00f3n de rodilla","4":"Lesi\u00f3n desconocida","5":"Lesi\u00f3n de muslo","6":"Lesi\u00f3n de muslo","7":"Desgarro muscular","8":"Problemas musculares","9":"Lesi\u00f3n de muslo","10":"Lesi\u00f3n de muslo","11":"Desgarro muscular","12":"Lesi\u00f3n de tobillo","13":"Desgarro muscular","14":"Lesi\u00f3n de muslo","15":"Problemas en el flexor de la cadera","16":"Contusi\u00f3n"},"From":{"0":"29\/01\/2023","1":"29\/12\/2021","2":"04\/11\/2021","3":"20\/06\/2021","4":"21\/04\/2021","5":"06\/12\/2020","6":"04\/02\/2020","7":"28\/11\/2019","8":"27\/09\/2019","9":"19\/08\/2019","10":"05\/05\/2019","11":"14\/03\/2019","12":"21\/01\/2019","13":"15\/01\/2018","14":"17\/09\/2017","15":"21\/22","16":"18\/19"},"To":{"0":"28\/04\/2023","1":"05\/01\/2022","2":"22\/11\/2021","3":"01\/11\/2021","4":"23\/04\/2021","5":"28\/12\/2020","6":"13\/08\/2020","7":"02\/02\/2020","8":"30\/09\/2019","9":"22\/09\/2019","10":"16\/06\/2019","11":"09\/04\/2019","12":"08\/02\/2019","13":"10\/02\/2018","14":"01\/01\/2018","15":"20\/21","16":"17\/18"},"Teams":{"0":["FC Barcelona","Francia"],"1":["FC Barcelona"],"2":["FC Barcelona","Francia"],"3":["FC Barcelona","Francia"],"4":["FC Barcelona"],"5":["FC Barcelona"],"6":["FC Barcelona"],"7":["FC Barcelona"],"8":["FC Barcelona"],"9":["FC Barcelona","Francia"],"10":["FC Barcelona","Francia"],"11":["FC Barcelona","Francia"],"12":["FC Barcelona"],"13":["FC Barcelona"],"14":["FC Barcelona","Francia"],"15":[],"16":[]},"NumberOfMatches":{"0":"19","1":"2","2":"4","3":"21","4":"1","5":"5","6":"19","7":"13","8":"1","9":"7","10":"7","11":"6","12":"5","13":"7","14":"24","15":"-","16":"-"},"Player":{"0":"Ousmane Demb\u00e9l\u00e9","1":"Ousmane Demb\u00e9l\u00e9","2":"Ousmane Demb\u00e9l\u00e9","3":"Ousmane Demb\u00e9l\u00e9","4":"Ousmane Demb\u00e9l\u00e9","5":"Ousmane Demb\u00e9l\u00e9","6":"Ousmane Demb\u00e9l\u00e9","7":"Ousmane Demb\u00e9l\u00e9","8":"Ousmane Demb\u00e9l\u00e9","9":"Ousmane Demb\u00e9l\u00e9","10":"Ousmane Demb\u00e9l\u00e9","11":"Ousmane Demb\u00e9l\u00e9","12":"Ousmane Demb\u00e9l\u00e9","13":"Ousmane Demb\u00e9l\u00e9","14":"Ousmane Demb\u00e9l\u00e9","15":"Ousmane Demb\u00e9l\u00e9","16":"Ousmane Demb\u00e9l\u00e9"}}