{"Injury":{"0":"Coronavirus","1":"Rotura del ligamento cruzado","2":"Problemas de pantorrillas","3":"Lesi\u00f3n de muslo","4":"Lesi\u00f3n de muslo","5":"Lesi\u00f3n de muslo","6":"Lesi\u00f3n de muslo","7":"Problemas de espalda","8":"Becerro jalado","9":"Problemas del tend\u00f3n de Aquiles","10":"Molestias en los aductores","11":"Herida menor","12":"Lesi\u00f3n de rodilla","13":"Desgarro muscular","14":"Desgarro muscular"},"From":{"0":"18\/04\/2021","1":"07\/08\/2019","2":"03\/12\/2018","3":"17\/05\/2018","4":"15\/04\/2018","5":"15\/01\/2018","6":"28\/09\/2017","7":"05\/05\/2017","8":"27\/02\/2017","9":"12\/01\/2017","10":"10\/10\/2016","11":"23\/06\/2016","12":"05\/03\/2016","13":"14\/07\/2014","14":"05\/05\/2014"},"To":{"0":"27\/04\/2021","1":"31\/03\/2020","2":"13\/12\/2018","3":"30\/06\/2018","4":"20\/04\/2018","5":"25\/01\/2018","6":"04\/10\/2017","7":"10\/05\/2017","8":"13\/03\/2017","9":"19\/01\/2017","10":"20\/10\/2016","11":"27\/06\/2016","12":"31\/03\/2016","13":"28\/08\/2014","14":"30\/06\/2014"},"Teams":{"0":["CA Independiente"],"1":["CA Independiente","Chile"],"2":["CA Independiente"],"3":["RC Celta de Vigo","Chile"],"4":["RC Celta de Vigo"],"5":["RC Celta de Vigo"],"6":["RC Celta de Vigo"],"7":["RC Celta de Vigo"],"8":["RC Celta de Vigo"],"9":["RC Celta de Vigo","Chile"],"10":["RC Celta de Vigo","Chile"],"11":["Chile"],"12":["RC Celta de Vigo","Chile"],"13":["RC Celta de Vigo"],"14":["CD O'Higgins","Chile"]},"NumberOfMatches":{"0":"3","1":"34","2":"1","3":"4","4":"1","5":"1","6":"1","7":"1","8":"4","9":"4","10":"3","11":"1","12":"5","13":"1","14":"8"},"Player":{"0":"Pablo Hern\u00e1ndez","1":"Pablo Hern\u00e1ndez","2":"Pablo Hern\u00e1ndez","3":"Pablo Hern\u00e1ndez","4":"Pablo Hern\u00e1ndez","5":"Pablo Hern\u00e1ndez","6":"Pablo Hern\u00e1ndez","7":"Pablo Hern\u00e1ndez","8":"Pablo Hern\u00e1ndez","9":"Pablo Hern\u00e1ndez","10":"Pablo Hern\u00e1ndez","11":"Pablo Hern\u00e1ndez","12":"Pablo Hern\u00e1ndez","13":"Pablo Hern\u00e1ndez","14":"Pablo Hern\u00e1ndez"}}