{"Injury":{"0":"Menisco desgarrado","1":"Lesi\u00f3n muscular","2":"Lesi\u00f3n muscular","3":"Problemas musculares","4":"Problemas musculares","5":"Lesi\u00f3n del aductor","6":"Gastroenteritis gripal","7":"Problemas de tobillo","8":"Conmoci\u00f3n","9":"Problemas musculares"},"From":{"0":"15\/01\/2024","1":"20\/09\/2021","2":"19\/12\/2020","3":"07\/07\/2020","4":"22\/06\/2020","5":"23\/09\/2019","6":"27\/02\/2019","7":"24\/11\/2018","8":"26\/11\/2017","9":"27\/09\/2017"},"To":{"0":"15\/02\/2024","1":"01\/10\/2021","2":"14\/01\/2021","3":"31\/07\/2020","4":"01\/07\/2020","5":"08\/10\/2019","6":"04\/03\/2019","7":"24\/02\/2019","8":"01\/12\/2017","9":"06\/09\/2017"},"Teams":{"0":["RCD Mallorca"],"1":["RCD Mallorca"],"2":["SD Huesca"],"3":["Girona FC"],"4":["Girona FC"],"5":["Girona FC"],"6":["VfB Stuttgart"],"7":["VfB Stuttgart"],"8":["Girona FC"],"9":[]},"NumberOfMatches":{"0":"7","1":"2","2":"5","3":"4","4":"2","5":"3","6":"1","7":"11","8":"1","9":"-"},"Player":{"0":"Pablo Maffeo","1":"Pablo Maffeo","2":"Pablo Maffeo","3":"Pablo Maffeo","4":"Pablo Maffeo","5":"Pablo Maffeo","6":"Pablo Maffeo","7":"Pablo Maffeo","8":"Pablo Maffeo","9":"Pablo Maffeo"}}