{"Injury":{"0":"Lesi\u00f3n muscular","1":"Lesi\u00f3n muscular","2":"Lesi\u00f3n muscular","3":"Lesi\u00f3n muscular","4":"Problemas musculares","5":"Ligamento roto de rodilla","6":"Traumatismo","7":"Traumatismo","8":"Lesi\u00f3n de tobillo","9":"Esguince de tobillo","10":"Problemas musculares","11":"Fiebre","12":"Lesi\u00f3n de tobillo","13":"Lesi\u00f3n de rodilla","14":"Sobreestiramiento","15":"Extensi\u00f3n del ligamento interno de la rodilla ","16":"Problemas de rodilla","17":"Lesi\u00f3n de tobillo","18":"Problemas de rodilla"},"From":{"0":"01\/01\/2020","1":"01\/08\/2019","2":"24\/04\/2019","3":"11\/04\/2019","4":"29\/03\/2019","5":"13\/05\/2018","6":"10\/05\/2017","7":"01\/02\/2017","8":"27\/09\/2015","9":"06\/04\/2015","10":"28\/02\/2015","11":"05\/02\/2015","12":"02\/12\/2014","13":"16\/09\/2013","14":"12\/11\/2012","15":"18\/19","16":"15\/16","17":"12\/13","18":"08\/09"},"To":{"0":"25\/01\/2020","1":"22\/08\/2019","2":"10\/05\/2019","3":"22\/04\/2019","4":"02\/04\/2019","5":"13\/07\/2018","6":"24\/05\/2017","7":"15\/02\/2017","8":"31\/10\/2015","9":"15\/09\/2015","10":"12\/03\/2015","11":"14\/02\/2015","12":"08\/12\/2014","13":"20\/09\/2013","14":"20\/11\/2012","15":"17\/18","16":"14\/15","17":"10\/11","18":"12\/13"},"Teams":{"0":["SD Eibar"],"1":["SD Eibar"],"2":["SD Eibar"],"3":["SD Eibar"],"4":["SD Eibar"],"5":["SD Eibar"],"6":["RCD Espanyol"],"7":["RCD Espanyol"],"8":["RCD Espanyol"],"9":["Levante UD","RCD Espanyol"],"10":["Levante UD"],"11":["Levante UD"],"12":["Levante UD"],"13":[],"14":["Levante UD","Senegal"],"15":["Senegal"],"16":["Real Racing Club ","Senegal"],"17":["Senegal"],"18":["Gimn\u00e0stic de Tarragona"]},"NumberOfMatches":{"0":"4","1":"1","2":"2","3":"2","4":"1","5":"1","6":"2","7":"2","8":"4","9":"2","10":"2","11":"1","12":"2","13":"-","14":"2","15":"1","16":"7","17":"1","18":"6"},"Player":{"0":"Pape Diop","1":"Pape Diop","2":"Pape Diop","3":"Pape Diop","4":"Pape Diop","5":"Pape Diop","6":"Pape Diop","7":"Pape Diop","8":"Pape Diop","9":"Pape Diop","10":"Pape Diop","11":"Pape Diop","12":"Pape Diop","13":"Pape Diop","14":"Pape Diop","15":"Pape Diop","16":"Pape Diop","17":"Pape Diop","18":"Pape Diop"}}