{"Injury":{"0":"Endurecimiento muscular","1":"Rotura de fibras","2":"Infecci\u00f3n","3":"Problemas musculares","4":"Problemas musculares","5":"Inflamaci\u00f3n","6":"Distensi\u00f3n de muslo","7":"Rotura del tend\u00f3n de Aquiles","8":"Gripe","9":"Rotura de fibras","10":"Problemas del tend\u00f3n rotuliano","11":"Rotura del ligamento externo del tobillo","12":"Hematoma","13":"Rotura del ligamento cruzado","14":"Problemas de rodilla","15":"Extensi\u00f3n del ligamento interno de la rodilla ","16":"Problemas de rodilla","17":"Gastroenteritis gripal","18":"Gripe","19":"Problemas de rodilla","20":"Problemas de rodilla","21":"Problemas musculares","22":"Problemas inguinales","23":"Gastroenteritis gripal","24":"Problemas inguinales","25":"Problemas inguinales","26":"Rotura del ligamento externo de la rodilla","27":"Sobrecarga"},"From":{"0":"27\/02\/2020","1":"18\/11\/2019","2":"05\/04\/2019","3":"25\/03\/2019","4":"18\/02\/2019","5":"18\/01\/2019","6":"12\/09\/2016","7":"08\/12\/2015","8":"08\/01\/2014","9":"22\/01\/2013","10":"11\/12\/2012","11":"17\/05\/2011","12":"05\/05\/2011","13":"20\/07\/2010","14":"25\/03\/2010","15":"18\/19","16":"13\/14","17":"09\/10","18":"09\/10","19":"09\/10","20":"09\/10","21":"09\/10","22":"09\/10","23":"09\/10","24":"08\/09","25":"08\/09","26":"08\/09","27":"07\/08"},"To":{"0":"02\/03\/2020","1":"08\/12\/2019","2":"18\/04\/2019","3":"05\/04\/2019","4":"27\/02\/2019","5":"29\/01\/2019","6":"22\/09\/2016","7":"30\/06\/2016","8":"16\/01\/2014","9":"20\/03\/2013","10":"08\/01\/2013","11":"15\/06\/2011","12":"12\/05\/2011","13":"04\/01\/2011","14":"07\/04\/2010","15":"16\/17","16":"12\/13","17":"08\/09","18":"25\/02\/2010","19":"03\/02\/2010","20":"15\/12\/2009","21":"19\/11\/2009","22":"22\/09\/2009","23":"15\/09\/2009","24":"04\/12\/2008","25":"16\/09\/2008","26":"30\/07\/2008","27":"06\/05\/2008"},"Teams":{"0":["SG Dynamo Dresden"],"1":["SG Dynamo Dresden"],"2":["SG Dynamo Dresden"],"3":["SG Dynamo Dresden"],"4":["SG Dynamo Dresden"],"5":[],"6":["Rayo Vallecano"],"7":["Rayo Vallecano"],"8":["Real Valladolid CF"],"9":["Real Valladolid CF","Alemania Sub 21"],"10":["Real Valladolid CF"],"11":["Alemania Sub 21"],"12":["Hertha Berl\u00edn","Alemania Sub 17"],"13":["Hertha Berl\u00edn","Alemania Sub 21"],"14":["Hertha Berl\u00edn","Alemania Sub 20"],"15":["Hertha Berl\u00edn","Alemania Sub 21"],"16":["Hertha Berl\u00edn","Alemania U19"],"17":["Hertha Berl\u00edn","Alemania J18"],"18":["Hertha Berl\u00edn","Alemania Sub 17"],"19":["Hertha Berl\u00edn","Alemania Sub 20"],"20":["Hertha Berl\u00edn","Alemania Sub 17"],"21":["Hertha Berl\u00edn","Alemania J18"],"22":["Hertha Berl\u00edn","Alemania Sub 21"],"23":["Hertha Berl\u00edn"],"24":["Hertha Berl\u00edn","Alemania J18"],"25":["Hertha Berl\u00edn","Alemania Sub 20"],"26":["Hertha Berl\u00edn","Alemania Sub 20"],"27":["Alemania Sub 21"]},"NumberOfMatches":{"0":"1","1":"3","2":"2","3":"2","4":"1","5":"-","6":"2","7":"27","8":"1","9":"19","10":"3","11":"5","12":"4","13":"54","14":"7","15":"7","16":"4","17":"3","18":"3","19":"5","20":"2","21":"4","22":"27","23":"1","24":"4","25":"2","26":"3","27":"5"},"Player":{"0":"Patrick Ebert","1":"Patrick Ebert","2":"Patrick Ebert","3":"Patrick Ebert","4":"Patrick Ebert","5":"Patrick Ebert","6":"Patrick Ebert","7":"Patrick Ebert","8":"Patrick Ebert","9":"Patrick Ebert","10":"Patrick Ebert","11":"Patrick Ebert","12":"Patrick Ebert","13":"Patrick Ebert","14":"Patrick Ebert","15":"Patrick Ebert","16":"Patrick Ebert","17":"Patrick Ebert","18":"Patrick Ebert","19":"Patrick Ebert","20":"Patrick Ebert","21":"Patrick Ebert","22":"Patrick Ebert","23":"Patrick Ebert","24":"Patrick Ebert","25":"Patrick Ebert","26":"Patrick Ebert","27":"Patrick Ebert"}}