{"Injury":{"0":"Lesi\u00f3n de pie","1":"Rotura de fibras","2":"Lesi\u00f3n de rodilla","3":"Molestias en los aductores","4":"Lesi\u00f3n de rodilla","5":"Operaci\u00f3n de rodilla"},"From":{"0":"08\/08\/2018","1":"06\/05\/2018","2":"12\/07\/2017","3":"22\/08\/2014","4":"17\/12\/2012","5":"28\/10\/2011"},"To":{"0":"22\/02\/2019","1":"06\/06\/2018","2":"12\/02\/2018","3":"02\/09\/2014","4":"20\/01\/2013","5":"28\/12\/2011"},"Teams":{"0":["SD Eibar"],"1":["SD Eibar"],"2":["SD Eibar"],"3":["Getafe CF"],"4":["Getafe CF"],"5":["Getafe CF"]},"NumberOfMatches":{"0":"26","1":"2","2":"25","3":"2","4":"5","5":"9"},"Player":{"0":"Pedro Le\u00f3n","1":"Pedro Le\u00f3n","2":"Pedro Le\u00f3n","3":"Pedro Le\u00f3n","4":"Pedro Le\u00f3n","5":"Pedro Le\u00f3n"}}