{"Injury":{"0":"Lesi\u00f3n de tobillo","1":"Fractura del hueso nasal","2":"Lesi\u00f3n de tobillo","3":"Lesi\u00f3n de tobillo","4":"Problemas de pantorrillas","5":"Lesi\u00f3n de tobillo","6":"Lesi\u00f3n de muslo","7":"Problemas de pantorrillas","8":"Lesi\u00f3n del m\u00fasculo flexor de la pierna","9":"Problemas musculares","10":"Lesi\u00f3n del m\u00fasculo flexor de la pierna","11":"Lesi\u00f3n de hombro","12":"Enfermo","13":"Problemas en el arco del pie","14":"Problemas de rodilla","15":"Infecci\u00f3n gripal","16":"Enfermo","17":"Rotura del tend\u00f3n de Aquiles","18":"Rotura del tend\u00f3n de Aquiles","19":"Becerro jalado","20":"Contusi\u00f3n muscular ","21":"Problemas del tal\u00f3n de Aquiles","22":"Golpe","23":"Problemas del tend\u00f3n de Aquiles","24":"Problemas del tal\u00f3n de Aquiles","25":"Lesi\u00f3n de tobillo","26":"Fractura facial","27":"Lesi\u00f3n de muslo","28":"Contusi\u00f3n","29":"Rotura de fibras","30":"Rotura de fibras"},"From":{"0":"22\/08\/2023","1":"19\/02\/2023","2":"07\/09\/2022","3":"06\/08\/2022","4":"10\/04\/2022","5":"20\/02\/2022","6":"15\/01\/2022","7":"12\/12\/2021","8":"18\/04\/2021","9":"21\/01\/2021","10":"31\/12\/2020","11":"01\/08\/2020","12":"11\/07\/2020","13":"01\/07\/2020","14":"22\/02\/2020","15":"22\/23","16":"19\/20","17":"15\/16","18":"19\/20","19":"19\/20","20":"19\/20","21":"19\/20","22":"19\/20","23":"19\/20","24":"18\/19","25":"18\/19","26":"18\/19","27":"18\/19","28":"17\/18","29":"17\/18","30":"15\/16"},"To":{"0":"01\/09\/2023","1":"25\/02\/2023","2":"14\/09\/2022","3":"19\/08\/2022","4":"13\/05\/2022","5":"24\/02\/2022","6":"03\/02\/2022","7":"15\/12\/2021","8":"03\/05\/2021","9":"09\/02\/2021","10":"13\/01\/2021","11":"26\/09\/2020","12":"11\/07\/2020","13":"01\/07\/2020","14":"22\/02\/2020","15":"21\/22","16":"18\/19","17":"10\/11","18":"29\/12\/2019","19":"21\/12\/2019","20":"04\/12\/2019","21":"02\/11\/2019","22":"06\/10\/2019","23":"24\/08\/2019","24":"01\/04\/2019","25":"20\/02\/2019","26":"27\/12\/2018","27":"23\/09\/2018","28":"07\/08\/2017","29":"23\/07\/2017","30":"29\/02\/2016"},"Teams":{"0":["SS Lazio"],"1":["SS Lazio"],"2":["SS Lazio"],"3":["SS Lazio"],"4":["SS Lazio"],"5":["SS Lazio"],"6":["SS Lazio"],"7":["SS Lazio"],"8":["AS Roma"],"9":["AS Roma"],"10":["AS Roma"],"11":["Chelsea FC","AS Roma"],"12":["Chelsea FC"],"13":["Chelsea FC"],"14":["Chelsea FC"],"15":["Chelsea FC"],"16":["Chelsea FC"],"17":["Chelsea FC"],"18":["Chelsea FC"],"19":["Chelsea FC"],"20":["Chelsea FC"],"21":["Chelsea FC"],"22":["Chelsea FC"],"23":["Chelsea FC"],"24":["Chelsea FC"],"25":["Chelsea FC"],"26":[],"27":["Chelsea FC"],"28":["Chelsea FC"],"29":["Espa\u00f1a"],"30":["FC Barcelona","Espa\u00f1a"]},"NumberOfMatches":{"0":"1","1":"2","2":"2","3":"1","4":"5","5":"2","6":"4","7":"1","8":"5","9":"3","10":"3","11":"5","12":"1","13":"1","14":"1","15":"2","16":"1","17":"3","18":"3","19":"3","20":"2","21":"1","22":"1","23":"4","24":"3","25":"1","26":"-","27":"2","28":"5","29":"4","30":"9"},"Player":{"0":"Pedro","1":"Pedro","2":"Pedro","3":"Pedro","4":"Pedro","5":"Pedro","6":"Pedro","7":"Pedro","8":"Pedro","9":"Pedro","10":"Pedro","11":"Pedro","12":"Pedro","13":"Pedro","14":"Pedro","15":"Pedro","16":"Pedro","17":"Pedro","18":"Pedro","19":"Pedro","20":"Pedro","21":"Pedro","22":"Pedro","23":"Pedro","24":"Pedro","25":"Pedro","26":"Pedro","27":"Pedro","28":"Pedro","29":"Pedro","30":"Pedro"}}