{"Injury":{"0":"Problemas de rodilla","1":"Lesi\u00f3n de rodilla","2":"Problemas de pantorrillas","3":"Rotura del menisco externo","4":"Rotura de fibras","5":"Endurecimiento muscular","6":"Rotura de fibras","7":"Rotura de fibras"},"From":{"0":"29\/08\/2023","1":"03\/01\/2023","2":"24\/02\/2012","3":"18\/09\/2011","4":"22\/02\/2011","5":"21\/09\/2010","6":"05\/08\/2010","7":"20\/07\/2009"},"To":{"0":"24\/09\/2023","1":"21\/08\/2023","2":"01\/03\/2012","3":"05\/11\/2011","4":"15\/03\/2011","5":"23\/09\/2010","6":"05\/09\/2010","7":"20\/08\/2009"},"Teams":{"0":["Gr\u00eamio Foot-Ball Porto Alegrense"],"1":["Gr\u00eamio Foot-Ball Porto Alegrense"],"2":["FC Colonia","Brasil"],"3":["FC Colonia","Brasil"],"4":["FC Colonia"],"5":["FC Colonia"],"6":["FC Colonia","Brasil"],"7":["FC Colonia","Brasil"]},"NumberOfMatches":{"0":"4","1":"44","2":"2","3":"10","4":"3","5":"1","6":"4","7":"4"},"Player":{"0":"Pedro Geromel","1":"Pedro Geromel","2":"Pedro Geromel","3":"Pedro Geromel","4":"Pedro Geromel","5":"Pedro Geromel","6":"Pedro Geromel","7":"Pedro Geromel"}}