{"Injury":{"0":"Lesi\u00f3n de rodilla","1":"Lesi\u00f3n del aductor","2":"Hematoma metatarsiano","3":"Lesi\u00f3n de muslo","4":"Problemas musculares","5":"Lesi\u00f3n de muslo","6":"Conmoci\u00f3n"},"From":{"0":"01\/01\/2022","1":"07\/09\/2021","2":"19\/10\/2020","3":"01\/01\/2019","4":"19\/12\/2017","5":"06\/11\/2017","6":"05\/03\/2016"},"To":{"0":"17\/01\/2022","1":"02\/10\/2021","2":"19\/12\/2020","3":"11\/01\/2019","4":"29\/12\/2017","5":"01\/12\/2017","6":"11\/04\/2016"},"Teams":{"0":["Deportivo Alav\u00e9s"],"1":["Deportivo Alav\u00e9s"],"2":["Deportivo Alav\u00e9s"],"3":["Girona FC"],"4":["Girona FC"],"5":["Girona FC"],"6":["Girona FC"]},"NumberOfMatches":{"0":"2","1":"4","2":"8","3":"2","4":"1","5":"3","6":"6"},"Player":{"0":"Pere Pons","1":"Pere Pons","2":"Pere Pons","3":"Pere Pons","4":"Pere Pons","5":"Pere Pons","6":"Pere Pons"}}