{"Injury":{"0":"Operaci\u00f3n de ingle","1":"Molestias en los aductores","2":"Enfermo","3":"Lesi\u00f3n de muslo","4":"Infecci\u00f3n gripal","5":"Coronavirus","6":"Cirug\u00eda dental","7":"Lesi\u00f3n de hombro","8":"Lesi\u00f3n por latigazo","9":"Conmoci\u00f3n","10":"Enfermo","11":"D\u00e9ficit de entrenamiento","12":"Rotura del ligamento externo de la rodilla","13":"D\u00e9ficit de entrenamiento","14":"Lesi\u00f3n de rodilla","15":"Fractura de clav\u00edcula"},"From":{"0":"18\/01\/2024","1":"12\/12\/2023","2":"05\/05\/2023","3":"11\/03\/2023","4":"26\/05\/2022","5":"10\/03\/2022","6":"04\/10\/2021","7":"05\/12\/2019","8":"03\/10\/2019","9":"14\/03\/2019","10":"29\/11\/2018","11":"18\/01\/2018","12":"11\/12\/2017","13":"16\/11\/2017","14":"23\/10\/2017","15":"22\/23"},"To":{"0":"-","1":"10\/01\/2024","2":"08\/05\/2023","3":"06\/04\/2023","4":"15\/06\/2022","5":"28\/03\/2022","6":"11\/10\/2021","7":"30\/12\/2019","8":"07\/10\/2019","9":"13\/05\/2019","10":"03\/12\/2018","11":"08\/02\/2018","12":"18\/01\/2018","13":"27\/11\/2017","14":"16\/11\/2017","15":"21\/22"},"Teams":{"0":["SC Friburgo"],"1":["SC Friburgo"],"2":["SC Friburgo"],"3":["SC Friburgo","Austria"],"4":["Austria"],"5":["SC Friburgo","Austria"],"6":["Austria"],"7":["SC Friburgo"],"8":["SC Friburgo"],"9":["SC Friburgo","Austria"],"10":["SC Friburgo"],"11":["SC Friburgo"],"12":["SC Friburgo"],"13":["SC Friburgo"],"14":["SC Friburgo","Austria"],"15":["Real Madrid Castilla"]},"NumberOfMatches":{"0":"8","1":"3","2":"1","3":"7","4":"4","5":"3","6":"1","7":"4","8":"1","9":"12","10":"1","11":"3","12":"4","13":"2","14":"6","15":"8"},"Player":{"0":"Philipp Lienhart","1":"Philipp Lienhart","2":"Philipp Lienhart","3":"Philipp Lienhart","4":"Philipp Lienhart","5":"Philipp Lienhart","6":"Philipp Lienhart","7":"Philipp Lienhart","8":"Philipp Lienhart","9":"Philipp Lienhart","10":"Philipp Lienhart","11":"Philipp Lienhart","12":"Philipp Lienhart","13":"Philipp Lienhart","14":"Philipp Lienhart","15":"Philipp Lienhart"}}