{"Injury":{"0":"Lesi\u00f3n de muslo","1":"Lesi\u00f3n de espalda","2":"Enfermo","3":"Lesi\u00f3n en el dedo del pie"},"From":{"0":"28\/02\/2021","1":"22\/03\/2016","2":"09\/04\/2015","3":"20\/11\/2014"},"To":{"0":"07\/04\/2021","1":"08\/04\/2016","2":"16\/05\/2015","3":"04\/01\/2015"},"Teams":{"0":["Fortuna Sittard","Pa\u00edses Bajos U15"],"1":["Vitesse Arnhem","Pa\u00edses Bajos U15"],"2":["Vitesse Arnhem","Pa\u00edses Bajos U15"],"3":["Vitesse Arnhem"]},"NumberOfMatches":{"0":"7","1":"2","2":"8","3":"6"},"Player":{"0":"Piet Velthuizen","1":"Piet Velthuizen","2":"Piet Velthuizen","3":"Piet Velthuizen"}}