{"Injury":{"0":"Lesi\u00f3n desconocida","1":"Lesi\u00f3n desconocida","2":"Rotura del tend\u00f3n de Aquiles","3":"Bloqueo en la espalda","4":"Herida menor","5":"Rotura de fibras","6":"Rotura de fibras","7":"Problemas de muslos","8":"Lesi\u00f3n de muslo","9":"Rotura de fibras","10":"Rotura de fibras","11":"Lesi\u00f3n meniscal"},"From":{"0":"06\/01\/2020","1":"26\/10\/2019","2":"18\/02\/2019","3":"15\/05\/2015","4":"15\/04\/2015","5":"23\/02\/2015","6":"31\/10\/2014","7":"27\/08\/2014","8":"09\/02\/2014","9":"21\/03\/2012","10":"20\/02\/2012","11":"14\/03\/2011"},"To":{"0":"31\/05\/2020","1":"24\/11\/2019","2":"10\/07\/2019","3":"26\/07\/2015","4":"16\/04\/2015","5":"04\/03\/2015","6":"18\/11\/2014","7":"29\/09\/2014","8":"15\/02\/2014","9":"21\/04\/2012","10":"12\/03\/2012","11":"14\/07\/2011"},"Teams":{"0":["Hyderabad FC"],"1":["Hyderabad FC"],"2":[],"3":["SC Paderborn 07"],"4":[],"5":["SC Paderborn 07"],"6":["SC Paderborn 07"],"7":["Getafe CF","SC Paderborn 07"],"8":["Getafe CF"],"9":["Getafe CF"],"10":["Getafe CF"],"11":["Getafe CF"]},"NumberOfMatches":{"0":"7","1":"3","2":"-","3":"3","4":"-","5":"1","6":"2","7":"8","8":"1","9":"5","10":"3","11":"11"},"Player":{"0":"Rafa L\u00f3pez","1":"Rafa L\u00f3pez","2":"Rafa L\u00f3pez","3":"Rafa L\u00f3pez","4":"Rafa L\u00f3pez","5":"Rafa L\u00f3pez","6":"Rafa L\u00f3pez","7":"Rafa L\u00f3pez","8":"Rafa L\u00f3pez","9":"Rafa L\u00f3pez","10":"Rafa L\u00f3pez","11":"Rafa L\u00f3pez"}}