{"Injury":{"0":"Coronavirus","1":"Lesi\u00f3n de rodilla","2":"Molestias en los aductores","3":"Lesi\u00f3n de tobillo","4":"Problemas de rodilla"},"From":{"0":"10\/05\/2021","1":"14\/06\/2020","2":"14\/02\/2020","3":"26\/10\/2019","4":"14\/11\/2017"},"To":{"0":"22\/05\/2021","1":"24\/06\/2020","2":"28\/02\/2020","3":"03\/11\/2019","4":"14\/12\/2017"},"Teams":{"0":["RCD Espanyol"],"1":["RCD Espanyol"],"2":["RCD Espanyol"],"3":["SL Benfica"],"4":["Rayo Vallecano"]},"NumberOfMatches":{"0":"2","1":"2","2":"4","3":"3","4":"4"},"Player":{"0":"Ra\u00fal de Tom\u00e1s","1":"Ra\u00fal de Tom\u00e1s","2":"Ra\u00fal de Tom\u00e1s","3":"Ra\u00fal de Tom\u00e1s","4":"Ra\u00fal de Tom\u00e1s"}}