{"Injury":{"0":"Problemas de espalda","1":"Hematoma acromioclavicular","2":"Coronavirus","3":"Lesi\u00f3n de pantorrilla","4":"Lesi\u00f3n de rodilla","5":"Problemas card\u00edacos","6":"Problemas card\u00edacos","7":"Rotura del ligamento interno de la rodilla","8":"Lesi\u00f3n de codo","9":"Fractura de dedo"},"From":{"0":"04\/11\/2023","1":"27\/02\/2023","2":"30\/12\/2021","3":"23\/12\/2018","4":"26\/11\/2018","5":"07\/05\/2018","6":"13\/07\/2016","7":"09\/01\/2016","8":"19\/03\/2015","9":"31\/08\/2009"},"To":{"0":"09\/11\/2023","1":"28\/02\/2023","2":"05\/01\/2022","3":"01\/02\/2019","4":"03\/12\/2018","5":"07\/07\/2018","6":"05\/08\/2016","7":"19\/02\/2016","8":"13\/04\/2015","9":"01\/10\/2009"},"Teams":{"0":["Athletic Club"],"1":[],"2":["Athletic Club"],"3":["Athletic Club"],"4":["Athletic Club"],"5":["Athletic Club"],"6":[],"7":["Athletic Club"],"8":["Atl\u00e9tico de Madrid"],"9":["Atl\u00e9tico de Madrid","Espa\u00f1a"]},"NumberOfMatches":{"0":"1","1":"-","2":"1","3":"6","4":"2","5":"2","6":"-","7":"10","8":"4","9":"10"},"Player":{"0":"Ra\u00fal Garc\u00eda","1":"Ra\u00fal Garc\u00eda","2":"Ra\u00fal Garc\u00eda","3":"Ra\u00fal Garc\u00eda","4":"Ra\u00fal Garc\u00eda","5":"Ra\u00fal Garc\u00eda","6":"Ra\u00fal Garc\u00eda","7":"Ra\u00fal Garc\u00eda","8":"Ra\u00fal Garc\u00eda","9":"Ra\u00fal Garc\u00eda"}}