{"Injury":{"0":"Lesi\u00f3n muscular","1":"Lesi\u00f3n de muslo","2":"Lesi\u00f3n de muslo","3":"Lesi\u00f3n de muslo","4":"Problemas musculares","5":"Coronavirus","6":"Fractura de mano","7":"Lesi\u00f3n desconocida","8":"Lesi\u00f3n de rodilla","9":"Lesi\u00f3n muscular","10":"Rotura del ligamento cruzado","11":"Problemas musculares","12":"Lesi\u00f3n de muslo","13":"Lesi\u00f3n del aductor","14":"Menisco desgarrado"},"From":{"0":"27\/11\/2022","1":"05\/05\/2022","2":"24\/03\/2022","3":"15\/08\/2021","4":"12\/02\/2021","5":"20\/10\/2020","6":"07\/07\/2018","7":"16\/02\/2018","8":"26\/11\/2017","9":"13\/03\/2017","10":"09\/08\/2016","11":"18\/04\/2016","12":"04\/04\/2014","13":"22\/08\/2010","14":"14\/03\/2010"},"To":{"0":"05\/01\/2023","1":"13\/05\/2022","2":"04\/04\/2022","3":"15\/10\/2021","4":"22\/02\/2021","5":"04\/11\/2020","6":"02\/08\/2018","7":"18\/02\/2018","8":"07\/12\/2017","9":"30\/03\/2017","10":"18\/02\/2017","11":"22\/04\/2016","12":"12\/04\/2014","13":"10\/09\/2010","14":"22\/04\/2010"},"Teams":{"0":["Levante UD"],"1":["Levante UD"],"2":["Levante UD"],"3":["Levante UD"],"4":["Granada CF"],"5":["Granada CF"],"6":[],"7":["Fenerbahce"],"8":["Fenerbahce"],"9":["Villarreal CF"],"10":["Villarreal CF"],"11":["Villarreal CF"],"12":["Tottenham Hotspur"],"13":["Valencia CF","Espa\u00f1a"],"14":["Getafe CF","Espa\u00f1a Sub-17"]},"NumberOfMatches":{"0":"7","1":"2","2":"1","3":"7","4":"3","5":"4","6":"-","7":"1","8":"3","9":"1","10":"35","11":"1","12":"2","13":"5","14":"17"},"Player":{"0":"Roberto Soldado","1":"Roberto Soldado","2":"Roberto Soldado","3":"Roberto Soldado","4":"Roberto Soldado","5":"Roberto Soldado","6":"Roberto Soldado","7":"Roberto Soldado","8":"Roberto Soldado","9":"Roberto Soldado","10":"Roberto Soldado","11":"Roberto Soldado","12":"Roberto Soldado","13":"Roberto Soldado","14":"Roberto Soldado"}}