{"Injury":{"0":"Lesi\u00f3n de tobillo","1":"Lesi\u00f3n de muslo","2":"Descanso","3":"Estiramiento de banda","4":"Descanso","5":"Lesi\u00f3n en la espinilla","6":"Operaci\u00f3n de ingle","7":"Descanso","8":"Problemas del tend\u00f3n rotuliano","9":"Lesi\u00f3n de muslo","10":"Problemas musculares","11":"Lesi\u00f3n de hombro","12":"Problemas de tobillo","13":"Fractura de la mand\u00edbula","14":"Fractura del hueso nasal","15":"Conmoci\u00f3n","16":"Magulladuras en las costillas","17":"Hematoma acromioclavicular","18":"Contusi\u00f3n","19":"Estiramiento del ligamento cruzado"},"From":{"0":"05\/10\/2023","1":"27\/02\/2023","2":"24\/08\/2021","3":"29\/03\/2021","4":"30\/10\/2020","5":"26\/02\/2020","6":"21\/12\/2019","7":"12\/03\/2018","8":"01\/01\/2018","9":"09\/11\/2017","10":"30\/10\/2017","11":"10\/04\/2017","12":"17\/09\/2015","13":"30\/04\/2015","14":"30\/04\/2015","15":"22\/23","16":"19\/20","17":"15\/16","18":"14\/15","19":"14\/15"},"To":{"0":"27\/10\/2023","1":"11\/03\/2023","2":"25\/08\/2021","3":"21\/04\/2021","4":"01\/11\/2020","5":"25\/03\/2020","6":"16\/01\/2020","7":"12\/03\/2018","8":"15\/01\/2018","9":"16\/11\/2017","10":"02\/11\/2017","11":"17\/04\/2017","12":"21\/09\/2015","13":"04\/05\/2015","14":"04\/05\/2015","15":"21\/22","16":"17\/18","17":"14\/15","18":"30\/04\/2015","19":"30\/04\/2015"},"Teams":{"0":["FC Barcelona","Polonia"],"1":["FC Barcelona"],"2":["Bayern M\u00fanich"],"3":["Bayern M\u00fanich","Polonia"],"4":["Bayern M\u00fanich"],"5":["Bayern M\u00fanich"],"6":["Bayern M\u00fanich"],"7":[],"8":["Bayern M\u00fanich"],"9":["Polonia"],"10":["Bayern M\u00fanich"],"11":["Bayern M\u00fanich"],"12":["Bayern M\u00fanich"],"13":["Bayern M\u00fanich"],"14":["Bayern M\u00fanich"],"15":["Bayern M\u00fanich"],"16":["Bayern M\u00fanich"],"17":["Bayern M\u00fanich"],"18":["Bayern M\u00fanich"],"19":["Borussia Dortmund","Polonia"]},"NumberOfMatches":{"0":"5","1":"2","2":"1","3":"7","4":"1","5":"3","6":"1","7":"-","8":"1","9":"2","10":"1","11":"2","12":"1","13":"1","14":"1","15":"1","16":"1","17":"1","18":"1","19":"3"},"Player":{"0":"Robert Lewandowski","1":"Robert Lewandowski","2":"Robert Lewandowski","3":"Robert Lewandowski","4":"Robert Lewandowski","5":"Robert Lewandowski","6":"Robert Lewandowski","7":"Robert Lewandowski","8":"Robert Lewandowski","9":"Robert Lewandowski","10":"Robert Lewandowski","11":"Robert Lewandowski","12":"Robert Lewandowski","13":"Robert Lewandowski","14":"Robert Lewandowski","15":"Robert Lewandowski","16":"Robert Lewandowski","17":"Robert Lewandowski","18":"Robert Lewandowski","19":"Robert Lewandowski"}}