{"Injury":{"0":"Lesi\u00f3n de ligamentos","1":"Lesi\u00f3n de pie","2":"Problemas de muslos","3":"Magulladura de rodilla","4":"Lesi\u00f3n de rodilla","5":"Lesi\u00f3n de rodilla"},"From":{"0":"08\/04\/2023","1":"09\/01\/2023","2":"08\/02\/2020","3":"04\/11\/2019","4":"30\/12\/2017","5":"20\/08\/2017"},"To":{"0":"09\/06\/2023","1":"13\/01\/2023","2":"27\/02\/2020","3":"16\/12\/2019","4":"26\/01\/2018","5":"16\/09\/2017"},"Teams":{"0":["Bolonia"],"1":["Bolonia"],"2":["Bolonia"],"3":["Bolonia","Italia"],"4":["Villarreal CF"],"5":["Villarreal CF","Italia"]},"NumberOfMatches":{"0":"11","1":"1","2":"2","3":"8","4":"5","5":"6"},"Player":{"0":"Roberto Soriano","1":"Roberto Soriano","2":"Roberto Soriano","3":"Roberto Soriano","4":"Roberto Soriano","5":"Roberto Soriano"}}