{"Injury":{"0":"Problemas de espalda","1":"Rotura de fibras","2":"Rotura de fibras","3":"Problemas de rodilla"},"From":{"0":"29\/04\/2011","1":"26\/02\/2009","2":"25\/01\/2009","3":"23\/11\/2008"},"To":{"0":"18\/05\/2011","1":"27\/03\/2009","2":"20\/02\/2009","3":"16\/12\/2008"},"Teams":{"0":["Elche CF"],"1":["RC Deportivo de La Coru\u00f1a"],"2":["RC Deportivo de La Coru\u00f1a"],"3":["RC Deportivo de La Coru\u00f1a"]},"NumberOfMatches":{"0":"4","1":"5","2":"5","3":"6"},"Player":{"0":"Rodolfo Bodipo","1":"Rodolfo Bodipo","2":"Rodolfo Bodipo","3":"Rodolfo Bodipo"}}