{"Injury":{"0":"Fractura de mano","1":"Lesi\u00f3n de rodilla","2":"Lesi\u00f3n en el dedo de la mano","3":"Lesi\u00f3n de pantorrilla","4":"Lesi\u00f3n de codo","5":"Fractura de mu\u00f1eca"},"From":{"0":"04\/01\/2021","1":"11\/11\/2019","2":"12\/09\/2017","3":"14\/04\/2017","4":"17\/12\/2014","5":"01\/01\/2011"},"To":{"0":"04\/06\/2021","1":"07\/02\/2020","2":"14\/11\/2017","3":"19\/04\/2017","4":"01\/04\/2015","5":"10\/02\/2011"},"Teams":{"0":["CA Osasuna"],"1":["CA Osasuna"],"2":["RC Deportivo de La Coru\u00f1a"],"3":["RSC Anderlecht"],"4":["UD Almer\u00eda"],"5":["M\u00e1laga CF"]},"NumberOfMatches":{"0":"25","1":"13","2":"9","3":"1","4":"15","5":"7"},"Player":{"0":"Rub\u00e9n Mart\u00ednez","1":"Rub\u00e9n Mart\u00ednez","2":"Rub\u00e9n Mart\u00ednez","3":"Rub\u00e9n Mart\u00ednez","4":"Rub\u00e9n Mart\u00ednez","5":"Rub\u00e9n Mart\u00ednez"}}