{"Injury":{"0":"Cirug\u00eda de nariz","1":"D\u00e9ficit de entrenamiento","2":"Rotura del ligamento cruzado","3":"Lesi\u00f3n de pantorrilla","4":"Lesi\u00f3n inguinal","5":"Golpe","6":"Lesi\u00f3n de pie","7":"Herida menor","8":"Herida menor","9":"Herida menor","10":"Traumatismo","11":"Rotura del ligamento cruzado","12":"Rotura del ligamento cruzado"},"From":{"0":"07\/02\/2022","1":"16\/03\/2021","2":"21\/07\/2020","3":"20\/12\/2018","4":"28\/09\/2018","5":"26\/08\/2017","6":"29\/02\/2016","7":"28\/01\/2016","8":"29\/10\/2015","9":"15\/10\/2015","10":"13\/08\/2015","11":"16\/09\/2013","12":"04\/02\/2013"},"To":{"0":"15\/03\/2022","1":"08\/04\/2021","2":"15\/03\/2021","3":"20\/01\/2019","4":"23\/10\/2018","5":"19\/09\/2017","6":"14\/09\/2016","7":"01\/02\/2016","8":"03\/12\/2015","9":"19\/10\/2015","10":"31\/08\/2015","11":"20\/03\/2014","12":"15\/08\/2013"},"Teams":{"0":["GD Estoril Praia"],"1":["SC Braga","Portugal"],"2":["SC Braga","Portugal"],"3":["LOSC Lille"],"4":["LOSC Lille","Portugal"],"5":["Fulham FC","Portugal"],"6":["SC Braga","Portugal"],"7":["SC Braga"],"8":["SC Braga","Portugal"],"9":["SC Braga"],"10":["SC Braga","Portugal U17"],"11":["SL Benfica B","Portugal"],"12":["SL Benfica B","Portugal"]},"NumberOfMatches":{"0":"5","1":"5","2":"49","3":"4","4":"5","5":"6","6":"36","7":"1","8":"15","9":"1","10":"6","11":"66","12":"76"},"Player":{"0":"Rui Fonte","1":"Rui Fonte","2":"Rui Fonte","3":"Rui Fonte","4":"Rui Fonte","5":"Rui Fonte","6":"Rui Fonte","7":"Rui Fonte","8":"Rui Fonte","9":"Rui Fonte","10":"Rui Fonte","11":"Rui Fonte","12":"Rui Fonte"}}