{"Injury":{"0":"Lesi\u00f3n del m\u00fasculo flexor de la pierna","1":"Lesi\u00f3n muscular","2":"Lesi\u00f3n de muslo","3":"Lesi\u00f3n inguinal","4":"Dolor de dientes","5":"Enfermo"},"From":{"0":"16\/10\/2023","1":"25\/03\/2022","2":"07\/05\/2021","3":"16\/01\/2021","4":"17\/05\/2019","5":"20\/02\/2019"},"To":{"0":"06\/11\/2023","1":"06\/04\/2023","2":"15\/10\/2021","3":"16\/02\/2021","4":"19\/05\/2019","5":"22\/02\/2020"},"Teams":{"0":["AC Milan"],"1":["Villarreal CF","Nigeria"],"2":["Villarreal CF","Nigeria"],"3":["Villarreal CF"],"4":["Villarreal CF"],"5":["Villarreal CF","Nigeria"]},"NumberOfMatches":{"0":"4","1":"64","2":"22","3":"8","4":"1","5":"63"},"Player":{"0":"Samuel Chukwueze","1":"Samuel Chukwueze","2":"Samuel Chukwueze","3":"Samuel Chukwueze","4":"Samuel Chukwueze","5":"Samuel Chukwueze"}}