{"Injury":{"0":"Rotura del ligamento cruzado","1":"Rotura del ligamento cruzado","2":"Rotura del ligamento cruzado","3":"Lesi\u00f3n de tobillo"},"From":{"0":"24\/10\/2019","1":"11\/07\/2013","2":"05\/11\/2012","3":"06\/12\/2011"},"To":{"0":"24\/04\/2020","1":"01\/01\/2014","2":"01\/05\/2013","3":"06\/01\/2012"},"Teams":{"0":["H\u00e9rcules CF"],"1":["RC Celta de Vigo"],"2":["RC Celta de Vigo"],"3":["H\u00e9rcules CF"]},"NumberOfMatches":{"0":"20","1":"19","2":"26","3":"2"},"Player":{"0":"Samuel Llorca","1":"Samuel Llorca","2":"Samuel Llorca","3":"Samuel Llorca"}}