{"Injury":{"0":"Lesi\u00f3n de muslo","1":"D\u00e9ficit de entrenamiento","2":"Esguince de tobillo","3":"Cirug\u00eda del tobillo","4":"Irritaci\u00f3n del tend\u00f3n de Aquiles","5":"Lesi\u00f3n de rodilla","6":"Lesi\u00f3n de tobillo","7":"Lesi\u00f3n del aductor","8":"Fractura de peron\u00e9"},"From":{"0":"08\/11\/2023","1":"16\/08\/2023","2":"28\/11\/2019","3":"20\/10\/2016","4":"07\/03\/2016","5":"30\/11\/2015","6":"12\/09\/2013","7":"28\/01\/2010","8":"06\/04\/2009"},"To":{"0":"08\/01\/2024","1":"19\/09\/2023","2":"17\/12\/2019","3":"30\/06\/2018","4":"21\/04\/2016","5":"07\/03\/2016","6":"17\/10\/2013","7":"01\/03\/2010","8":"28\/05\/2009"},"Teams":{"0":["Real Oviedo"],"1":["Real Oviedo"],"2":["Villarreal CF"],"3":["Arsenal FC","Espa\u00f1a"],"4":["Arsenal FC","Espa\u00f1a"],"5":["Arsenal FC"],"6":["Arsenal FC","Espa\u00f1a"],"7":["Villarreal CF"],"8":["Villarreal CF"]},"NumberOfMatches":{"0":"8","1":"5","2":"3","3":"123","4":"10","5":"20","6":"11","7":"7","8":"10"},"Player":{"0":"Santi Cazorla","1":"Santi Cazorla","2":"Santi Cazorla","3":"Santi Cazorla","4":"Santi Cazorla","5":"Santi Cazorla","6":"Santi Cazorla","7":"Santi Cazorla","8":"Santi Cazorla"}}