{"Injury":{"0":"Lesi\u00f3n de muslo","1":"Lesi\u00f3n del aductor","2":"Lesi\u00f3n de rodilla","3":"Lesi\u00f3n muscular","4":"Problemas musculares","5":"Lesi\u00f3n de tobillo"},"From":{"0":"24\/05\/2023","1":"16\/04\/2022","2":"22\/07\/2021","3":"23\/04\/2018","4":"01\/04\/2018","5":"21\/11\/2017"},"To":{"0":"21\/08\/2023","1":"26\/04\/2022","2":"06\/09\/2021","3":"23\/05\/2018","4":"11\/04\/2018","5":"14\/12\/2017"},"Teams":{"0":["Girona FC","Uruguay"],"1":["Girona FC"],"2":["Girona FC","Uruguay"],"3":["CF Peralada"],"4":["CF Peralada"],"5":["FC Barcelona B"]},"NumberOfMatches":{"0":"6","1":"2","2":"6","3":"3","4":"1","5":"3"},"Player":{"0":"Santiago Bueno","1":"Santiago Bueno","2":"Santiago Bueno","3":"Santiago Bueno","4":"Santiago Bueno","5":"Santiago Bueno"}}