{"Injury":{"0":"Problemas card\u00edacos","1":"Lesi\u00f3n de pantorrilla","2":"Coronavirus","3":"Golpe","4":"Lesi\u00f3n de rodilla","5":"Lesi\u00f3n de muslo","6":"Lesi\u00f3n de rodilla","7":"Distensi\u00f3n de muslo","8":"Lesi\u00f3n muscular","9":"Problemas de muslos","10":"Enfermo","11":"Lesi\u00f3n inguinal","12":"Lesi\u00f3n de tobillo","13":"Lesi\u00f3n de rodilla","14":"Lesi\u00f3n de rodilla","15":"Costilla fracturada","16":"Problemas musculares","17":"Traumatismo","18":"Lesi\u00f3n de muslo","19":"Lesi\u00f3n de ligamentos","20":"Problemas de muslos","21":"Problemas de rodilla","22":"Lesi\u00f3n de muslo","23":"Lesi\u00f3n de pantorrilla","24":"Lesi\u00f3n de rodilla","25":"Lesi\u00f3n de muslo","26":"Lesi\u00f3n de rodilla"},"From":{"0":"31\/10\/2021","1":"07\/08\/2021","2":"07\/01\/2021","3":"17\/12\/2020","4":"26\/11\/2020","5":"25\/10\/2020","6":"23\/06\/2020","7":"09\/03\/2020","8":"24\/11\/2019","9":"31\/03\/2019","10":"04\/01\/2019","11":"30\/11\/2018","12":"16\/09\/2018","13":"13\/04\/2018","14":"11\/03\/2018","15":"20\/21","16":"17\/18","17":"14\/15","18":"17\/18","19":"16\/17","20":"15\/16","21":"15\/16","22":"14\/15","23":"13\/14","24":"13\/14","25":"13\/14","26":"13\/14"},"To":{"0":"15\/12\/2021","1":"16\/10\/2021","2":"12\/02\/2021","3":"18\/12\/2020","4":"08\/12\/2020","5":"20\/11\/2020","6":"16\/10\/2020","7":"31\/03\/2020","8":"20\/12\/2019","9":"08\/04\/2019","10":"13\/01\/2019","11":"15\/12\/2018","12":"18\/09\/2018","13":"27\/05\/2018","14":"05\/04\/2018","15":"19\/20","16":"16\/17","17":"13\/14","18":"28\/09\/2017","19":"29\/08\/2016","20":"30\/11\/2015","21":"12\/10\/2015","22":"08\/12\/2014","23":"26\/06\/2014","24":"13\/03\/2014","25":"30\/01\/2014","26":"16\/12\/2013"},"Teams":{"0":[],"1":["FC Barcelona"],"2":["Manchester City"],"3":[],"4":["Manchester City"],"5":["Manchester City","Argentina"],"6":["Manchester City","Argentina"],"7":[],"8":["Manchester City"],"9":["Manchester City"],"10":["Manchester City"],"11":["Manchester City"],"12":[],"13":["Manchester City"],"14":["Manchester City","Argentina"],"15":["Manchester City","Argentina"],"16":["Manchester City","Argentina"],"17":["Manchester City"],"18":["Manchester City","Argentina"],"19":["Manchester City"],"20":["Argentina"],"21":["Manchester City"],"22":["Manchester City"],"23":["Manchester City"],"24":["Manchester City","Argentina"],"25":["Manchester City"],"26":["Manchester City","Argentina"]},"NumberOfMatches":{"0":"-","1":"9","2":"10","3":"-","4":"3","5":"6","6":"19","7":"-","8":"7","9":"2","10":"2","11":"5","12":"-","13":"6","14":"5","15":"4","16":"3","17":"4","18":"10","19":"7","20":"2","21":"3","22":"5","23":"8","24":"5","25":"3","26":"5"},"Player":{"0":"Sergio Ag\u00fcero","1":"Sergio Ag\u00fcero","2":"Sergio Ag\u00fcero","3":"Sergio Ag\u00fcero","4":"Sergio Ag\u00fcero","5":"Sergio Ag\u00fcero","6":"Sergio Ag\u00fcero","7":"Sergio Ag\u00fcero","8":"Sergio Ag\u00fcero","9":"Sergio Ag\u00fcero","10":"Sergio Ag\u00fcero","11":"Sergio Ag\u00fcero","12":"Sergio Ag\u00fcero","13":"Sergio Ag\u00fcero","14":"Sergio Ag\u00fcero","15":"Sergio Ag\u00fcero","16":"Sergio Ag\u00fcero","17":"Sergio Ag\u00fcero","18":"Sergio Ag\u00fcero","19":"Sergio Ag\u00fcero","20":"Sergio Ag\u00fcero","21":"Sergio Ag\u00fcero","22":"Sergio Ag\u00fcero","23":"Sergio Ag\u00fcero","24":"Sergio Ag\u00fcero","25":"Sergio Ag\u00fcero","26":"Sergio Ag\u00fcero"}}