{"Injury":{"0":"Lesi\u00f3n de tobillo","1":"Lesi\u00f3n de tobillo","2":"Lesi\u00f3n muscular","3":"Lesi\u00f3n muscular","4":"Resfriado"},"From":{"0":"10\/12\/2018","1":"10\/12\/2018","2":"02\/11\/2018","3":"05\/10\/2018","4":"15\/09\/2018"},"To":{"0":"30\/05\/2019","1":"20\/05\/2019","2":"20\/11\/2019","3":"25\/10\/2018","4":"25\/09\/2018"},"Teams":{"0":[],"1":[],"2":[],"3":[],"4":[]},"NumberOfMatches":{"0":"-","1":"-","2":"?","3":"-","4":"-"},"Player":{"0":"Sergio Rodr\u00edguez","1":"Sergio Rodr\u00edguez","2":"Sergio Rodr\u00edguez","3":"Sergio Rodr\u00edguez","4":"Sergio Rodr\u00edguez"}}