{"Injury":{"0":"Rotura de fibras","1":"Problemas musculares","2":"Lesi\u00f3n de tobillo","3":"M\u00fasculo desgarrado"},"From":{"0":"25\/08\/2012","1":"11\/09\/2011","2":"25\/02\/2008","3":"01\/11\/2007"},"To":{"0":"15\/09\/2012","1":"11\/10\/2011","2":"25\/03\/2008","3":"30\/11\/2007"},"Teams":{"0":["Real Sporting de Gij\u00f3n","Espa\u00f1a Sub-21"],"1":["CA Osasuna","Espa\u00f1a Sub-21"],"2":["Real Zaragoza","Espa\u00f1a Sub-21"],"3":["Real Zaragoza","Espa\u00f1a Sub-21"]},"NumberOfMatches":{"0":"7","1":"6","2":"5","3":"5"},"Player":{"0":"Sergio Fern\u00e1ndez","1":"Sergio Fern\u00e1ndez","2":"Sergio Fern\u00e1ndez","3":"Sergio Fern\u00e1ndez"}}