{"Injury":{"0":"Lesi\u00f3n de rodilla","1":"Lesi\u00f3n de rodilla","2":"Pubis","3":"Lesi\u00f3n de tobillo","4":"Rotura de fibras"},"From":{"0":"09\/04\/2017","1":"09\/02\/2014","2":"02\/06\/2012","3":"25\/01\/2011","4":"10\/01\/2009"},"To":{"0":"18\/05\/2017","1":"16\/02\/2014","2":"10\/08\/2012","3":"15\/02\/2011","4":"24\/02\/2009"},"Teams":{"0":["Elche CF","Espa\u00f1a Sub-17"],"1":["Elche CF"],"2":["Elche CF"],"3":["Elche CF","Espa\u00f1a Sub-18"],"4":["UD Salamanca"]},"NumberOfMatches":{"0":"11","1":"2","2":"1","3":"4","4":"7"},"Player":{"0":"Sergio Pelegr\u00edn","1":"Sergio Pelegr\u00edn","2":"Sergio Pelegr\u00edn","3":"Sergio Pelegr\u00edn","4":"Sergio Pelegr\u00edn"}}