{"Injury":{"0":"Problemas de rodilla","1":"Coronavirus","2":"Lesi\u00f3n muscular","3":"Lesi\u00f3n inguinal","4":"Rotura del ligamento cruzado","5":"Rotura del tend\u00f3n de Aquiles"},"From":{"0":"28\/10\/2022","1":"04\/01\/2022","2":"28\/10\/2021","3":"25\/11\/2019","4":"21\/05\/2018","5":"13\/07\/2017"},"To":{"0":"07\/11\/2022","1":"08\/01\/2022","2":"06\/11\/2021","3":"12\/12\/2019","4":"21\/12\/2018","5":"13\/08\/2017"},"Teams":{"0":["CA Osasuna"],"1":["CA Osasuna"],"2":["CA Osasuna"],"3":["CA Osasuna"],"4":["CA Osasuna"],"5":[]},"NumberOfMatches":{"0":"2","1":"1","2":"1","3":"2","4":"21","5":"-"},"Player":{"0":"Sergio Herrera","1":"Sergio Herrera","2":"Sergio Herrera","3":"Sergio Herrera","4":"Sergio Herrera","5":"Sergio Herrera"}}