{"Injury":{"0":"Lesi\u00f3n del ligamento cruzado","1":"Lesi\u00f3n de pantorrilla","2":"Esguince de tobillo","3":"Problemas de rodilla","4":"Lesi\u00f3n de tobillo","5":"Rotura de fibras","6":"Problemas musculares","7":"Astillado de hueso"},"From":{"0":"16\/03\/2022","1":"01\/11\/2018","2":"22\/08\/2018","3":"23\/07\/2018","4":"07\/01\/2018","5":"02\/09\/2017","6":"12\/09\/2016","7":"14\/04\/2016"},"To":{"0":"02\/04\/2023","1":"19\/01\/2019","2":"22\/09\/2018","3":"21\/08\/2018","4":"12\/07\/2018","5":"24\/10\/2017","6":"19\/09\/2016","7":"16\/06\/2016"},"Teams":{"0":["Vissel Kobe"],"1":["FC Barcelona"],"2":["FC Barcelona"],"3":["FC Barcelona"],"4":["UD Las Palmas","FC Barcelona"],"5":["UD Las Palmas"],"6":["Granada CF"],"7":["FC Barcelona B"]},"NumberOfMatches":{"0":"50","1":"15","2":"4","3":"2","4":"41","5":"7","6":"1","7":"5"},"Player":{"0":"Sergi Samper","1":"Sergi Samper","2":"Sergi Samper","3":"Sergi Samper","4":"Sergi Samper","5":"Sergi Samper","6":"Sergi Samper","7":"Sergi Samper"}}