{"Injury":{"0":"Lesi\u00f3n de muslo","1":"Lesi\u00f3n de tobillo","2":"Coronavirus","3":"Lesi\u00f3n desconocida","4":"Traumatismo","5":"Problemas musculares","6":"Lesi\u00f3n desconocida","7":"Problemas del tend\u00f3n de Aquiles"},"From":{"0":"16\/05\/2022","1":"20\/04\/2022","2":"21\/03\/2022","3":"22\/08\/2021","4":"04\/08\/2021","5":"07\/10\/2020","6":"04\/11\/2018","7":"07\/08\/2016"},"To":{"0":"20\/05\/2022","1":"10\/05\/2022","2":"29\/03\/2022","3":"30\/08\/2021","4":"05\/08\/2021","5":"05\/11\/2020","6":"04\/12\/2018","7":"08\/09\/2016"},"Teams":{"0":["Jeonbuk Hyundai Motors"],"1":["Jeonbuk Hyundai Motors"],"2":["Corea del Sur"],"3":["Jeonbuk Hyundai Motors"],"4":["Jeonbuk Hyundai Motors"],"5":["SV Darmstadt 98"],"6":["CF Peralada","Corea del Sur"],"7":["FC Barcelona B","Corea del Sur"]},"NumberOfMatches":{"0":"1","1":"6","2":"2","3":"2","4":"1","5":"3","6":"6","7":"7"},"Player":{"0":"Seung-ho Paik","1":"Seung-ho Paik","2":"Seung-ho Paik","3":"Seung-ho Paik","4":"Seung-ho Paik","5":"Seung-ho Paik","6":"Seung-ho Paik","7":"Seung-ho Paik"}}