{"Injury":{"0":"F\u00e9mur desgarrado","1":"Lesi\u00f3n de muslo","2":"Lesi\u00f3n desconocida","3":"Rotura del ligamento cruzado","4":"Operaci\u00f3n de rodilla","5":"Lesi\u00f3n de hombro","6":"Fisura fina en el peron\u00e9","7":"Enfermedad viral"},"From":{"0":"21\/04\/2019","1":"22\/10\/2018","2":"25\/11\/2015","3":"19\/10\/2013","4":"01\/12\/2012","5":"01\/06\/2012","6":"05\/10\/2009","7":"13\/02\/2009"},"To":{"0":"16\/11\/2019","1":"21\/01\/2019","2":"30\/01\/2015","3":"31\/05\/2014","4":"01\/06\/2013","5":"03\/06\/2012","6":"22\/03\/2010","7":"03\/04\/2009"},"Teams":{"0":["Tokushima Vortis","Espa\u00f1a Sub-17"],"1":["Tokushima Vortis","Espa\u00f1a Sub-17"],"2":[],"3":["CA Osasuna","Espa\u00f1a Sub-21"],"4":["CA Osasuna","Espa\u00f1a Sub-21"],"5":["Real Valladolid CF"],"6":["Real Valladolid CF","Espa\u00f1a Sub-21"],"7":["Recreativo de Huelva","Espa\u00f1a Sub-21"]},"NumberOfMatches":{"0":"58","1":"9","2":"?","3":"47","4":"35","5":"1","6":"51","7":"11"},"Player":{"0":"Sisi Gonz\u00e1lez","1":"Sisi Gonz\u00e1lez","2":"Sisi Gonz\u00e1lez","3":"Sisi Gonz\u00e1lez","4":"Sisi Gonz\u00e1lez","5":"Sisi Gonz\u00e1lez","6":"Sisi Gonz\u00e1lez","7":"Sisi Gonz\u00e1lez"}}