{"Injury":{"0":"Cirug\u00eda del tobillo","1":"Lesi\u00f3n de pie","2":"Irritaci\u00f3n del tend\u00f3n de Aquiles","3":"Desgarro muscular"},"From":{"0":"26\/02\/2018","1":"25\/02\/2016","2":"10\/08\/2015","3":"22\/01\/2015"},"To":{"0":"04\/06\/2018","1":"04\/04\/2016","2":"17\/08\/2015","3":"23\/02\/2015"},"Teams":{"0":["KAA Gante","Serbia"],"1":["KAA Gante","Serbia"],"2":[],"3":["SC Friburgo"]},"NumberOfMatches":{"0":"15","1":"7","2":"-","3":"5"},"Player":{"0":"Stefan Mitrovic","1":"Stefan Mitrovic","2":"Stefan Mitrovic","3":"Stefan Mitrovic"}}