{"Injury":{"0":"Rotura del tend\u00f3n de Aquiles","1":"Cirug\u00eda del tobillo","2":"Problemas de rodilla","3":"Problemas estomacales","4":"Lesi\u00f3n de hombro","5":"Lesi\u00f3n de hombro"},"From":{"0":"12\/05\/2019","1":"23\/01\/2016","2":"09\/02\/2013","3":"10\/12\/2012","4":"08\/09\/2010","5":"04\/01\/2010"},"To":{"0":"31\/12\/2019","1":"27\/05\/2016","2":"17\/02\/2013","3":"13\/12\/2012","4":"01\/01\/2011","5":"28\/02\/2010"},"Teams":{"0":["FC Copenhague"],"1":["FC Copenhague"],"2":["\u00c9vian Thonon Gaillard FC"],"3":["\u00c9vian Thonon Gaillard FC"],"4":["Br\u00f8ndby IF","Dinamarca U21"],"5":[]},"NumberOfMatches":{"0":"37","1":"19","2":"2","3":"1","4":"15","5":"-"},"Player":{"0":"Stephan Andersen","1":"Stephan Andersen","2":"Stephan Andersen","3":"Stephan Andersen","4":"Stephan Andersen","5":"Stephan Andersen"}}