{"Injury":{"0":"Lesi\u00f3n de muslo","1":"Problemas de rodilla","2":"Lesi\u00f3n desconocida","3":"Lesi\u00f3n del brazo","4":"Lesi\u00f3n de muslo","5":"Lesi\u00f3n del aductor","6":"Lesi\u00f3n de rodilla"},"From":{"0":"09\/12\/2020","1":"30\/09\/2020","2":"31\/08\/2020","3":"08\/02\/2020","4":"16\/11\/2019","5":"30\/08\/2019","6":"03\/03\/2019"},"To":{"0":"13\/12\/2020","1":"03\/10\/2020","2":"08\/09\/2020","3":"01\/03\/2020","4":"16\/01\/2020","5":"23\/09\/2019","6":"13\/05\/2019"},"Teams":{"0":["Trabzonspor"],"1":["Trabzonspor"],"2":[],"3":["Real Valladolid CF"],"4":["Real Valladolid CF"],"5":["Real Valladolid CF"],"6":["Real Valladolid CF"]},"NumberOfMatches":{"0":"1","1":"1","2":"-","3":"4","4":"8","5":"3","6":"11"},"Player":{"0":"Stiven Plaza","1":"Stiven Plaza","2":"Stiven Plaza","3":"Stiven Plaza","4":"Stiven Plaza","5":"Stiven Plaza","6":"Stiven Plaza"}}