{"Injury":{"0":"Lesi\u00f3n del aductor","1":"Lesi\u00f3n de tobillo","2":"Enfermo","3":"Lesi\u00f3n de muslo"},"From":{"0":"10\/01\/2024","1":"10\/05\/2023","2":"28\/06\/2022","3":"13\/08\/2018"},"To":{"0":"24\/01\/2024","1":"16\/05\/2023","2":"01\/07\/2022","3":"31\/08\/2018"},"Teams":{"0":["SS Lazio"],"1":["Girona FC"],"2":["New York City FC"],"3":["New York City FC"]},"NumberOfMatches":{"0":"3","1":"1","2":"1","3":"2"},"Player":{"0":"Taty Castellanos","1":"Taty Castellanos","2":"Taty Castellanos","3":"Taty Castellanos"}}