{"Injury":{"0":"Lesi\u00f3n desconocida","1":"Problemas de pantorrillas","2":"Lesi\u00f3n de muslo","3":"Problemas de muslos","4":"Lesi\u00f3n muscular","5":"Rotura de fibras","6":"Lesi\u00f3n de muslo","7":"Lesi\u00f3n de muslo","8":"Lesi\u00f3n de tobillo","9":"Lesi\u00f3n muscular","10":"Problemas de cadera","11":"Problemas musculares","12":"Problemas de rodilla","13":"Lesi\u00f3n de mano","14":"Problemas de pantorrillas","15":"Pubalgia","16":"Tir\u00f3n muscular","17":"Lesi\u00f3n de pantorrilla","18":"Problemas de muslos","19":"D\u00e9ficit de entrenamiento","20":"Distensi\u00f3n de muslo","21":"Distensi\u00f3n de muslo","22":"Lesi\u00f3n de rodilla","23":"Problemas de rodilla","24":"Fractura por fatiga","25":"Lesi\u00f3n de tobillo","26":"Lesi\u00f3n de tobillo","27":"Resfriado","28":"Sobrecarga","29":"Cirug\u00eda del tend\u00f3n de Aquiles","30":"Problemas del tend\u00f3n de Aquiles","31":"Problemas de pantorrillas","32":"Problemas inguinales","33":"Lesi\u00f3n del ligamento cruzado","34":"Lesi\u00f3n desconocida"},"From":{"0":"20\/08\/2020","1":"21\/06\/2020","2":"20\/02\/2020","3":"05\/04\/2019","4":"17\/02\/2019","5":"17\/12\/2018","6":"13\/10\/2018","7":"14\/05\/2018","8":"16\/03\/2018","9":"22\/01\/2018","10":"26\/10\/2017","11":"28\/09\/2017","12":"07\/08\/2017","13":"06\/02\/2017","14":"02\/01\/2017","15":"19\/20","16":"16\/17","17":"13\/14","18":"10\/11","19":"06\/07","20":"21\/11\/2016","21":"09\/06\/2016","22":"09\/05\/2016","23":"19\/10\/2015","24":"01\/05\/2015","25":"02\/04\/2015","26":"29\/09\/2014","27":"15\/05\/2014","28":"27\/02\/2014","29":"12\/09\/2013","30":"14\/02\/2013","31":"28\/01\/2013","32":"27\/09\/2012","33":"19\/01\/2012","34":"24\/10\/2011"},"To":{"0":"30\/08\/2020","1":"23\/07\/2020","2":"16\/03\/2020","3":"19\/04\/2019","4":"17\/03\/2019","5":"19\/01\/2019","6":"04\/12\/2018","7":"21\/06\/2018","8":"21\/03\/2018","9":"18\/02\/2018","10":"30\/10\/2017","11":"02\/10\/2017","12":"24\/08\/2017","13":"09\/02\/2017","14":"12\/01\/2017","15":"18\/19","16":"15\/16","17":"12\/13","18":"09\/10","19":"16\/17","20":"15\/16","21":"15\/16","22":"15\/16","23":"14\/15","24":"14\/15","25":"14\/15","26":"13\/14","27":"13\/14","28":"13\/14","29":"12\/13","30":"12\/13","31":"12\/13","32":"11\/12","33":"11\/12","34":"20\/21"},"Teams":{"0":["Vissel Kobe"],"1":["Vissel Kobe"],"2":["Vissel Kobe"],"3":["FC Barcelona"],"4":["FC Barcelona"],"5":["FC Barcelona"],"6":["FC Barcelona","B\u00e9lgica"],"7":["FC Barcelona","B\u00e9lgica"],"8":["FC Barcelona"],"9":["FC Barcelona"],"10":["FC Barcelona"],"11":["FC Barcelona"],"12":["FC Barcelona"],"13":["AS Roma"],"14":["AS Roma"],"15":["AS Roma","B\u00e9lgica"],"16":["B\u00e9lgica"],"17":["FC Barcelona"],"18":["FC Barcelona","B\u00e9lgica"],"19":["FC Barcelona"],"20":["FC Barcelona","B\u00e9lgica"],"21":["Arsenal FC","FC Barcelona","B\u00e9lgica"],"22":[],"23":["Arsenal FC"],"24":["Arsenal FC","B\u00e9lgica"],"25":["Arsenal FC","B\u00e9lgica"],"26":["Arsenal FC"],"27":["Arsenal FC"],"28":["Arsenal FC"],"29":["Arsenal FC","B\u00e9lgica"],"30":["Arsenal FC","B\u00e9lgica"],"31":["Arsenal FC"],"32":["Ajax de \u00c1msterdam"],"33":["Ajax de \u00c1msterdam","B\u00e9lgica"],"34":["Ajax de \u00c1msterdam","B\u00e9lgica"]},"NumberOfMatches":{"0":"3","1":"5","2":"1","3":"4","4":"7","5":"5","6":"13","7":"5","8":"1","9":"7","10":"1","11":"1","12":"3","13":"1","14":"1","15":"19","16":"1","17":"6","18":"9","19":"8","20":"41","21":"19","22":"-","23":"10","24":"7","25":"3","26":"1","27":"2","28":"3","29":"13","30":"57","31":"4","32":"5","33":"19","34":"11"},"Player":{"0":"Thomas Vermaelen","1":"Thomas Vermaelen","2":"Thomas Vermaelen","3":"Thomas Vermaelen","4":"Thomas Vermaelen","5":"Thomas Vermaelen","6":"Thomas Vermaelen","7":"Thomas Vermaelen","8":"Thomas Vermaelen","9":"Thomas Vermaelen","10":"Thomas Vermaelen","11":"Thomas Vermaelen","12":"Thomas Vermaelen","13":"Thomas Vermaelen","14":"Thomas Vermaelen","15":"Thomas Vermaelen","16":"Thomas Vermaelen","17":"Thomas Vermaelen","18":"Thomas Vermaelen","19":"Thomas Vermaelen","20":"Thomas Vermaelen","21":"Thomas Vermaelen","22":"Thomas Vermaelen","23":"Thomas Vermaelen","24":"Thomas Vermaelen","25":"Thomas Vermaelen","26":"Thomas Vermaelen","27":"Thomas Vermaelen","28":"Thomas Vermaelen","29":"Thomas Vermaelen","30":"Thomas Vermaelen","31":"Thomas Vermaelen","32":"Thomas Vermaelen","33":"Thomas Vermaelen","34":"Thomas Vermaelen"}}