{"Injury":{"0":"Magulladura de rodilla","1":"Lesi\u00f3n de muslo","2":"D\u00e9ficit de entrenamiento","3":"Fractura de tibia","4":"Magulladuras en las costillas","5":"Fractura de mu\u00f1eca","6":"Problemas de muslos"},"From":{"0":"13\/12\/2016","1":"14\/09\/2016","2":"04\/04\/2016","3":"30\/11\/2015","4":"19\/01\/2015","5":"10\/02\/2014","6":"20\/10\/2008"},"To":{"0":"14\/04\/2017","1":"29\/09\/2016","2":"12\/05\/2016","3":"04\/04\/2016","4":"22\/01\/2015","5":"20\/02\/2014","6":"23\/10\/2008"},"Teams":{"0":["Atl\u00e9tico de Madrid"],"1":["Atl\u00e9tico de Madrid"],"2":["Atl\u00e9tico de Madrid"],"3":["Atl\u00e9tico de Madrid"],"4":["Atl\u00e9tico de Madrid"],"5":["Atl\u00e9tico de Madrid"],"6":["Juventus de Tur\u00edn"]},"NumberOfMatches":{"0":"26","1":"4","2":"10","3":"27","4":"1","5":"3","6":"1"},"Player":{"0":"Tiago Mendes","1":"Tiago Mendes","2":"Tiago Mendes","3":"Tiago Mendes","4":"Tiago Mendes","5":"Tiago Mendes","6":"Tiago Mendes"}}