{"Injury":{"0":"Lesi\u00f3n desconocida","1":"Lesi\u00f3n desconocida","2":"Lesi\u00f3n desconocida","3":"Problemas de rodilla","4":"D\u00e9ficit de entrenamiento","5":"Coronavirus","6":"Lesi\u00f3n desconocida","7":"Lesi\u00f3n desconocida","8":"Lesi\u00f3n desconocida","9":"Lesi\u00f3n desconocida","10":"Lesi\u00f3n desconocida","11":"Lesi\u00f3n desconocida","12":"Lesi\u00f3n desconocida","13":"Lesi\u00f3n desconocida","14":"Lesi\u00f3n desconocida","15":"Lesi\u00f3n desconocida","16":"Lesi\u00f3n desconocida","17":"Lesi\u00f3n desconocida","18":"Lesi\u00f3n desconocida"},"From":{"0":"26\/12\/2021","1":"26\/02\/2021","2":"29\/12\/2020","3":"19\/11\/2020","4":"04\/11\/2020","5":"19\/10\/2020","6":"23\/02\/2020","7":"11\/02\/2019","8":"12\/12\/2018","9":"24\/09\/2018","10":"15\/01\/2018","11":"27\/12\/2017","12":"19\/11\/2017","13":"15\/05\/2017","14":"06\/02\/2017","15":"20\/21","16":"17\/18","17":"16\/17","18":"16\/17"},"To":{"0":"07\/02\/2022","1":"28\/02\/2021","2":"13\/01\/2021","3":"23\/11\/2020","4":"09\/11\/2020","5":"04\/11\/2020","6":"14\/03\/2020","7":"17\/02\/2019","8":"23\/12\/2018","9":"02\/10\/2018","10":"28\/01\/2018","11":"29\/12\/2017","12":"29\/11\/2017","13":"04\/06\/2017","14":"13\/02\/2017","15":"19\/20","16":"16\/17","17":"09\/01\/2017","18":"29\/09\/2016"},"Teams":{"0":["MKE Ankarag\u00fcc\u00fc"],"1":["MKE Ankarag\u00fcc\u00fc"],"2":["MKE Ankarag\u00fcc\u00fc"],"3":["MKE Ankarag\u00fcc\u00fc"],"4":["MKE Ankarag\u00fcc\u00fc"],"5":["MKE Ankarag\u00fcc\u00fc"],"6":["MKE Ankarag\u00fcc\u00fc"],"7":["MKE Ankarag\u00fcc\u00fc"],"8":["MKE Ankarag\u00fcc\u00fc"],"9":["MKE Ankarag\u00fcc\u00fc"],"10":["Osmanlispor FK"],"11":["Osmanlispor FK"],"12":["Osmanlispor FK"],"13":["Osmanlispor FK","Portugal"],"14":["Osmanlispor FK"],"15":["Osmanlispor FK"],"16":["Osmanlispor FK","Portugal"],"17":["Osmanlispor FK"],"18":["Osmanlispor FK"]},"NumberOfMatches":{"0":"6","1":"1","2":"3","3":"1","4":"1","5":"2","6":"4","7":"2","8":"3","9":"2","10":"3","11":"1","12":"3","13":"4","14":"1","15":"2","16":"4","17":"1","18":"3"},"Player":{"0":"Tiago Pinto","1":"Tiago Pinto","2":"Tiago Pinto","3":"Tiago Pinto","4":"Tiago Pinto","5":"Tiago Pinto","6":"Tiago Pinto","7":"Tiago Pinto","8":"Tiago Pinto","9":"Tiago Pinto","10":"Tiago Pinto","11":"Tiago Pinto","12":"Tiago Pinto","13":"Tiago Pinto","14":"Tiago Pinto","15":"Tiago Pinto","16":"Tiago Pinto","17":"Tiago Pinto","18":"Tiago Pinto"}}