{"Injury":{"0":"Lesi\u00f3n muscular","1":"Lesi\u00f3n de pierna","2":"Golpe de muslo ","3":"Golpe de muslo ","4":"Lesi\u00f3n de pierna","5":"Golpe de muslo ","6":"Golpe de muslo ","7":"Golpe de muslo ","8":"Rotura del ligamento externo de la rodilla","9":"Lesi\u00f3n de muslo"},"From":{"0":"04\/09\/2023","1":"10\/09\/2022","2":"15\/04\/2022","3":"03\/02\/2022","4":"04\/09\/2021","5":"10\/05\/2021","6":"06\/04\/2021","7":"01\/02\/2020","8":"04\/07\/2018","9":"13\/05\/2017"},"To":{"0":"22\/09\/2023","1":"28\/10\/2022","2":"19\/04\/2022","3":"10\/02\/2022","4":"26\/09\/2021","5":"31\/05\/2021","6":"24\/04\/2021","7":"27\/02\/2020","8":"17\/10\/2018","9":"06\/08\/2017"},"Teams":{"0":["Olympique de Lyon"],"1":["RCD Mallorca"],"2":["Olympique de Lyon"],"3":["Olympique de Lyon"],"4":["Olympique de Lyon","Zimbabue"],"5":["Olympique de Lyon"],"6":["Olympique de Lyon"],"7":["Le Havre AC"],"8":["Djurg\u00e5rdens IF","Le Havre AC","Zimbabue"],"9":["Djurg\u00e5rdens IF","Zimbabue"]},"NumberOfMatches":{"0":"1","1":"8","2":"1","3":"1","4":"6","5":"2","6":"4","7":"4","8":"27","9":"11"},"Player":{"0":"Tino Kadewere","1":"Tino Kadewere","2":"Tino Kadewere","3":"Tino Kadewere","4":"Tino Kadewere","5":"Tino Kadewere","6":"Tino Kadewere","7":"Tino Kadewere","8":"Tino Kadewere","9":"Tino Kadewere"}}