{"Injury":{"0":"Lesi\u00f3n de muslo","1":"Fractura de la pierna","2":"Lesi\u00f3n de muslo","3":"Rotura de fibras","4":"Rotura de fibras","5":"Estiramiento de banda","6":"Lesi\u00f3n de pierna","7":"Esguince de tobillo","8":"Rotura de fibras","9":"Estiramiento de banda"},"From":{"0":"10\/12\/2021","1":"08\/12\/2019","2":"06\/10\/2019","3":"05\/11\/2018","4":"15\/08\/2018","5":"12\/04\/2016","6":"06\/02\/2015","7":"27\/04\/2014","8":"29\/02\/2012","9":"30\/11\/2010"},"To":{"0":"20\/12\/2021","1":"08\/04\/2020","2":"28\/10\/2019","3":"29\/11\/2018","4":"26\/09\/2018","5":"24\/04\/2016","6":"14\/02\/2015","7":"10\/05\/2014","8":"18\/03\/2012","9":"15\/01\/2011"},"Teams":{"0":["Deportivo Alav\u00e9s"],"1":["Deportivo Alav\u00e9s"],"2":["Deportivo Alav\u00e9s"],"3":["Deportivo Alav\u00e9s"],"4":["Deportivo Alav\u00e9s"],"5":["Villarreal CF"],"6":["Villarreal CF"],"7":["Villarreal CF"],"8":["RCD Mallorca"],"9":["RCD Mallorca"]},"NumberOfMatches":{"0":"3","1":"12","2":"2","3":"2","4":"5","5":"4","6":"2","7":"3","8":"3","9":"7"},"Player":{"0":"Tom\u00e1s Pina","1":"Tom\u00e1s Pina","2":"Tom\u00e1s Pina","3":"Tom\u00e1s Pina","4":"Tom\u00e1s Pina","5":"Tom\u00e1s Pina","6":"Tom\u00e1s Pina","7":"Tom\u00e1s Pina","8":"Tom\u00e1s Pina","9":"Tom\u00e1s Pina"}}