{"Injury":{"0":"Lesi\u00f3n de rodilla","1":"Problemas de rodilla","2":"Rotura del ligamento cruzado","3":"Lesi\u00f3n de muslo","4":"Distensi\u00f3n de muslo","5":"Sobrecarga","6":"Rotura de fibras","7":"Problemas de espalda"},"From":{"0":"11\/10\/2016","1":"06\/08\/2016","2":"09\/11\/2015","3":"23\/02\/2015","4":"05\/11\/2014","5":"14\/02\/2013","6":"14\/01\/2008","7":"17\/12\/2007"},"To":{"0":"11\/04\/2017","1":"26\/08\/2016","2":"04\/07\/2016","3":"07\/04\/2015","4":"08\/12\/2014","5":"01\/03\/2013","6":"13\/02\/2008","7":"28\/12\/2007"},"Teams":{"0":["Rayo Vallecano"],"1":["Rayo Vallecano"],"2":["Rayo Vallecano"],"3":["Rayo Vallecano"],"4":["Rayo Vallecano"],"5":["Granada CF"],"6":["Real Racing Club "],"7":["Real Racing Club "]},"NumberOfMatches":{"0":"25","1":"1","2":"31","3":"5","4":"5","5":"2","6":"7","7":"1"},"Player":{"0":"To\u00f1o","1":"To\u00f1o","2":"To\u00f1o","3":"To\u00f1o","4":"To\u00f1o","5":"To\u00f1o","6":"To\u00f1o","7":"To\u00f1o"}}