{"Injury":{"0":"Problemas del tend\u00f3n de Aquiles","1":"Lesi\u00f3n de hombro","2":"Coronavirus","3":"Lesi\u00f3n muscular"},"From":{"0":"27\/02\/2023","1":"15\/07\/2022","2":"17\/12\/2021","3":"04\/01\/2020"},"To":{"0":"30\/03\/2023","1":"13\/08\/2022","2":"29\/12\/2021","3":"31\/01\/2020"},"Teams":{"0":["Athletic Club","Espa\u00f1a"],"1":[],"2":["Athletic Club"],"3":["Athletic Club"]},"NumberOfMatches":{"0":"6","1":"-","2":"2","3":"5"},"Player":{"0":"Unai Sim\u00f3n","1":"Unai Sim\u00f3n","2":"Unai Sim\u00f3n","3":"Unai Sim\u00f3n"}}