{"Injury":{"0":"Problemas musculares","1":"Problemas musculares","2":"Problemas musculares","3":"Rotura de fibras"},"From":{"0":"15\/01\/2012","1":"14\/11\/2010","2":"25\/01\/2009","3":"28\/09\/2008"},"To":{"0":"28\/01\/2012","1":"12\/12\/2010","2":"25\/02\/2009","3":"07\/11\/2008"},"Teams":{"0":["Levante UD"],"1":["Levante UD","Cabo Verde"],"2":["RCD Espanyol"],"3":["RCD Espanyol","Cabo Verde"]},"NumberOfMatches":{"0":"4","1":"6","2":"6","3":"8"},"Player":{"0":"Valdo","1":"Valdo","2":"Valdo","3":"Valdo"}}