{"Injury":{"0":"F\u00e9mur desgarrado","1":"Lesi\u00f3n del m\u00fasculo flexor de la pierna","2":"Problemas de rodilla","3":"Coronavirus","4":"Virus intestinal","5":"Rotura del ligamento externo de la rodilla"},"From":{"0":"18\/11\/2023","1":"26\/08\/2023","2":"24\/05\/2023","3":"29\/12\/2021","4":"19\/12\/2020","5":"06\/03\/2019"},"To":{"0":"01\/01\/2024","1":"26\/09\/2023","2":"27\/05\/2023","3":"07\/01\/2022","4":"22\/12\/2020","5":"03\/05\/2019"},"Teams":{"0":["Real Madrid CF"],"1":["Real Madrid CF","Brasil"],"2":["Real Madrid CF"],"3":["Real Madrid CF"],"4":["Real Madrid CF"],"5":["Real Madrid CF","Brasil"]},"NumberOfMatches":{"0":"7","1":"6","2":"2","3":"2","4":"1","5":"11"},"Player":{"0":"Vinicius Junior","1":"Vinicius Junior","2":"Vinicius Junior","3":"Vinicius Junior","4":"Vinicius Junior","5":"Vinicius Junior"}}