{"Injury":{"0":"Lesi\u00f3n muscular","1":"Lesi\u00f3n muscular","2":"Lesi\u00f3n de rodilla","3":"Lesi\u00f3n inguinal","4":"Menisco desgarrado","5":"Artroscopia","6":"Rotura del ligamento cruzado"},"From":{"0":"08\/01\/2022","1":"13\/08\/2019","2":"24\/04\/2017","3":"23\/10\/2016","4":"22\/03\/2011","5":"27\/07\/2010","6":"02\/01\/2010"},"To":{"0":"17\/01\/2022","1":"30\/08\/2019","2":"08\/01\/2018","3":"30\/11\/2016","4":"01\/07\/2011","5":"21\/03\/2011","6":"01\/06\/2010"},"Teams":{"0":["Deportivo Alav\u00e9s"],"1":["Deportivo Alav\u00e9s"],"2":["Deportivo Alav\u00e9s"],"3":["Deportivo Alav\u00e9s"],"4":["Real Zaragoza","Espa\u00f1a Sub-21"],"5":["Real Zaragoza","Espa\u00f1a Sub-21"],"6":["Espa\u00f1a Sub-21"]},"NumberOfMatches":{"0":"1","1":"2","2":"27","3":"4","4":"18","5":"37","6":"1"},"Player":{"0":"V\u00edctor Laguardia","1":"V\u00edctor Laguardia","2":"V\u00edctor Laguardia","3":"V\u00edctor Laguardia","4":"V\u00edctor Laguardia","5":"V\u00edctor Laguardia","6":"V\u00edctor Laguardia"}}