{"Injury":{"0":"Lesi\u00f3n de muslo","1":"Rotura del ligamento cruzado","2":"Lesi\u00f3n de pantorrilla","3":"Inflamaci\u00f3n del pie","4":"Lesi\u00f3n de rodilla"},"From":{"0":"10\/02\/2016","1":"27\/03\/2014","2":"20\/11\/2013","3":"04\/05\/2013","4":"19\/02\/2011"},"To":{"0":"25\/02\/2016","1":"30\/11\/2014","2":"31\/12\/2013","3":"15\/05\/2013","4":"03\/03\/2011"},"Teams":{"0":["Standard de Lieja"],"1":["FC Barcelona","Sin equipoSin equipo","Espa\u00f1a"],"2":["FC Barcelona","Espa\u00f1a Sub-19"],"3":["FC Barcelona"],"4":["FC Barcelona"]},"NumberOfMatches":{"0":"2","1":"32","2":"9","3":"2","4":"3"},"Player":{"0":"V\u00edctor Vald\u00e9s","1":"V\u00edctor Vald\u00e9s","2":"V\u00edctor Vald\u00e9s","3":"V\u00edctor Vald\u00e9s","4":"V\u00edctor Vald\u00e9s"}}