{"Injury":{"0":"Rotura de fibras","1":"Rotura de fibras","2":"Problemas musculares","3":"Problemas musculares"},"From":{"0":"27\/02\/2011","1":"09\/10\/2010","2":"02\/12\/2009","3":"23\/11\/2008"},"To":{"0":"01\/04\/2011","1":"25\/11\/2010","2":"30\/12\/2009","3":"16\/12\/2008"},"Teams":{"0":["CA Osasuna","Uruguay"],"1":["CA Osasuna","Uruguay"],"2":["CA Osasuna"],"3":["CA Osasuna"]},"NumberOfMatches":{"0":"7","1":"10","2":"3","3":"4"},"Player":{"0":"Walter Pandiani","1":"Walter Pandiani","2":"Walter Pandiani","3":"Walter Pandiani"}}