{"Injury":{"0":"Irritaci\u00f3n del menisco","1":"D\u00e9ficit de entrenamiento","2":"Lesi\u00f3n muscular","3":"Rotura de fibras","4":"D\u00e9ficit de entrenamiento","5":"Lesi\u00f3n de rodilla","6":"Problemas musculares","7":"Problemas musculares","8":"Rotura de fibras","9":"Problemas de muslos","10":"Fractura de clav\u00edcula","11":"Rotura de fibras","12":"Edema de rodilla","13":"Menisco desgarrado","14":"Lesi\u00f3n muscular"},"From":{"0":"15\/09\/2016","1":"29\/02\/2016","2":"23\/01\/2016","3":"29\/08\/2015","4":"13\/01\/2015","5":"13\/12\/2014","6":"03\/04\/2014","7":"21\/02\/2014","8":"12\/01\/2014","9":"14\/11\/2013","10":"10\/08\/2013","11":"13\/11\/2011","12":"11\/08\/2011","13":"12\/07\/2011","14":"15\/03\/2010"},"To":{"0":"01\/02\/2017","1":"04\/03\/2016","2":"08\/02\/2016","3":"21\/09\/2015","4":"19\/01\/2015","5":"12\/01\/2015","6":"09\/04\/2014","7":"17\/03\/2014","8":"10\/02\/2014","9":"20\/11\/2013","10":"10\/10\/2013","11":"13\/12\/2011","12":"01\/11\/2011","13":"10\/08\/2011","14":"01\/06\/2010"},"Teams":{"0":["M\u00e1laga CF"],"1":["M\u00e1laga CF"],"2":["M\u00e1laga CF"],"3":["M\u00e1laga CF"],"4":["M\u00e1laga CF"],"5":["M\u00e1laga CF"],"6":["M\u00e1laga CF"],"7":["M\u00e1laga CF"],"8":["M\u00e1laga CF"],"9":[],"10":["M\u00e1laga CF"],"11":["M\u00e1laga CF"],"12":["M\u00e1laga CF"],"13":[],"14":["M\u00e1laga CF"]},"NumberOfMatches":{"0":"19","1":"1","2":"3","3":"3","4":"2","5":"6","6":"1","7":"4","8":"5","9":"-","10":"8","11":"5","12":"10","13":"-","14":"12"},"Player":{"0":"Weligton","1":"Weligton","2":"Weligton","3":"Weligton","4":"Weligton","5":"Weligton","6":"Weligton","7":"Weligton","8":"Weligton","9":"Weligton","10":"Weligton","11":"Weligton","12":"Weligton","13":"Weligton","14":"Weligton"}}