{"Injury":{"0":"Molestias en los aductores","1":"Lesi\u00f3n de muslo","2":"Lesi\u00f3n de tobillo","3":"Lesi\u00f3n de muslo"},"From":{"0":"07\/08\/2021","1":"13\/04\/2019","2":"13\/04\/2019","3":"20\/10\/2015"},"To":{"0":"06\/09\/2021","1":"24\/05\/2019","2":"23\/05\/2019","3":"31\/12\/2015"},"Teams":{"0":["Gamba Osaka"],"1":["Sport Club Internacional"],"2":["Sport Club Internacional"],"3":["Bolton Wanderers"]},"NumberOfMatches":{"0":"8","1":"10","2":"10","3":"13"},"Player":{"0":"Wellington Silva","1":"Wellington Silva","2":"Wellington Silva","3":"Wellington Silva"}}