{"Injury":{"0":"D\u00e9ficit de entrenamiento","1":"Lesi\u00f3n desconocida","2":"Lesi\u00f3n desconocida","3":"Lesi\u00f3n desconocida","4":"Lesi\u00f3n desconocida","5":"Lesi\u00f3n desconocida","6":"Lesi\u00f3n desconocida","7":"Lesi\u00f3n desconocida","8":"Problemas de muslos","9":"Fractura de clav\u00edcula","10":"Problemas de espalda","11":"Problemas de muslos","12":"Lesi\u00f3n de tobillo","13":"Operaci\u00f3n de ingle"},"From":{"0":"13\/01\/2017","1":"18\/04\/2016","2":"06\/02\/2016","3":"21\/01\/2016","4":"30\/11\/2015","5":"13\/09\/2015","6":"06\/04\/2015","7":"24\/01\/2015","8":"25\/08\/2012","9":"19\/03\/2012","10":"23\/10\/2011","11":"30\/04\/2011","12":"13\/07\/2010","13":"11\/05\/2008"},"To":{"0":"23\/01\/2017","1":"19\/05\/2016","2":"28\/02\/2016","3":"29\/01\/2016","4":"03\/12\/2015","5":"19\/09\/2015","6":"17\/04\/2015","7":"28\/01\/2015","8":"06\/10\/2012","9":"19\/05\/2012","10":"06\/11\/2011","11":"16\/06\/2011","12":"13\/08\/2010","13":"11\/12\/2008"},"Teams":{"0":["Kayserispor"],"1":["Mersin Idmanyurdu"],"2":["Mersin Idmanyurdu"],"3":["Mersin Idmanyurdu"],"4":["Mersin Idmanyurdu"],"5":["Mersin Idmanyurdu"],"6":["Mersin Idmanyurdu"],"7":["Mersin Idmanyurdu"],"8":[" FC Spartak de Mosc\u00fa"],"9":[" FC Spartak de Mosc\u00fa"],"10":[" FC Spartak de Mosc\u00fa"],"11":[" FC Spartak de Mosc\u00fa"],"12":[" FC Spartak de Mosc\u00fa"],"13":[" FC Spartak de Mosc\u00fa"]},"NumberOfMatches":{"0":"3","1":"5","2":"5","3":"2","4":"1","5":"1","6":"1","7":"2","8":"9","9":"10","10":"3","11":"8","12":"5","13":"30"},"Player":{"0":"Welliton","1":"Welliton","2":"Welliton","3":"Welliton","4":"Welliton","5":"Welliton","6":"Welliton","7":"Welliton","8":"Welliton","9":"Welliton","10":"Welliton","11":"Welliton","12":"Welliton","13":"Welliton"}}