{"Injury":{"0":"Lesi\u00f3n de tobillo","1":"Lesi\u00f3n de pie","2":"Problemas musculares","3":"Problemas de rodilla","4":"Problemas de tobillo","5":"Lesi\u00f3n de rodilla"},"From":{"0":"06\/02\/2020","1":"07\/11\/2018","2":"08\/05\/2016","3":"22\/01\/2016","4":"23\/10\/2015","5":"02\/04\/2015"},"To":{"0":"20\/02\/2020","1":"09\/11\/2018","2":"31\/05\/2016","3":"29\/01\/2016","4":"27\/10\/2015","5":"16\/04\/2015"},"Teams":{"0":["Royal Amberes FC"],"1":[],"2":["SS Lazio"],"3":["SS Lazio"],"4":["SS Lazio"],"5":["AZ Alkmaar"]},"NumberOfMatches":{"0":"3","1":"-","2":"2","3":"1","4":"1","5":"2"},"Player":{"0":"Wesley Hoedt","1":"Wesley Hoedt","2":"Wesley Hoedt","3":"Wesley Hoedt","4":"Wesley Hoedt","5":"Wesley Hoedt"}}