{"Injury":{"0":"Lesi\u00f3n desconocida","1":"Inflamaci\u00f3n del tend\u00f3n del b\u00edceps en el muslo","2":"Problemas musculares","3":"Enfermo","4":"Problemas musculares","5":"Lesi\u00f3n muscular","6":"Fractura del hueso nasal","7":"Lesi\u00f3n de muslo","8":"Lesi\u00f3n de pierna","9":"Problemas musculares","10":"Lesi\u00f3n de muslo","11":"Infecci\u00f3n gripal","12":"Problemas de muslos","13":"Herida menor","14":"Lesi\u00f3n muscular","15":"Lesi\u00f3n en la espinilla"},"From":{"0":"15\/02\/2024","1":"27\/11\/2023","2":"27\/12\/2020","3":"14\/06\/2020","4":"24\/02\/2020","5":"03\/10\/2019","6":"16\/04\/2019","7":"31\/01\/2019","8":"11\/09\/2018","9":"06\/04\/2018","10":"20\/03\/2018","11":"24\/02\/2018","12":"05\/02\/2018","13":"30\/10\/2017","14":"14\/08\/2017","15":"20\/21"},"To":{"0":"19\/02\/2024","1":"14\/12\/2023","2":"11\/01\/2021","3":"20\/06\/2020","4":"24\/05\/2020","5":"06\/02\/2020","6":"11\/05\/2019","7":"06\/02\/2019","8":"28\/09\/2018","9":"03\/05\/2018","10":"03\/04\/2018","11":"28\/02\/2018","12":"09\/02\/2018","13":"15\/11\/2017","14":"24\/08\/2017","15":"19\/20"},"Teams":{"0":["Real Betis Balompi\u00e9"],"1":["Real Betis Balompi\u00e9"],"2":["Real Betis Balompi\u00e9"],"3":["Real Betis Balompi\u00e9"],"4":["Real Betis Balompi\u00e9"],"5":["Real Betis Balompi\u00e9","Portugal"],"6":["Real Betis Balompi\u00e9"],"7":["Real Betis Balompi\u00e9"],"8":["Real Betis Balompi\u00e9"],"9":["Sporting de Lisboa"],"10":["Sporting de Lisboa","Portugal"],"11":["Sporting de Lisboa"],"12":["Sporting de Lisboa"],"13":["Sporting de Lisboa","Portugal"],"14":["Sporting de Lisboa"],"15":["Sporting de Lisboa","Portugal"]},"NumberOfMatches":{"0":"2","1":"5","2":"4","3":"2","4":"2","5":"22","6":"4","7":"1","8":"4","9":"6","10":"3","11":"1","12":"1","13":"4","14":"3","15":"11"},"Player":{"0":"William Carvalho","1":"William Carvalho","2":"William Carvalho","3":"William Carvalho","4":"William Carvalho","5":"William Carvalho","6":"William Carvalho","7":"William Carvalho","8":"William Carvalho","9":"William Carvalho","10":"William Carvalho","11":"William Carvalho","12":"William Carvalho","13":"William Carvalho","14":"William Carvalho","15":"William Carvalho"}}