{"Injury":{"0":"Lesi\u00f3n del aductor","1":"Lesi\u00f3n de muslo","2":"Esguince de tobillo","3":"Lesi\u00f3n de tobillo"},"From":{"0":"19\/02\/2018","1":"16\/02\/2015","2":"03\/04\/2014","3":"21\/01\/2010"},"To":{"0":"11\/05\/2018","1":"21\/02\/2015","2":"01\/05\/2014","3":"01\/03\/2010"},"Teams":{"0":["Real Sociedad"],"1":[],"2":["Real Sociedad"],"3":["Real Sociedad"]},"NumberOfMatches":{"0":"13","1":"-","2":"4","3":"6"},"Player":{"0":"Xabi Prieto","1":"Xabi Prieto","2":"Xabi Prieto","3":"Xabi Prieto"}}