{"Injury":{"0":"Problemas musculares","1":"Herida menor","2":"Magulladuras en las costillas","3":"Problemas de muslos","4":"Lesi\u00f3n de tobillo","5":"Problemas de tobillo","6":"Fractura metatarsiana","7":"Lesi\u00f3n de tobillo","8":"Contusi\u00f3n","9":"Fractura del pie","10":"Lesi\u00f3n desconocida"},"From":{"0":"02\/12\/2016","1":"18\/08\/2016","2":"09\/05\/2016","3":"12\/02\/2015","4":"15\/12\/2014","5":"01\/09\/2014","6":"22\/08\/2013","7":"05\/01\/2009","8":"29\/10\/2007","9":"17\/09\/2007","10":"01\/01\/2005"},"To":{"0":"07\/12\/2016","1":"21\/08\/2016","2":"19\/05\/2016","3":"16\/02\/2015","4":"22\/12\/2014","5":"11\/09\/2014","6":"31\/10\/2013","7":"19\/01\/2009","8":"01\/11\/2007","9":"25\/10\/2007","10":"12\/04\/2005"},"Teams":{"0":["Bayern M\u00fanich"],"1":["Bayern M\u00fanich"],"2":["Bayern M\u00fanich"],"3":["Bayern M\u00fanich"],"4":["Bayern M\u00fanich"],"5":["Espa\u00f1a"],"6":["Real Madrid CF","Espa\u00f1a"],"7":["Liverpool FC"],"8":["Liverpool FC"],"9":["Liverpool FC","Espa\u00f1a"],"10":["Liverpool FC","Espa\u00f1a"]},"NumberOfMatches":{"0":"2","1":"1","2":"1","3":"1","4":"2","5":"4","6":"21","7":"2","8":"1","9":"11","10":"24"},"Player":{"0":"Xabi Alonso","1":"Xabi Alonso","2":"Xabi Alonso","3":"Xabi Alonso","4":"Xabi Alonso","5":"Xabi Alonso","6":"Xabi Alonso","7":"Xabi Alonso","8":"Xabi Alonso","9":"Xabi Alonso","10":"Xabi Alonso"}}