{"Injury":{"0":"Lesi\u00f3n muscular","1":"D\u00e9ficit de entrenamiento","2":"Lesi\u00f3n de tobillo","3":"Lesi\u00f3n de muslo","4":"Problemas de muslos","5":"Lesi\u00f3n de pantorrilla","6":"Lesi\u00f3n muscular","7":"Lesi\u00f3n muscular","8":"Contusi\u00f3n","9":"Contusi\u00f3n","10":"Lesi\u00f3n de rodilla","11":"Lesi\u00f3n de muslo","12":"Lesi\u00f3n de pie","13":"Lesi\u00f3n de pie","14":"Fractura metatarsiana","15":"Lesi\u00f3n de muslo","16":"Lesi\u00f3n de muslo"},"From":{"0":"13\/09\/2023","1":"18\/08\/2023","2":"06\/08\/2022","3":"08\/02\/2022","4":"22\/10\/2021","5":"18\/02\/2021","6":"13\/07\/2020","7":"02\/06\/2020","8":"12\/01\/2020","9":"06\/12\/2019","10":"20\/10\/2019","11":"26\/03\/2019","12":"27\/01\/2019","13":"30\/07\/2018","14":"11\/08\/2017","15":"22\/23","16":"19\/20"},"To":{"0":"29\/10\/2023","1":"23\/08\/2023","2":"31\/10\/2022","3":"11\/04\/2022","4":"30\/11\/2021","5":"12\/03\/2021","6":"12\/09\/2020","7":"30\/06\/2020","8":"17\/01\/2020","9":"14\/12\/2019","10":"02\/11\/2019","11":"12\/05\/2019","12":"25\/02\/2019","13":"20\/10\/2018","14":"20\/10\/2017","15":"21\/22","16":"18\/19"},"Teams":{"0":["Fiorentina"],"1":["Fiorentina"],"2":["Everton FC"],"3":["Everton FC"],"4":["Everton FC"],"5":["Everton FC"],"6":["Everton FC"],"7":["Everton FC"],"8":[],"9":["Everton FC"],"10":["Everton FC"],"11":["Everton FC"],"12":["Everton FC"],"13":["FC Barcelona","Everton FC","Colombia"],"14":["SE Palmeiras","Colombia"],"15":["SE Palmeiras","Colombia"],"16":["SE Palmeiras"]},"NumberOfMatches":{"0":"9","1":"1","2":"14","3":"12","4":"5","5":"4","6":"3","7":"2","8":"-","9":"1","10":"2","11":"7","12":"4","13":"26","14":"14","15":"4","16":"7"},"Player":{"0":"Yerry Mina","1":"Yerry Mina","2":"Yerry Mina","3":"Yerry Mina","4":"Yerry Mina","5":"Yerry Mina","6":"Yerry Mina","7":"Yerry Mina","8":"Yerry Mina","9":"Yerry Mina","10":"Yerry Mina","11":"Yerry Mina","12":"Yerry Mina","13":"Yerry Mina","14":"Yerry Mina","15":"Yerry Mina","16":"Yerry Mina"}}