{"Injury":{"0":"Problemas musculares","1":"Lesi\u00f3n de muslo","2":"Desgarro del aductor","3":"Problemas de rodilla","4":"Lesi\u00f3n muscular"},"From":{"0":"10\/11\/2023","1":"16\/10\/2023","2":"18\/02\/2023","3":"01\/03\/2022","4":"24\/04\/2021"},"To":{"0":"01\/12\/2023","1":"01\/11\/2023","2":"01\/03\/2023","3":"19\/03\/2022","4":"22\/05\/2022"},"Teams":{"0":["Levante UD"],"1":["Levante UD"],"2":["Levante UD"],"3":["CD Tenerife"],"4":["CD Tenerife"]},"NumberOfMatches":{"0":"3","1":"4","2":"2","3":"2","4":"50"},"Player":{"0":"\u00c1lex Mu\u00f1oz","1":"\u00c1lex Mu\u00f1oz","2":"\u00c1lex Mu\u00f1oz","3":"\u00c1lex Mu\u00f1oz","4":"\u00c1lex Mu\u00f1oz"}}