{"Injury":{"0":"Rotura del ligamento cruzado","1":" Dolores musculares","2":"Problemas de rodilla","3":"Lesi\u00f3n del aductor","4":"Lesi\u00f3n muscular"},"From":{"0":"02\/02\/2022","1":"15\/09\/2021","2":"11\/01\/2020","3":"24\/09\/2019","4":"06\/03\/2018"},"To":{"0":"02\/12\/2022","1":"01\/01\/2022","2":"29\/01\/2020","3":"15\/10\/2019","4":"23\/03\/2018"},"Teams":{"0":["CD Lugo"],"1":["CD Lugo"],"2":["Arminia Bielefeld"],"3":["Arminia Bielefeld"],"4":["Real Sporting de Gij\u00f3n"]},"NumberOfMatches":{"0":"35","1":"17","2":"1","3":"2","4":"2"},"Player":{"0":"\u00c1lex P\u00e9rez","1":"\u00c1lex P\u00e9rez","2":"\u00c1lex P\u00e9rez","3":"\u00c1lex P\u00e9rez","4":"\u00c1lex P\u00e9rez"}}