{"Injury":{"0":"Rotura del ligamento cruzado","1":"Rotura del ligamento cruzado","2":"Lesi\u00f3n de espalda","3":"Infecci\u00f3n gripal","4":"Enfermo"},"From":{"0":"26\/07\/2023","1":"23\/07\/2023","2":"16\/02\/2020","3":"11\/01\/2020","4":"30\/11\/2019"},"To":{"0":"-","1":"23\/01\/2014","2":"24\/10\/2020","3":"18\/01\/2020","4":"02\/12\/2019"},"Teams":{"0":["Real Oviedo"],"1":[],"2":["Villarreal CF B"],"3":["Villarreal CF B"],"4":["Villarreal CF B"]},"NumberOfMatches":{"0":"30","1":"?","2":"6","3":"2","4":"1"},"Player":{"0":"\u00c1lex Mill\u00e1n","1":"\u00c1lex Mill\u00e1n","2":"\u00c1lex Mill\u00e1n","3":"\u00c1lex Mill\u00e1n","4":"\u00c1lex Mill\u00e1n"}}