{"Injury":{"0":"Lesi\u00f3n desconocida","1":"Lesi\u00f3n de muslo","2":"Lesi\u00f3n de hombro","3":"Fractura de peron\u00e9","4":"Lesi\u00f3n de tobillo"},"From":{"0":"19\/11\/2016","1":"14\/01\/2015","2":"13\/05\/2011","3":"22\/02\/2009","4":"20\/01\/2008"},"To":{"0":"08\/12\/2016","1":"05\/03\/2015","2":"20\/09\/2011","3":"22\/07\/2009","4":"06\/02\/2008"},"Teams":{"0":["Venezia FC"],"1":["Udinese"],"2":["Granada CF"],"3":[],"4":["Levante UD"]},"NumberOfMatches":{"0":"5","1":"7","2":"12","3":"-","4":"3"},"Player":{"0":"\u00c1lex Geijo","1":"\u00c1lex Geijo","2":"\u00c1lex Geijo","3":"\u00c1lex Geijo","4":"\u00c1lex Geijo"}}