{"Injury":{"0":"Lesi\u00f3n de pierna","1":"Lesi\u00f3n desconocida","2":"Fractura del arco del ojo","3":"Lesi\u00f3n de rodilla","4":"Fractura metatarsiana","5":"Lesi\u00f3n muscular","6":"Lesi\u00f3n del aductor","7":"Problemas de ci\u00e1tica","8":"Fiebre"},"From":{"0":"19\/11\/2020","1":"29\/04\/2018","2":"18\/03\/2018","3":"14\/03\/2015","4":"18\/07\/2014","5":"20\/11\/2012","6":"26\/02\/2012","7":"03\/10\/2011","8":"18\/10\/2009"},"To":{"0":"02\/12\/2020","1":"20\/05\/2018","2":"28\/03\/2018","3":"20\/03\/2015","4":"18\/10\/2014","5":"07\/12\/2012","6":"22\/03\/2012","7":"22\/10\/2011","8":"22\/10\/2009"},"Teams":{"0":["C\u00e1diz CF"],"1":["Besiktas JK"],"2":["Besiktas JK"],"3":["Valencia CF"],"4":["Manchester City","Valencia CF","Espa\u00f1a"],"5":["Sevilla FC"],"6":["Sevilla FC","Espa\u00f1a"],"7":["Sevilla FC","Espa\u00f1a"],"8":["Sevilla FC"]},"NumberOfMatches":{"0":"2","1":"5","2":"1","3":"1","4":"21","5":"4","6":"6","7":"5","8":"1"},"Player":{"0":"\u00c1lvaro Negredo","1":"\u00c1lvaro Negredo","2":"\u00c1lvaro Negredo","3":"\u00c1lvaro Negredo","4":"\u00c1lvaro Negredo","5":"\u00c1lvaro Negredo","6":"\u00c1lvaro Negredo","7":"\u00c1lvaro Negredo","8":"\u00c1lvaro Negredo"}}