{"Injury":{"0":"Extensi\u00f3n del ligamento interno de la rodilla ","1":"Rotura de fibras","2":"Molestias en los aductores","3":"Enfermedad viral","4":"Problemas musculares","5":"Lesi\u00f3n muscular","6":"Problemas de rodilla","7":"Lesi\u00f3n de rodilla","8":"Lesi\u00f3n de muslo","9":"Lesi\u00f3n de rodilla","10":"Lesi\u00f3n de espalda","11":"Lesi\u00f3n de muslo","12":"Problemas del tend\u00f3n de Aquiles","13":"Herida menor","14":"Herida menor","15":"Lesi\u00f3n de pierna","16":"Lesi\u00f3n muscular","17":"Rotura del m\u00fasculo de la pantorrilla","18":"Rotura del ligamento lateral interno","19":"Lesi\u00f3n de rodilla"},"From":{"0":"11\/02\/2024","1":"26\/09\/2021","2":"19\/09\/2021","3":"26\/02\/2021","4":"03\/01\/2021","5":"02\/02\/2020","6":"22\/01\/2020","7":"28\/08\/2019","8":"09\/01\/2019","9":"14\/12\/2018","10":"19\/01\/2018","11":"30\/09\/2017","12":"17\/11\/2016","13":"14\/11\/2016","14":"02\/05\/2016","15":"21\/22","16":"18\/19","17":"15\/16","18":"12\/10\/2015","19":"21\/09\/2015"},"To":{"0":"20\/02\/2024","1":"16\/10\/2021","2":"22\/09\/2021","3":"01\/03\/2021","4":"09\/01\/2021","5":"12\/02\/2020","6":"24\/01\/2020","7":"18\/09\/2019","8":"20\/01\/2019","9":"29\/12\/2018","10":"09\/02\/2018","11":"18\/10\/2017","12":"05\/12\/2016","13":"14\/11\/2016","14":"12\/05\/2016","15":"20\/21","16":"17\/18","17":"14\/15","18":"19\/10\/2015","19":"24\/09\/2015"},"Teams":{"0":["Atl\u00e9tico de Madrid"],"1":["Juventus de Tur\u00edn","Espa\u00f1a"],"2":["Juventus de Tur\u00edn"],"3":["Juventus de Tur\u00edn"],"4":["Juventus de Tur\u00edn"],"5":["Atl\u00e9tico de Madrid"],"6":["Atl\u00e9tico de Madrid"],"7":["Atl\u00e9tico de Madrid","Espa\u00f1a"],"8":["Chelsea FC"],"9":["Chelsea FC"],"10":["Chelsea FC"],"11":["Chelsea FC","Espa\u00f1a"],"12":["Real Madrid CF"],"13":[],"14":["Juventus de Tur\u00edn"],"15":["Juventus de Tur\u00edn"],"16":["Juventus de Tur\u00edn"],"17":["Juventus de Tur\u00edn"],"18":["Juventus de Tur\u00edn","Espa\u00f1a"],"19":["Juventus de Tur\u00edn"]},"NumberOfMatches":{"0":"3","1":"5","2":"2","3":"1","4":"2","5":"1","6":"1","7":"5","8":"2","9":"4","10":"5","11":"5","12":"5","13":"-","14":"1","15":"1","16":"1","17":"2","18":"4","19":"1"},"Player":{"0":"\u00c1lvaro Morata","1":"\u00c1lvaro Morata","2":"\u00c1lvaro Morata","3":"\u00c1lvaro Morata","4":"\u00c1lvaro Morata","5":"\u00c1lvaro Morata","6":"\u00c1lvaro Morata","7":"\u00c1lvaro Morata","8":"\u00c1lvaro Morata","9":"\u00c1lvaro Morata","10":"\u00c1lvaro Morata","11":"\u00c1lvaro Morata","12":"\u00c1lvaro Morata","13":"\u00c1lvaro Morata","14":"\u00c1lvaro Morata","15":"\u00c1lvaro Morata","16":"\u00c1lvaro Morata","17":"\u00c1lvaro Morata","18":"\u00c1lvaro Morata","19":"\u00c1lvaro Morata"}}