{"Injury":{"0":"Problemas de rodilla","1":"Esguince de la articulaci\u00f3n del tobillo","2":"Lesi\u00f3n de pie","3":"Cuarentena","4":"Cuarentena","5":"Herida menor","6":"Problemas card\u00edacos"},"From":{"0":"26\/09\/2023","1":"15\/08\/2023","2":"09\/03\/2022","3":"07\/08\/2020","4":"07\/08\/2020","5":"02\/11\/2015","6":"14\/06\/2014"},"To":{"0":"30\/09\/2023","1":"25\/08\/2023","2":"14\/03\/2022","3":"21\/08\/2020","4":"21\/08\/2020","5":"05\/11\/2015","6":"31\/12\/2014"},"Teams":{"0":["Atl\u00e9tico de Madrid"],"1":["Atl\u00e9tico de Madrid"],"2":["Atl\u00e9tico de Madrid"],"3":["Atl\u00e9tico de Madrid"],"4":["Atl\u00e9tico de Madrid"],"5":["Atl\u00e9tico de Madrid"],"6":["CA San Lorenzo de Almagro","Argentina"]},"NumberOfMatches":{"0":"1","1":"1","2":"1","3":"1","4":"1","5":"1","6":"40"},"Player":{"0":"\u00c1ngel Correa","1":"\u00c1ngel Correa","2":"\u00c1ngel Correa","3":"\u00c1ngel Correa","4":"\u00c1ngel Correa","5":"\u00c1ngel Correa","6":"\u00c1ngel Correa"}}