{"Injury":{"0":"Lesi\u00f3n muscular","1":"Traumatismo","2":"Problemas de tobillo","3":"Problemas de muslos","4":"Problemas de pantorrillas","5":"Problemas de tobillo","6":"Lesi\u00f3n del m\u00fasculo flexor de la pierna","7":"Lesi\u00f3n del aductor","8":"Lesi\u00f3n del aductor","9":"Coronavirus","10":"D\u00e9ficit de entrenamiento","11":"Problemas de muslos","12":"Coronavirus","13":"Lesi\u00f3n de muslo","14":"Problemas de muslos","15":"Lesi\u00f3n de muslo","16":"Problemas musculares","17":"Problemas musculares","18":"Lesi\u00f3n de muslo","19":"Molestias en los aductores","20":"Lesi\u00f3n de muslo","21":"Golpe de muslo ","22":"Lesi\u00f3n de muslo","23":"Desgarro muscular","24":"Lesi\u00f3n inguinal","25":"Gastroenteritis gripal","26":"Lesi\u00f3n de muslo","27":"Desgarro muscular","28":"Desgarro muscular","29":"Problemas de pantorrillas"},"From":{"0":"05\/10\/2023","1":"23\/09\/2023","2":"29\/04\/2023","3":"09\/03\/2023","4":"07\/01\/2023","5":"02\/01\/2023","6":"13\/10\/2022","7":"01\/09\/2022","8":"15\/08\/2022","9":"06\/01\/2022","10":"12\/07\/2021","11":"08\/02\/2021","12":"03\/09\/2020","13":"18\/03\/2019","14":"26\/03\/2018","15":"22\/23","16":"18\/19","17":"15\/16","18":"12\/13","19":"17\/18","20":"16\/17","21":"16\/17","22":"16\/17","23":"15\/16","24":"15\/16","25":"14\/15","26":"14\/15","27":"14\/15","28":"13\/14","29":"13\/14"},"To":{"0":"26\/10\/2023","1":"26\/09\/2023","2":"02\/05\/2023","3":"14\/03\/2023","4":"11\/01\/2023","5":"05\/01\/2023","6":"03\/11\/2022","7":"12\/09\/2022","8":"01\/09\/2022","9":"13\/01\/2022","10":"16\/08\/2021","11":"04\/03\/2021","12":"10\/09\/2020","13":"22\/04\/2019","14":"29\/03\/2018","15":"21\/22","16":"17\/18","17":"14\/15","18":"11\/12","19":"07\/09\/2017","20":"27\/02\/2017","21":"16\/02\/2017","22":"21\/11\/2016","23":"13\/06\/2016","24":"06\/07\/2015","25":"07\/05\/2015","26":"01\/12\/2014","27":"07\/07\/2014","28":"08\/05\/2014","29":"31\/03\/2014"},"Teams":{"0":["SL Benfica"],"1":["SL Benfica"],"2":["Juventus de Tur\u00edn"],"3":["Juventus de Tur\u00edn"],"4":["Juventus de Tur\u00edn"],"5":["Juventus de Tur\u00edn"],"6":["Juventus de Tur\u00edn"],"7":["Juventus de Tur\u00edn"],"8":["Juventus de Tur\u00edn"],"9":["Par\u00eds Saint-Germain FC"],"10":["Par\u00eds Saint-Germain FC"],"11":["Par\u00eds Saint-Germain FC"],"12":["Par\u00eds Saint-Germain FC"],"13":["Par\u00eds Saint-Germain FC","Argentina"],"14":["Argentina"],"15":["Par\u00eds Saint-Germain FC"],"16":["Par\u00eds Saint-Germain FC"],"17":["Par\u00eds Saint-Germain FC"],"18":["Par\u00eds Saint-Germain FC"],"19":["Argentina"],"20":["Manchester United","Par\u00eds Saint-Germain FC"],"21":["Manchester United"],"22":["Manchester United"],"23":["Argentina"],"24":["Real Madrid CF"],"25":["Real Madrid CF"],"26":["Real Madrid CF"],"27":["Real Madrid CF","Argentina"],"28":["Real Madrid CF","Argentina"],"29":["SL Benfica","Argentina"]},"NumberOfMatches":{"0":"3","1":"1","2":"1","3":"2","4":"1","5":"1","6":"5","7":"3","8":"4","9":"1","10":"3","11":"6","12":"1","13":"8","14":"1","15":"4","16":"2","17":"1","18":"4","19":"3","20":"8","21":"1","22":"2","23":"2","24":"1","25":"1","26":"2","27":"7","28":"4","29":"7"},"Player":{"0":"\u00c1ngel Di Mar\u00eda","1":"\u00c1ngel Di Mar\u00eda","2":"\u00c1ngel Di Mar\u00eda","3":"\u00c1ngel Di Mar\u00eda","4":"\u00c1ngel Di Mar\u00eda","5":"\u00c1ngel Di Mar\u00eda","6":"\u00c1ngel Di Mar\u00eda","7":"\u00c1ngel Di Mar\u00eda","8":"\u00c1ngel Di Mar\u00eda","9":"\u00c1ngel Di Mar\u00eda","10":"\u00c1ngel Di Mar\u00eda","11":"\u00c1ngel Di Mar\u00eda","12":"\u00c1ngel Di Mar\u00eda","13":"\u00c1ngel Di Mar\u00eda","14":"\u00c1ngel Di Mar\u00eda","15":"\u00c1ngel Di Mar\u00eda","16":"\u00c1ngel Di Mar\u00eda","17":"\u00c1ngel Di Mar\u00eda","18":"\u00c1ngel Di Mar\u00eda","19":"\u00c1ngel Di Mar\u00eda","20":"\u00c1ngel Di Mar\u00eda","21":"\u00c1ngel Di Mar\u00eda","22":"\u00c1ngel Di Mar\u00eda","23":"\u00c1ngel Di Mar\u00eda","24":"\u00c1ngel Di Mar\u00eda","25":"\u00c1ngel Di Mar\u00eda","26":"\u00c1ngel Di Mar\u00eda","27":"\u00c1ngel Di Mar\u00eda","28":"\u00c1ngel Di Mar\u00eda","29":"\u00c1ngel Di Mar\u00eda"}}