{"Injury":{"0":"Lesi\u00f3n desconocida","1":"Lesi\u00f3n muscular","2":"Lesi\u00f3n de espalda","3":"Lesi\u00f3n de espalda","4":"Lesi\u00f3n de espalda","5":"Distensi\u00f3n inguinal","6":"Lesi\u00f3n de pierna","7":"Lesi\u00f3n de tobillo"},"From":{"0":"07\/03\/2023","1":"31\/01\/2021","2":"12\/07\/2020","3":"04\/10\/2019","4":"25\/08\/2019","5":"28\/04\/2019","6":"24\/02\/2014","7":"01\/09\/2013"},"To":{"0":"26\/04\/2023","1":"17\/02\/2021","2":"20\/10\/2020","3":"06\/11\/2019","4":"01\/09\/2019","5":"11\/05\/2019","6":"19\/04\/2014","7":"28\/09\/2013"},"Teams":{"0":["Villarreal CF"],"1":["Villarreal CF"],"2":["Watford FC"],"3":["Watford FC"],"4":["Watford FC"],"5":["Watford FC"],"6":["Tottenham Hotspur","Francia"],"7":["Tottenham Hotspur","Francia"]},"NumberOfMatches":{"0":"8","1":"3","2":"10","3":"5","4":"2","5":"1","6":"17","7":"14"},"Player":{"0":"\u00c9tienne Capoue","1":"\u00c9tienne Capoue","2":"\u00c9tienne Capoue","3":"\u00c9tienne Capoue","4":"\u00c9tienne Capoue","5":"\u00c9tienne Capoue","6":"\u00c9tienne Capoue","7":"\u00c9tienne Capoue"}}