{"Injury":{"0":"Lesi\u00f3n de muslo","1":"Coronavirus","2":"Lesi\u00f3n muscular","3":"Lesi\u00f3n muscular","4":"Lesi\u00f3n de muslo"},"From":{"0":"24\/02\/2023","1":"28\/04\/2022","2":"01\/08\/2021","3":"23\/07\/2021","4":"23\/10\/2020"},"To":{"0":"12\/05\/2023","1":"05\/05\/2022","2":"24\/08\/2021","3":"30\/07\/2021","4":"06\/11\/2020"},"Teams":{"0":["RC Celta de Vigo"],"1":["FC Barcelona"],"2":["FC Barcelona"],"3":["Espa\u00f1a Ol\u00edmpica"],"4":["FC Barcelona B","FC Barcelona"]},"NumberOfMatches":{"0":"11","1":"1","2":"2","3":"2","4":"2"},"Player":{"0":"\u00d3scar Mingueza","1":"\u00d3scar Mingueza","2":"\u00d3scar Mingueza","3":"\u00d3scar Mingueza","4":"\u00d3scar Mingueza"}}